issue_id,wp_id,title,kind,priority,confidence,evidence_state,status,source_refs,problem,impact,change,acceptance,verification_command,test_to_add,observed_verification,compatibility,migration,review_verdict,review_notes,counterevidence,graph_evidence,symbols,known_or_new,effort,candidate_dependencies,target_files,base_sha,implementation_sha,verification_evidence
ARC-A01,WP01,Recipe wire validation and typed expression checking maintain drifting call registries,contract,P2,high,implemented; focused and integration verification passed,done,internal/dataframe/recipe/document_validation.go:222-259; internal/dataframe/expression/expression_checking.go:181-366,"recipe.call validation uses a small arity-only callArities allowlist, while expression.inferCall also supports fallback, not, and/or, comparisons, and other typed operations. A change to one registry does not change the other, and an operation accepted by the backend-neutral expression checker can be rejected before it can be persisted as a recipe.","Persisted recipe authors and the existing GraphQL/expression frontend get different operator capabilities and error behavior. New operators can silently become one-frontend-only, making translation/version compatibility hard to reason about.","Define a compiler-owned operator capability profile at the recipe boundary: either share the operator/type/arity records with expression checking and lowering, or explicitly version and test the recipe-only subset. Do not claim parity until every documented call has an acceptance/lowering test or an explicit unsupported diagnostic.","Every operation reported as supported by the expression checker is either accepted and lowered from a persisted recipe or appears in one explicit, versioned unsupported list; a table-driven parity test passes for both cases.","GOCACHE=""$PWD/.gocache"" GOTOOLCHAIN=go1.26.5 go test -count=1 ./internal/dataframe/recipe ./internal/dataframe/expression ./internal/dataframe/semantic","Source-only; discovery reports recipe, expression, and semantic tests green. Add a table-driven recipe-parse, type-check, lower, and render matrix for all capability entries and rejections.","Focused compiler and recipe tests, direct-importer tests, repository gates, verify-fast, and verify-full passed at 4631c5225d727b2bd54b48e888f26d918eb5a630.",additive,"Allowing additional calls is additive for stored recipes, but newly accepted calls need renderer/version compatibility. If the narrower profile is retained, document it and leave existing stored bytes unchanged.",accept,"The persisted-wire validator rejects any call absent from callArities, while the expression checker and physical call renderer accept fallback, not/and/or, comparisons, and contains. BuildRecipePlan reaches expression.Check only after this wire rejection, so the two frontends cannot have parity; the recipe reference also documents fallback as a supported call. This is a source-proven contract mismatch, not merely a table-size preference.","A narrower persisted profile could be intentional, and the current map does provide a clear wire rejection. No capability profile or parity test documents that intended subset, while the public recipe documentation lists calls absent from the map.","GitNexus grouped CompileResolvedRecipePlan and the semantic OutputPlan flow, but did not expose either registry as a shared capability node; source confirms two independent policy tables.",callArities; inferCall; Bundle.Validate,new,M,none recorded; see WP dependencies,internal/dataframe/recipe/document_validation.go; internal/dataframe/expression/expression_checking.go; internal/dataframe/semantic/recipe_plan_output.go,3af5e2a7c1f47c104b601f92d7e517b265671bfd,4631c5225d727b2bd54b48e888f26d918eb5a630,"Focused compiler and recipe tests, direct-importer tests, repository gates, verify-fast, and verify-full passed at 4631c5225d727b2bd54b48e888f26d918eb5a630."
ARC-A02,WP01,Rich-shaping expression validation accepts AST forms that the canonical IR cannot lower,contract,P2,high,implemented; focused and integration verification passed,done,internal/dataframe/recipe/validation_rich.go:162-183; internal/dataframe/recipe/validation_rich.go:224-250; internal/dataframe/recipe/validation_rich.go:326-337; internal/dataframe/semantic/recipe_rich_shaping.go:20-24; internal/dataframe/semantic/recipe_rich_shaping.go:56-62; internal/dataframe/semantic/recipe_rich_shaping.go:284-299; internal/dataframe/semantic/recipe_rich_shaping.go:355-366; internal/dataframe/semantic/recipe_rich_shaping.go:407-425,"Pivot, aggregate, and slice recipe validators accept general expression ASTs through validateExpressionBudget. Semantic rich-shaping lowering then routes pivots, required aggregate expressions, and slice fields through recipeNodeSelector, which rejects every non-selector expression. Catalog pivots are a special omission case, but static pivots and non-selector aggregate/slice expressions are only rejected after the wire validator succeeds.","Invalid persisted recipes survive document validation, can be registered or discovered, and fail later at semantic compilation. Clients cannot know from recipe validation whether a rich-shaping expression is representable, and migration errors occur after a recipe has acquired a durable identity.","Make the boundary singular: reject non-selector pivot expressions, required aggregate expressions, and slice field expressions in Bundle.Validate with a stable capability error, or extend the semantic/physical IR and schema to carry them. Add a cross-layer test that validates the same accepted forms it compiles.","A recipe containing a non-selector pivot, required aggregate expression, or slice field is rejected by the public recipe validator before registration/discovery, or compiles to an explicit typed physical expression with an output schema that matches its value shape.","GOCACHE=""$PWD/.gocache"" GOTOOLCHAIN=go1.26.5 go test -count=1 ./internal/dataframe/recipe ./internal/dataframe/semantic ./internal/dataframe/compiler/lower","Source-only; discovery reports recipe, semantic, and lower tests green but no validator-to-lower parity test. Add one test per rich-shaping family, including a registration/preflight boundary check.","Focused compiler and recipe tests, direct-importer tests, repository gates, verify-fast, and verify-full passed at 4631c5225d727b2bd54b48e888f26d918eb5a630.",behavior-change,Recipes that currently validate but fail rich lowering must be inventoried before tightening validation; migrate them to selectors or a versioned expression representation. Existing valid selector recipes should preserve identity.,accept,"Pivot and aggregate validators accept general expression ASTs via validateExpressionBudget, and slice fields accept general expressions through the field validator. The semantic rich-shaping boundary then calls recipeNodeSelector for pivot/aggregate selectors and explicitly rejects non-selector slice fields, while the physical lowerers consume selector metadata. Thus a recipe can validate and be registered before a deterministic compiler error; the selector-only intent is stated only in the later semantic comments.","The selector-only shape is an explicit version-one capability boundary, and semantic compilation does reject the unsupported forms before physical execution. That safeguard is late relative to public validation and durable registration.",GitNexus query connected OutputPlan and CompileResolvedRecipePlan; source inspection shows the semantic boundary is selector-only for these rich operations.,Pivot.validateAt; Aggregate.validateAt; validateFieldsBudget; lowerRecipePivots; lowerRecipeAggregates; lowerRecipeSlices; recipeNodeSelector,new,M,A01,internal/dataframe/recipe/validation_rich.go; internal/dataframe/semantic/recipe_rich_shaping.go; internal/dataframe/compiler/lower/root_projection.go,3af5e2a7c1f47c104b601f92d7e517b265671bfd,4631c5225d727b2bd54b48e888f26d918eb5a630,"Focused compiler and recipe tests, direct-importer tests, repository gates, verify-fast, and verify-full passed at 4631c5225d727b2bd54b48e888f26d918eb5a630."
ARC-A03,WP01,Aggregate ValueMode is accepted and retained semantically but ignored by physical lowering,correctness,P2,high,implemented; focused and integration verification passed,done,internal/dataframe/recipe/validation_rich.go:230-248; internal/dataframe/semantic/recipe_rich_shaping.go:268-277; internal/dataframe/semantic/semantic_nodes.go:54-66; internal/dataframe/compiler/lower/root_projection.go:163-218; internal/dataframe/compiler/lower/recipe_schema.go:65-86,"Aggregate validation accepts AUTO, FIRST, ALL, and DISTINCT, and semantic lowering stores ValueMode. physicalAggregateExpression consumes operation, selector, predicate, and required values but never reads ValueMode; it produces scalar output for every aggregate except DISTINCT_VALUES.",Two persisted aggregate recipes that differ only in valueMode can produce the same physical expression while their recipe contract says the selector contributes different cardinality/value semantics. OutputSchema can therefore advertise a shape that the query does not implement.,"For each aggregate operation, either encode ValueMode in the aggregate IR/renderer and derive OutputSchema from the same result, or reject non-AUTO modes during recipe validation with a stable versioned diagnostic. Add operation-by-mode output/cardinality tests.","For each supported aggregate operation, ValueMode either changes the rendered value/cardinality and OutputSchema consistently, or non-AUTO values fail validation with a stable versioned diagnostic.","GOCACHE=""$PWD/.gocache"" GOTOOLCHAIN=go1.26.5 go test -count=1 ./internal/dataframe/semantic ./internal/dataframe/compiler/lower ./internal/dataframe/compiler/ir",Source-only; focused packages were reported green but no aggregate ValueMode behavior test exists. Add a literal rendered-plan and schema test for every operation/mode decision.,"Focused compiler and recipe tests, direct-importer tests, repository gates, verify-fast, and verify-full passed at 4631c5225d727b2bd54b48e888f26d918eb5a630.",breaking,Existing non-AUTO aggregate recipes need an explicit migration to AUTO or a versioned implementation before enforcement; receipts and resolved-schema identities must not be changed silently.,accept,"Aggregate.validateAt accepts every ValueMode and lowerRecipeAggregates stores it in SemanticAggregate. physicalAggregateExpression never reads that field: cardinality is selected solely from operation, with only DISTINCT_VALUES becoming an array. The reference says aggregate valueMode shapes its result, so non-AUTO documents have a declared input that terminates before physical semantics and schema publication.","Aggregate operations naturally determine scalar versus array shape, so ValueMode may be accidental shared API surface. That possibility supports rejecting unsupported modes explicitly; it does not justify silently accepting and ignoring them.",GitNexus surfaced OutputPlan -> physical compilation but no ValueMode consumer; source confirms the field terminates at SemanticAggregate.,Aggregate.validateAt; lowerRecipeAggregates; SemanticAggregate; physicalAggregateExpression; recipeOutputSchema,new,M,A02,internal/dataframe/recipe/validation_rich.go; internal/dataframe/semantic/recipe_rich_shaping.go; internal/dataframe/compiler/lower/root_projection.go; internal/dataframe/compiler/ir/physical_values.go,3af5e2a7c1f47c104b601f92d7e517b265671bfd,4631c5225d727b2bd54b48e888f26d918eb5a630,"Focused compiler and recipe tests, direct-importer tests, repository gates, verify-fast, and verify-full passed at 4631c5225d727b2bd54b48e888f26d918eb5a630."
ARC-A04,WP01,Slice field ValueMode is resolved into semantic projection metadata but physical slice fields are always scalar,correctness,P2,high,implemented; focused and integration verification passed,done,internal/dataframe/semantic/recipe_projection.go:70-105; internal/dataframe/semantic/recipe_rich_shaping.go:355-366; internal/dataframe/compiler/lower/root_projection.go:264-283; internal/dataframe/compiler/render/aql/selectors.go:79-88,"normalizeRecipeProjection resolves a slice field's ValueMode to ProjectionFirst, ProjectionArray, or ProjectionDistinctArray and adjusts checked cardinality. physicalSliceExpression subsequently calls PrimarySelector/FallbackSelectors and constructs every field extraction with PhysicalScalarCardinality; the AQL selector renderer reduces that path with FIRST.","A slice field authored as ALL or DISTINCT is silently reduced to one value, while its semantic metadata and intended recipe shape say repeated values are preserved. This is a compiler-owned shape mismatch independent of the broader Explorer FIRST/lossless issue.","Carry each SemanticField projection into PhysicalExpressionProjection and render array/distinct-array extraction with matching IR cardinality, or reject ALL/DISTINCT for slice fields at validation. Ensure the nested object schema and physical expression agree.","A slice field with ALL renders an array, DISTINCT renders a deterministic distinct array, and FIRST/AUTO renders a scalar; each result's compiled cardinality and published schema agree.","GOCACHE=""$PWD/.gocache"" GOTOOLCHAIN=go1.26.5 go test -count=1 ./internal/dataframe/semantic ./internal/dataframe/compiler/lower ./internal/dataframe/compiler/render/aql",Source-only; discovery reports semantic/lower/AQL tests green without a slice ValueMode regression. Add a compiled-plan/render/schema test for AUTO/FIRST/ALL/DISTINCT.,"Focused compiler and recipe tests, direct-importer tests, repository gates, verify-fast, and verify-full passed at 4631c5225d727b2bd54b48e888f26d918eb5a630.",behavior-change,Stored slices using ALL/DISTINCT currently lose values and require explicit migration or rejection before changing behavior; FIRST/AUTO slices can remain compatible.,accept,"normalizeRecipeProjection resolves slice field ValueMode to ProjectionFirst, ProjectionArray, or ProjectionDistinctArray and adjusts checked cardinality. physicalSliceExpression then obtains selectors directly and constructs every field extraction with PhysicalScalarCardinality; renderExtract consequently applies FIRST for each field. The semantic projection decision is therefore discarded specifically at the rich slice physical boundary.","A representative slice may intentionally contain one scalar representative per field, and explicit FIRST is a valid policy. The shared Field wire type nevertheless accepts ALL and DISTINCT, and the semantic plan records those modes, so the current behavior is not a documented rejection or deliberate normalization.",GitNexus connected semantic OutputPlan and compiler lowering; source shows Projection metadata is not consumed by the slice physical projection loop.,normalizeRecipeProjection; lowerRecipeSlices; physicalSliceExpression; renderExtract,new,M,A02,internal/dataframe/semantic/recipe_projection.go; internal/dataframe/semantic/recipe_rich_shaping.go; internal/dataframe/compiler/lower/root_projection.go; internal/dataframe/compiler/render/aql/selectors.go,3af5e2a7c1f47c104b601f92d7e517b265671bfd,4631c5225d727b2bd54b48e888f26d918eb5a630,"Focused compiler and recipe tests, direct-importer tests, repository gates, verify-fast, and verify-full passed at 4631c5225d727b2bd54b48e888f26d918eb5a630."
ARC-A05,WP01,Rich aggregate/slice filters validate the full operator set but semantic lowering only supports EXISTS and string/code EQUALS,contract,P2,high,implemented; focused and integration verification passed,done,internal/dataframe/recipe/validation_rich.go:83-118; internal/dataframe/recipe/document_types.go:137-159; internal/dataframe/semantic/recipe_rich_shaping.go:428-475,"Recipe Filter validation accepts NOT_EQUALS, IN, MISSING, CONTAINS_TEXT, GT/GTE/LT/LTE, and quantifiers when their value kinds are valid. lowerRecipePredicate accepts only EXISTS or one STRING/CODE EQUALS and returns an error for every other operator before physical lowering.","A recipe can pass document validation and be durably registered with a valid typed predicate, then fail only when an aggregate or representative slice is compiled. There is no stable capability signal for clients choosing rich-shaping filters.","Add a rich-shaping-specific validator that rejects unsupported operators, kinds, and quantifiers before registration, or extend the semantic and physical rich predicate representation to preserve operator, value kind, and quantifier equivalence. Test the complete operator matrix.","Every rich-shaping filter accepted by Bundle.Validate reaches a physical predicate with equivalent operator, value kind, and quantifier semantics; unsupported forms are rejected during recipe validation with a stable error.","GOCACHE=""$PWD/.gocache"" GOTOOLCHAIN=go1.26.5 go test -count=1 ./internal/dataframe/recipe ./internal/dataframe/semantic ./internal/dataframe/compiler/ir ./internal/dataframe/compiler/lower",Source-only; focused recipe/semantic/IR/lower tests were reported green without a rich-predicate matrix. Add validation-to-lowering tests for each operator and quantifier.,"Focused compiler and recipe tests, direct-importer tests, repository gates, verify-fast, and verify-full passed at 4631c5225d727b2bd54b48e888f26d918eb5a630.",behavior-change,Recipes with currently accepted but unrepresentable rich filters need conversion to supported predicates or a versioned IR migration. Existing ordinary node filters are unaffected.,accept,"Recipe Filter validation accepts the complete operator and quantifier set after checking value kinds. lowerRecipePredicate converts the filter but only maps EXISTS and STRING/CODE EQUALS into the SemanticAggregate/SemanticSlice predicate slots; every other operator returns not representable, and quantifier is not carried by those slots. A persisted rich-shaping filter can therefore pass document validation and fail at semantic compilation.","The lowerRecipePredicate comment explicitly describes selector existence/equality as the version-one canonical shape, and ordinary node filters have a richer physical predicate path. The missing piece is enforcing that narrower boundary for rich-shaping fields before registration.",GitNexus query found the semantic recipe compilation path but no rich-predicate capability edge; source confirms the semantic predicate is a narrower representation.,Filter.validateAt; filterOperatorSupportsKind; lowerRecipePredicate,new,L,A01,internal/dataframe/recipe/validation_rich.go; internal/dataframe/semantic/recipe_rich_shaping.go; internal/dataframe/compiler/ir/physical_operations.go; internal/dataframe/compiler/lower/root_projection.go,3af5e2a7c1f47c104b601f92d7e517b265671bfd,4631c5225d727b2bd54b48e888f26d918eb5a630,"Focused compiler and recipe tests, direct-importer tests, repository gates, verify-fast, and verify-full passed at 4631c5225d727b2bd54b48e888f26d918eb5a630."
ARC-A06,WP01,Direct DynamicSpec callers can bypass discovered-schema width bounds,operability,P1,high,implemented; focused and integration verification passed,done,internal/dataframe/recipe/dynamic_validation.go:8-51; internal/dataframe/semantic/dynamic_schema.go:42-49; internal/dataframe/semantic/dynamic_schema.go:91-98; internal/dataframe/compiler/lower/recipe_dynamic_columns.go:43-49; internal/dataframe/recipe/document_types.go:366-389; internal/dataframe/semantic/resolved_plan.go:27-35,"The claimed production path to arbitrary width is overstated. schema.resolveDynamicColumns explicitly rejects MaxColumns <= 0 when a keyed family is discovered, and ResolveRecipePlan rejects an unresolved dynamic map before Freeze. A static Columns list is also a finite AllowedKeys set even when MaxColumns is zero. The helper-level Freeze contract still treats zero as unlimited, so direct DynamicSpec callers can bypass the recipe resolver and obtain an unbounded schema.",Use the reviewed problem and acceptance criterion; the broader discovery claim is not established.,"Narrow the work item to the public Freeze/DynamicSpec contract: require MaxColumns > 0 when AllowedKeys is empty, or rename/document zero as an explicit legacy unlimited mode and prevent it at any discovery-facing boundary. Do not reject zero for finite static allowed-key sets without a compatibility decision.",Direct Freeze with no finite AllowedKeys and zero MaxColumns is either rejected or explicitly allowed only by a documented legacy policy; finite static allowed-key sets retain tested compatibility.,"GOCACHE=""$PWD/.gocache"" GOTOOLCHAIN=go1.26.5 go test -count=1 ./internal/dataframe/recipe ./internal/dataframe/semantic ./internal/dataframe/compiler/lower",Source-only; no runtime unbounded recipe was reproduced. Add Freeze tests for empty versus finite AllowedKeys and an end-to-end discovery test proving zero is rejected before materialization.,"Focused compiler and recipe tests, direct-importer tests, repository gates, verify-fast, and verify-full passed at 4631c5225d727b2bd54b48e888f26d918eb5a630.",breaking,No migration is needed for static finite recipes. Any direct helper caller relying on unlimited discovery needs a finite cap or an explicit legacy policy before tightening Freeze.,narrow,"The claimed production path to arbitrary width is overstated. schema.resolveDynamicColumns explicitly rejects MaxColumns <= 0 when a keyed family is discovered, and ResolveRecipePlan rejects an unresolved dynamic map before Freeze. A static Columns list is also a finite AllowedKeys set even when MaxColumns is zero. The helper-level Freeze contract still treats zero as unlimited, so direct DynamicSpec callers can bypass the recipe resolver and obtain an unbounded schema.",Normal discovered recipe entrypoints already require a positive bound; static/frozen declarations are bounded by their explicit columns. Existing legacy zero values may be intentional for those static declarations.,GitNexus query connected schema discovery/resolution to CompileResolvedRecipePlan; source confirms the same MaxColumns zero convention is carried through both stages.,validateDynamicColumns; Freeze; ResolveRecipePlan; appendRecipeDynamicColumns,new,M,none recorded; see WP dependencies,internal/dataframe/recipe/dynamic_validation.go; internal/dataframe/semantic/dynamic_schema.go; internal/dataframe/compiler/lower/recipe_dynamic_columns.go,3af5e2a7c1f47c104b601f92d7e517b265671bfd,4631c5225d727b2bd54b48e888f26d918eb5a630,"Focused compiler and recipe tests, direct-importer tests, repository gates, verify-fast, and verify-full passed at 4631c5225d727b2bd54b48e888f26d918eb5a630."
ARC-A07,WP01,"Fragment expansion and digesting are not one canonical boundary across resolver, registry, and compiler entrypoints",contract,P1,high,implemented; focused and integration verification passed,done,internal/dataframe/semantic/recipe_plan_build.go:18-33; internal/dataframe/recipe/json_encoding.go:12-23; internal/dataframe/recipe/fragments.go:75-94; internal/dataframe/recipe/exec/persistent.go:75-98; internal/dataframe/recipe/schema/resolve.go:101-139; internal/dataframe/recipe/exec/arango/revisions.go:44-68,"BuildRecipePlan expands fragments before validation and digesting. PersistentRegistry.canonicalEntry also expands and stores a standalone expanded bundle. schema.Resolve and RevisionRegistry.Register validate and digest the original fragment-bearing bundle, then schema.Resolve discovers fields on a clone without expanding fragments. Thus direct resolver/revision and persistent registry entrypoints can assign different recipe identity and discovery behavior to the same logical recipe.","Stored recipe digest, revision parent, resolved-schema digest, and execution plan can disagree depending on which API was used. Fragment-based catalog declarations can be missed by direct resolution, and changing fragment expansion policy can invalidate persisted receipts/revision references.","Define one canonical expand/validate boundary for registration, revision, schema resolution, and semantic compilation. Decide whether identity is authored or expanded; if both are needed, persist named authored and expanded digests and pass the expanded bundle explicitly to discovery and compilation.","For a fragment-bearing bundle, every supported entrypoint produces the same authored/expanded identity pair, discovers the same selectors, and passes the same expanded bundle to semantic compilation; old persisted identities have an explicit migration path.","GOCACHE=""$PWD/.gocache"" GOTOOLCHAIN=go1.26.5 go test -count=1 ./internal/dataframe/recipe ./internal/dataframe/recipe/schema ./internal/dataframe/recipe/exec/arango ./internal/dataframe/semantic","Source-only; existing fragment tests cover expansion but not cross-entrypoint parity. Add a fixture that exercises registration, revision, schema resolution, and compilation on one fragment-bearing bundle.","Focused compiler and recipe tests, direct-importer tests, repository gates, verify-fast, and verify-full passed at 4631c5225d727b2bd54b48e888f26d918eb5a630.",breaking,"Existing recipe entries, revision parents, resolved-schema digests, receipts, and execution lookups need an authored/expanded identity migration and compatibility reads before changing digest semantics.",accept,"BuildRecipePlan expands fragments before validation and digesting. PersistentRegistry.canonicalEntry does the same and stores the expanded bundle. In contrast, schema.Resolve validates and digests the fragment-bearing bundle, then resolves declarations on a clone without expanding fragments; RevisionRegistry.Register also stores/digests the authored bundle. The same logical fragment recipe can therefore have different stored/parent identity and can expose different discovery inputs depending on entrypoint.","Persistent registration may intentionally store compiler-ready expanded source, while revision registration may intentionally retain authored source. The API and digest field names do not state that distinction or pair the two identities, and direct schema resolution can miss fragment-generated declarations.",GitNexus showed the compileResolvedBundle -> OutputPlan path but not all registry/resolver edges; source inspection identified distinct digest boundaries at each entrypoint.,BuildRecipePlan; ExpandFragments; ExpandBundle; canonicalEntry; schema.Resolve; RevisionRegistry.Register,new,L,A13,internal/dataframe/recipe/fragments.go; internal/dataframe/recipe/json_encoding.go; internal/dataframe/recipe/schema/resolve.go; internal/dataframe/recipe/exec/persistent.go; internal/dataframe/recipe/exec/arango/revisions.go; internal/dataframe/semantic/recipe_plan_build.go,3af5e2a7c1f47c104b601f92d7e517b265671bfd,4631c5225d727b2bd54b48e888f26d918eb5a630,"Focused compiler and recipe tests, direct-importer tests, repository gates, verify-fast, and verify-full passed at 4631c5225d727b2bd54b48e888f26d918eb5a630."
ARC-A08,WP01,Strict JSON parsing duplicates a trailing-value check that accepts malformed trailing bytes,verification,P1,high,implemented; focused and integration verification passed,done,internal/dataframe/recipe/json_encoding.go:228-246; internal/dataframe/recipe/strict_json.go:65-80; conformance/compiler/types.go:45-70,recipe.Parse and recipe strict_json.detectDuplicateKeys reject a second complete JSON value only when the second Decode returns nil; malformed trailing bytes return a decode error that is ignored. conformance/compiler LoadDir decodes one fixture and never checks for trailing input at all.,"The recipe parser, duplicate-key scanner, and conformance fixture loader disagree about what constitutes one valid document. Invalid recipe bytes can receive a digest or fixture ID, undermining reproducibility and making conformance results less trustworthy.","Centralize a strict single-document decoder that requires io.EOF after the first value, and use it for recipe parsing, duplicate-key scanning, and fixture loading. Cover valid whitespace, second values, and malformed trailing bytes with stable parse/decode diagnostics.",Recipe and conformance fixture entrypoints accept exactly one JSON value with trailing whitespace and reject both a second value and any malformed non-whitespace trailing byte with parse_error/decode_error.,"GOCACHE=""$PWD/.gocache"" GOTOOLCHAIN=go1.26.5 go test -count=1 ./internal/dataframe/recipe ./conformance/compiler",Source-only; recipe tests were reported green and conformance setup was blocked by Go cache permissions. Add direct malformed-trailing tests at all three entrypoints.,"Focused compiler and recipe tests, direct-importer tests, repository gates, verify-fast, and verify-full passed at 4631c5225d727b2bd54b48e888f26d918eb5a630.",behavior-change,Previously accepted malformed documents and fixtures will fail strict parsing; revalidate stored recipe inputs and fixture corpora before rollout. Valid JSON and whitespace remain compatible.,accept,"recipe.Parse rejects a second complete JSON value only when the second Decode succeeds; a syntax error in malformed trailing bytes is ignored. detectDuplicateKeys has the same non-EOF acceptance, and conformance/compiler LoadDir decodes one fixture without a trailing Decode at all. Consequently malformed bytes after a valid first value can receive normal validation/digest or fixture processing.","Malformed syntax inside the first value is caught by the token walk/typed decoder, and a second complete value is rejected. Neither safeguard distinguishes valid trailing whitespace (io.EOF) from malformed trailing input.",GitNexus query included conformance compiler fixture/process nodes but did not model decoder state; source confirms three independently implemented decode boundaries.,Parse; detectDuplicateKeys; LoadDir,new,S,none recorded; see WP dependencies,internal/dataframe/recipe/json_encoding.go; internal/dataframe/recipe/strict_json.go; conformance/compiler/types.go,3af5e2a7c1f47c104b601f92d7e517b265671bfd,4631c5225d727b2bd54b48e888f26d918eb5a630,"Focused compiler and recipe tests, direct-importer tests, repository gates, verify-fast, and verify-full passed at 4631c5225d727b2bd54b48e888f26d918eb5a630."
ARC-A09,WP01,CompileResolvedRecipePlan silently succeeds with zero outputs for unknown OutputNames,operability,P2,high,implemented; focused and integration verification passed,done,internal/dataframe/compiler/lower/recipe_compile.go:97-125; internal/dataframe/recipe/document_types.go:450-453; internal/dataframe/execution/engine.go:409-427,"CompileResolvedRecipePlan builds a selected-name map and skips every output not listed, but never verifies that each requested name exists. The result can be a successful CompiledRecipe with no Outputs; execution.Engine later reports the missing output while direct compiler callers receive an apparently valid empty plan.","Compiler, conformance, preview, and any future cache caller can persist or inspect an empty success instead of a deterministic invalid-request error. The failure is delayed and depends on which layer consumes the result.","At the compiler boundary, validate every nonempty OutputNames entry against semantic outputs, reject duplicates, and preserve empty-list all-output semantics. Use one stable invalid-output diagnostic and update callers for the earlier failure.",Any nonempty OutputNames request containing an unknown or duplicate output fails from CompileResolvedRecipePlan with a stable invalid-output diagnostic; an empty list still compiles every output.,"GOCACHE=""$PWD/.gocache"" GOTOOLCHAIN=go1.26.5 go test -count=1 ./internal/dataframe/compiler/lower ./internal/dataframe/execution ./conformance/compiler","Source-only; compiler/lower and execution tests were reported green. Add unknown, duplicate, all-output, and multi-output selection tests directly against CompileResolvedRecipePlan.","Focused compiler and recipe tests, direct-importer tests, repository gates, verify-fast, and verify-full passed at 4631c5225d727b2bd54b48e888f26d918eb5a630.",behavior-change,Behavior changes only for invalid direct requests; callers that relied on an empty success must handle the compiler error. No persisted recipe migration is required.,accept,"CompileResolvedRecipePlan builds a selected-name map, skips non-selected outputs, and returns success without checking whether every requested name matched. execution.Engine later checks missing names in streamsWithLimit, so the common stream path is protected but direct compiler, conformance, preview, and cache callers can observe an empty successful CompiledRecipe for an invalid request; duplicate requested names are also collapsed by the map.","The execution engine reports an unknown output before creating streams/queries, and an empty OutputNames list intentionally means all outputs. That later guard does not make the exported lowerer result deterministic for its other callers.",GitNexus surfaced CompileResolvedRecipePlan and compileResolvedBundle as separate plan stages; source confirms name validation currently lives only in the later execution stage.,CompileResolvedRecipePlan; RuntimeBindings.OutputNames; streamForOutput,new,S,none recorded; see WP dependencies,internal/dataframe/compiler/lower/recipe_compile.go; internal/dataframe/recipe/document_types.go,3af5e2a7c1f47c104b601f92d7e517b265671bfd,4631c5225d727b2bd54b48e888f26d918eb5a630,"Focused compiler and recipe tests, direct-importer tests, repository gates, verify-fast, and verify-full passed at 4631c5225d727b2bd54b48e888f26d918eb5a630."
ARC-A10,WP01,PhysicalFilter has a legacy predicate slot whose renderer supports fewer operators than the typed physical IR,contract,P2,high,implemented; focused and integration verification passed,done,internal/dataframe/spec/filter.go:12-28; internal/dataframe/compiler/ir/physical_validation.go:574-623; internal/dataframe/compiler/render/aql/validation.go:140-155; internal/dataframe/compiler/render/aql/predicates.go:11-90,"PhysicalPredicate validation accepts the complete EQUALS/NOT_EQUALS/IN/EXISTS/MISSING/CONTAINS_TEXT/GT/GTE/LT/LTE set, and the expression-based renderer supports those operators. The legacy PhysicalFilter.Predicate renderer validation only allows EQUALS, IN, and GT, so a valid physical plan can fail late depending on which predicate representation lowering selected.","IR consumers cannot rely on the declared predicate contract. Direct plans, older lowering paths, or optimizer rewrites can fail during rendering for operators that validate successfully, producing policy drift between expression and legacy predicate paths.","Migrate legacy constructors and delete the legacy slot, or make its validation/rendering share the typed operator implementation. Add a matrix test proving every permitted operator either renders equivalently or is rejected before RenderPhysicalPlan.",Every operator permitted by the physical IR either renders equivalently through the legacy and expression paths or the legacy slot is no longer constructible; no valid physical predicate fails only at RenderPhysicalPlan.,"GOCACHE=""$PWD/.gocache"" GOTOOLCHAIN=go1.26.5 go test -count=1 ./internal/dataframe/compiler/ir ./internal/dataframe/compiler/render/aql ./internal/dataframe/compiler/lower","Source-only; IR, AQL, and lower tests were reported green without a legacy/expression operator matrix. Add direct render tests for all spec operators.","Focused compiler and recipe tests, direct-importer tests, repository gates, verify-fast, and verify-full passed at 4631c5225d727b2bd54b48e888f26d918eb5a630.",breaking,"Paging, orchestration, optimizer, and direct IR callers must migrate if the legacy slot is removed. Existing serialized physical plans, if any, need a read/migration policy; recipe persistence itself is unaffected.",accept,"IR validation permits the full physical operator set for the legacy PhysicalFilter.Predicate slot, while the AQL renderable-operation validator and direct renderPredicate branch allow only EQUALS, IN, and GT. The expression-based predicate renderer supports the complete set. Legacy callers still construct PhysicalFilter predicates (for example paging and orchestration), so a valid physical IR can fail only when rendered through the legacy path.","Current recipe lowering mostly emits PhysicalPredicateExpression, and the legacy path may be compatibility-only. That favors deleting/migrating it or explicitly narrowing its IR type; it does not support retaining contradictory validation and render contracts.",GitNexus connected lower/graph_plan and renderer predicate nodes; source shows two PhysicalFilter predicate representations with different validation coverage.,FilterOperator; validatePhysicalPredicate; validatePhysicalFilter; renderPredicate,new,M,A01,internal/dataframe/compiler/ir/physical_validation.go; internal/dataframe/compiler/render/aql/validation.go; internal/dataframe/compiler/render/aql/predicates.go,3af5e2a7c1f47c104b601f92d7e517b265671bfd,4631c5225d727b2bd54b48e888f26d918eb5a630,"Focused compiler and recipe tests, direct-importer tests, repository gates, verify-fast, and verify-full passed at 4631c5225d727b2bd54b48e888f26d918eb5a630."
ARC-A11,WP01,Traversal-sharing optimizer hardcodes a seven-operation scope prefix in two layers,duplication,P2,high,implemented; focused and integration verification passed,done,internal/dataframe/compiler/ir/prefix.go:114-180; internal/dataframe/compiler/ir/prefix.go:276-278; internal/dataframe/compiler/optimize/optimize.go:145-170; internal/dataframe/compiler/lower/child_sets.go:20-35,"Physical traversal decomposition requires at least seven operations and slices operations[1:7] as the exact generic scope, with consumers starting at operations[7:]. The sharing optimizer independently clones original.Subplan.Operations[:7]. Child-set lowering constructs that prefix through separate appendProjectScope, appendDatasetGenerationScope, and appendAuthScope calls.","Adding, reordering, or conditionally inserting one scope operation requires synchronized edits in lowering, decomposition, and optimizer code. If only one layer changes, a sharing rewrite can reject otherwise valid plans or clone an incomplete scope, risking authorization/cardinality policy drift.","Have decomposition return the validated/cloned prefix operations and consumer operations, or expose one helper that slices using the validated scope count. Keep one explicit scope-shape validator at the boundary that owns the invariant; remove optimizer literals [:7]/[7:].","A traversal prefix with the current scope still shares identically, and a plan with a deliberately changed validated scope shape either shares using the returned prefix or is rejected with one explicit diagnostic; no optimizer code contains a positional [:7]/[7:] contract.","GOCACHE=""$PWD/.gocache"" GOTOOLCHAIN=go1.26.5 go test -count=1 ./internal/dataframe/compiler/ir ./internal/dataframe/compiler/optimize ./internal/dataframe/compiler/lower",Source-only; existing IR/optimizer/lower sharing tests were reported green. Add an evolution test that changes the validated prefix shape and proves sharing follows the returned boundary or rejects once.,"Focused compiler and recipe tests, direct-importer tests, repository gates, verify-fast, and verify-full passed at 4631c5225d727b2bd54b48e888f26d918eb5a630.",preserve,Behavior-preserving refactor for current plans; optimizer diagnostics and tests must retain identical sharing decisions. No persisted state migration.,accept,"The decomposition validates a seven-operation prefix and returns ScopeOperationCount, but the optimizer independently clones Operations[:7] and assigns consumers Operations[7:]. Lowering independently constructs the six scope operations after traversal. The current shape is guarded, yet the ownership of the positional boundary is duplicated across lowering, decomposition, and sharing, so a scope-shape change requires synchronized edits and can otherwise rewrite the wrong operations.","The exact generic scope is currently validated and ScopeOperationCount is included in the prefix key, so existing plans are protected. This is a structural ownership finding, not a reproduced current runtime failure.",GitNexus query surfaced optimizer and traversal-prefix symbols but did not encode the positional invariant; source confirms the magic boundary is duplicated in decomposition and rewrite.,decomposePhysicalTraversalPrefix; ScopeOperationCount; sharePhysicalSetGroup; appendProjectScope; appendDatasetGenerationScope; appendAuthScope,new,M,none recorded; see WP dependencies,internal/dataframe/compiler/ir/prefix.go; internal/dataframe/compiler/optimize/optimize.go; internal/dataframe/compiler/lower/child_sets.go,3af5e2a7c1f47c104b601f92d7e517b265671bfd,4631c5225d727b2bd54b48e888f26d918eb5a630,"Focused compiler and recipe tests, direct-importer tests, repository gates, verify-fast, and verify-full passed at 4631c5225d727b2bd54b48e888f26d918eb5a630."
ARC-A12,WP01,Pivot output-name sanitization defers collisions until physical-plan validation,correctness,P2,high,implemented; focused and integration verification passed,done,internal/dataframe/recipe/validation_rich.go:145-160; internal/dataframe/recipe/validation_rich.go:340-402; internal/dataframe/compiler/lower/root_projection.go:126-146; internal/dataframe/compiler/lower/helpers.go:21-31; internal/dataframe/compiler/ir/physical_validation.go:166-172,"Recipe validation checks raw pivot column names for emptiness and exact duplicates, while physicalPivotProjections derives public names as pivotName__sanitizeColumnName(column). Distinct raw columns such as a-b and a_b therefore produce the same physical projection name; collisions with user fields are also not checked in semantic node shape and are only rejected by final PhysicalReturn validation.","A recipe can validate, undergo schema discovery, and fail late during lowering/rendering because two authored columns collapse to one output name. If collision policy is later added only to dynamic columns, pivot behavior can diverge from other generated families.","Use one public-name allocator for generated pivots and other families during semantic validation/schema resolution, rejecting collisions or applying a documented deterministic rename. Include final names in resolved schema identity and test collisions against explicit and generated fields.","Final public names for pivots, explicit fields, traversals, and dynamic families are allocated before physical lowering; colliding sanitized names produce one stable validation diagnostic or one documented deterministic rename reflected in OutputSchema and digests.","GOCACHE=""$PWD/.gocache"" GOTOOLCHAIN=go1.26.5 go test -count=1 ./internal/dataframe/recipe ./internal/dataframe/semantic ./internal/dataframe/compiler/lower ./internal/dataframe/compiler/ir","Source-only; focused recipe/semantic/lower/IR tests were reported green without sanitized-name cases. Add raw-collision, field-collision, and schema-digest tests.","Focused compiler and recipe tests, direct-importer tests, repository gates, verify-fast, and verify-full passed at 4631c5225d727b2bd54b48e888f26d918eb5a630.",breaking,Recipes whose sanitized names change or newly collide require schema/digest migration and coordinated Explorer/publication updates. Existing noncolliding names remain compatible.,accept,"Recipe validation checks exact raw pivot-column duplicates but permits names such as a-b and a_b. physicalPivotProjections sanitizes both to the same public projection suffix, and collisions with explicit fields are likewise generated only at lowering. PhysicalPlan validation eventually rejects duplicate return names, but registration and schema discovery can succeed before that late failure.","Final physical validation prevents the invalid projection from executing, so this is a late/stability defect rather than silent backend overwrite. The generated public name still needs to be known by semantic/schema callers before durable identity is assigned.",GitNexus connected OutputPlan to physical projection compilation; source confirms final-name generation is owned by lowering while raw-name uniqueness is owned by recipe validation.,Pivot.validateAt; validateNodeShape; physicalPivotProjections; sanitizeColumnName,new,M,A02,internal/dataframe/recipe/validation_rich.go; internal/dataframe/semantic/recipe_rich_shaping.go; internal/dataframe/compiler/lower/root_projection.go; internal/dataframe/compiler/lower/helpers.go,3af5e2a7c1f47c104b601f92d7e517b265671bfd,4631c5225d727b2bd54b48e888f26d918eb5a630,"Focused compiler and recipe tests, direct-importer tests, repository gates, verify-fast, and verify-full passed at 4631c5225d727b2bd54b48e888f26d918eb5a630."
ARC-A13,WP01,Standalone compiler products omit the translation provenance label,state,P2,high,implemented; focused and integration verification passed,done,internal/dataframe/recipe/document_validation.go:14-23; internal/dataframe/semantic/recipe_plan_build.go:29-33; internal/dataframe/compiler/lower/recipe_compile.go:21-28; internal/dataframe/compiler/compiled_query.go:9-33; internal/dataframe/recipe/exec/persistent.go:42-64,"The claim that translationVersion is an implementation dispatch key is contradicted by the recipe reference, which defines it as a human/version-control label, and by the absence of any supported-version registry. BuildRecipePlan retains it in RecipePlan, and publication uses SemanticPlan.TranslationVersion for receipt identity. However, CompiledRecipe and CompiledQuery omit the exact label, so standalone compiler products and diagnostics cannot carry provenance without consulting the semantic input.",Use the reviewed problem and acceptance criterion; the broader discovery claim is not established.,"Narrow the change to provenance: carry TranslationVersion through CompiledRecipe/CompiledRecipeOutput and CompiledQuery (and standalone diagnostics), or explicitly document that query objects are not provenance carriers. Do not add unknown-version rejection without first defining a dispatch registry and migration.","Standalone compile diagnostics retain the input TranslationVersion label, or explicitly document where to obtain it; human version labels are not rejected as unsupported dispatch versions.","GOCACHE=""$PWD/.gocache"" GOTOOLCHAIN=go1.26.5 go test -count=1 ./internal/dataframe/recipe ./internal/dataframe/semantic ./internal/dataframe/compiler ./internal/dataframe/compiler/lower ./internal/dataframe/execution",Source-only; no compiler-provenance test exists. Add an end-to-end assertion that the recipe label is preserved in compiled artifacts while arbitrary nonempty labels remain valid.,"Focused compiler and recipe tests, direct-importer tests, repository gates, verify-fast, and verify-full passed at 4631c5225d727b2bd54b48e888f26d918eb5a630.",additive,"Adding provenance fields is additive. A future dispatch gate would require a supported-label registry, persisted recipe/receipt mapping, and compatibility reads; it is outside this finding as currently evidenced.",narrow,"The claim that translationVersion is an implementation dispatch key is contradicted by the recipe reference, which defines it as a human/version-control label, and by the absence of any supported-version registry. BuildRecipePlan retains it in RecipePlan, and publication uses SemanticPlan.TranslationVersion for receipt identity. However, CompiledRecipe and CompiledQuery omit the exact label, so standalone compiler products and diagnostics cannot carry provenance without consulting the semantic input.","Opaque labels are intentional and are part of the persistent (name, translationVersion) identity; publication receipts already source the version from semantic metadata. Rejecting unknown labels would be a new dispatch contract, not a correction compelled by current code.",GitNexus connected compileResolvedBundle and CompileResolvedRecipePlan but showed no translation-version dispatch edge; source confirms the value is stored before lowering and absent after it.,Bundle.Validate; BuildRecipePlan; CompiledRecipe; CompiledQuery; RegisterVersion,new,L,A07,internal/dataframe/recipe/document_validation.go; internal/dataframe/semantic/recipe_plan_build.go; internal/dataframe/compiler/lower/recipe_compile.go; internal/dataframe/compiler/compiled_query.go,3af5e2a7c1f47c104b601f92d7e517b265671bfd,4631c5225d727b2bd54b48e888f26d918eb5a630,"Focused compiler and recipe tests, direct-importer tests, repository gates, verify-fast, and verify-full passed at 4631c5225d727b2bd54b48e888f26d918eb5a630."
ARC-B01,WP05,InsertRevision accepts a different payload for an existing immutable revision ID,contract,P2,high,implemented; focused and integration verification passed,done,internal/explorer/store.go:26-34; internal/explorer/arango/revisions.go:11-28; internal/explorer/service.go:324-330,"The Arango adapter uses UPSERT with UPDATE {} for every InsertRevision call. A repeated key returns the existing document without comparing it with the requested revision, so a caller can receive an older payload as if its requested immutable content had been stored.",A content-address or deterministic revision collision is silently accepted instead of surfacing ErrImmutableRevision; the returned revision and publication metadata can disagree with the receipt/materialization that initiated the call.,"Keep the finding at silent acceptance of a different revision payload, not overwrite. Insert-ignore followed by authoritative full-content comparison should return ErrImmutableRevision; identical retries may return the original document.",Inserting the same revision ID twice with different content returns ErrImmutableRevision and leaves the first document unchanged; an identical retry returns the original content.,"GOCACHE=""$PWD/.gocache"" GOTOOLCHAIN=go1.26.5 go test -count=1 ./internal/explorer/arango","Source-only; no collision test was run. Add an Arango adapter test that inserts the same key with changed immutable fields and verifies ErrImmutableRevision plus an unchanged stored document, and an identical retry success case.","Explorer, server, and GraphQL focused gates plus the 20-assertion live integration scenario passed at 8f57025aecd68c7e5ef5b7593d6b2b2a8ee100fc.",behavior-change,No wire-format migration is needed for a behavior-preserving guard. Existing retry paths and any FAILED/READY revision keys need collision handling or an operator audit before retry.,accept,"The Arango adapter uses UPSERT with UPDATE {} and returns the existing document, so a reused revision key is not overwritten or compared with the requested immutable content. The Store contract forbids replacement and ErrImmutableRevision exists, but no adapter guard enforces it. RepositoryRevisionID now includes receipt identity, which lowers ordinary collision probability but does not remove the Store contract or changed-materialization retry case.","The existing document is preserved, and the repository ID is deterministic and receipt-qualified; this disproves overwrite but not silent mismatch acceptance. The current focused Arango tests cover immutable receipt storage, not revision collision equality.","GitNexus context had three InsertRevision candidates (domain interface, Arango adapter, test adapter); query results also connect UpsertRepositoryV2 to publication. The graph does not model Arango UPSERT payload equality, so the AQL was source-checked.",Store.InsertRevision; arango.Store.InsertRevision; Service.UpsertRepositoryV2,new,S,none recorded; see WP dependencies,internal/explorer/arango/revisions.go; internal/explorer/store.go,3af5e2a7c1f47c104b601f92d7e517b265671bfd,8f57025aecd68c7e5ef5b7593d6b2b2a8ee100fc,"Explorer, server, and GraphQL focused gates plus the 20-assertion live integration scenario passed at 8f57025aecd68c7e5ef5b7593d6b2b2a8ee100fc."
ARC-B02,WP05,Command retry retention is limited to the last command,state,P2,high,implemented; focused and integration verification passed,done,internal/explorer/types.go:66-82; internal/explorer/service.go:175-205; internal/explorer/service.go:236-246,"Service.ApplyWorkspaceCommands records one LastAuthoringCommandID/digest/result packet and checks it before draft CAS, so the source-proven implementation supports replay of the most recent command only. ExpectedDraftVersion protects stale requests. However, the request comment calls CommandID an idempotency token while explicitly saying it is not a durable authoring identity, and the persisted field is deliberately named LastAuthoringCommand; no caller or document promises replay after later commands.",Use the reviewed problem and acceptance criterion; the broader discovery claim is not established.,"Narrow B02 to a bounded last-command retry policy and document that scope, or explicitly promote CommandID to durable replay semantics before accepting the ledger proposal. If durable replay is required, test A, B, then retry A with a conflict-digest case; do not infer that guarantee from the current one-entry record.","The public retry policy explicitly states its retention window and a test covers command A, then B, then retry A without silently adopting a stronger replay guarantee.","GOCACHE=""$PWD/.gocache"" GOTOOLCHAIN=go1.26.5 go test -count=1 ./internal/explorer",Source-only; no later-command replay scenario was run. Add the three-command integration test only if the product contract adopts durable replay; otherwise add a contract test documenting that an older ID is not retained.,"Explorer, server, and GraphQL focused gates plus the 20-assertion live integration scenario passed at 8f57025aecd68c7e5ef5b7593d6b2b2a8ee100fc.",behavior-change,A durable ledger would require migrating Explorer records that currently retain only LastAuthoringCommand* fields and defining retention/cleanup for browser callers. The bounded-last-command interpretation needs no persisted migration.,narrow,"Service.ApplyWorkspaceCommands records one LastAuthoringCommandID/digest/result packet and checks it before draft CAS, so the source-proven implementation supports replay of the most recent command only. ExpectedDraftVersion protects stale requests. However, the request comment calls CommandID an idempotency token while explicitly saying it is not a durable authoring identity, and the persisted field is deliberately named LastAuthoringCommand; no caller or document promises replay after later commands.","The CAS rejects an old expected version, and the existing HTTP contract test proves only immediate replay and same-ID conflict. Requiring a durable command ledger after later edits would be a new retention/format guarantee, not an invariant established by the current callers.","GitNexus exact ApplyWorkspaceCommands context shows calls to DecodeWorkspace, pure ApplyCommands, and Arango SaveDraft, with no command-history symbol beyond the owner record.",Explorer; Service.ApplyWorkspaceCommands; Store.SaveDraft,new,M,none recorded; see WP dependencies,internal/explorer/types.go; internal/explorer/service.go; internal/explorer/arango/drafts.go,3af5e2a7c1f47c104b601f92d7e517b265671bfd,8f57025aecd68c7e5ef5b7593d6b2b2a8ee100fc,"Explorer, server, and GraphQL focused gates plus the 20-assertion live integration scenario passed at 8f57025aecd68c7e5ef5b7593d6b2b2a8ee100fc."
ARC-B03,WP05,Local workspace writeback ignores ExplorerID and overwrites one global file,ownership,P2,high,implemented; focused and integration verification passed,done,internal/server/local_workspace_writeback.go:13-35; internal/server/local_workspace_writeback.go:40-70; internal/server/server.go:338-375; internal/explorer/lifecycle/publish.go:87-90,"server.run configures one callback for one absolute path and project. localWorkspaceWriter accepts a project and an ignored ExplorerID parameter, then atomically renames every published workspace to that same path.",Publishing any interactive Explorer in the configured project can replace the local CONFIG workspace for another Explorer or the repository default. The callback signature suggests per-Explorer routing while configuration owns only a project-wide singleton.,"Make the singleton explicitly default-Explorer-only (reject non-default IDs with a stable error), or replace it with a validated project/Explorer mapping. Preserve no-auth, project, and atomic replacement checks.","With writeback enabled, publishing a non-default Explorer returns a clear rejection and leaves the configured file byte-for-byte unchanged; publishing default still atomically updates it.","GOCACHE=""$PWD/.gocache"" GOTOOLCHAIN=go1.26.5 go test -count=1 ./internal/server","Source-only; existing tests inspected cover atomic writeback mechanics and no-auth configuration, not non-default routing. Add a focused test that a non-default ID returns an error and leaves the file byte-for-byte unchanged.","Explorer, server, and GraphQL focused gates plus the 20-assertion live integration scenario passed at 8f57025aecd68c7e5ef5b7593d6b2b2a8ee100fc.",behavior-change,The callback has no persisted schema. Migrate local development configuration or callers to select the default/mapping explicitly; no stored Explorer records need rewriting.,accept,"localWorkspaceWriter validates only the configured project and ignores the ExplorerID argument. server.run installs this one callback for lifecycle Publish, whose interactive route passes every Explorer ID, so any permitted publication in that project atomically replaces the same configured path. The singleton may be intentional for local CONFIG development, but its authorization scope is project-wide while the callback shape and callers are per-Explorer.","The no-auth-only configuration guard and project equality check are real safeguards, and temporary-file sync plus rename is atomic. They do not authorize one Explorer to overwrite a repository/default or another interactive Explorer's local workspace.",GitNexus impact for localWorkspaceWriter reaches server.run and the Explorer wiring; source confirms the second callback argument is named _ and not used.,localWorkspaceWriter; run; Service.Publish,new,S,none recorded; see WP dependencies,internal/server/local_workspace_writeback.go; internal/server/options.go,3af5e2a7c1f47c104b601f92d7e517b265671bfd,8f57025aecd68c7e5ef5b7593d6b2b2a8ee100fc,"Explorer, server, and GraphQL focused gates plus the 20-assertion live integration scenario passed at 8f57025aecd68c7e5ef5b7593d6b2b2a8ee100fc."
ARC-B04,WP05,Receipt is persisted before its deterministic execution contract is verified,state,P1,high,implemented; focused and integration verification passed,done,internal/server/explorer_receipt_contract.go:73-91; internal/explorer/store.go:26-34; internal/explorer/compilation_receipt.go:215-314,"compileExplorerReceipt builds a receipt, stores it through explorerService.StoreCompilationReceipt, then calls compileValidatedReceiptResolution. If that post-store validation fails, the endpoint returns COMPILATION_CONTRACT_MISMATCH but the immutable receipt remains in the receipt collection.","A transient or compiler/runtime drift creates a durable receipt that callers cannot use, yet later lookup and retry encounter the same poisoned immutable ID. There is no delete/quarantine transition in the receipt Store contract.","Run complete deterministic receipt-resolution validation before insertion, or persist an explicit rejected/quarantined state excluded from executable lookup and supersedable by a corrected contract identity. Keep immutable accepted receipts.","When deterministic receipt validation fails, no executable receipt is returned by tenant-scoped lookup; a later corrected compile can persist and use a valid receipt without colliding with the failed attempt.","GOCACHE=""$PWD/.gocache"" GOTOOLCHAIN=go1.26.5 go test -count=1 ./internal/server",Source-only; no injected post-store failure was run. Add a server test with a compiler/runtime mismatch proving no executable receipt is returned and a corrected compile can persist a valid receipt.,"Explorer, server, and GraphQL focused gates plus the 20-assertion live integration scenario passed at 8f57025aecd68c7e5ef5b7593d6b2b2a8ee100fc.",behavior-change,Existing receipts that failed post-store validation require audit/recompile or a quarantine marker before changing lookup behavior. A pre-store validation ordering change does not require a format change; a durable rejection state does.,accept,"compileExplorerReceipt calls StoreCompilationReceipt before compileValidatedReceiptResolution. The Arango receipt store validates receipt structure and content identity but cannot prove that the execution engine can reproduce the resolved recipe/fingerprints/provenance. A post-store mismatch therefore leaves an immutable, structurally valid receipt that subsequent lookup accepts while preview/compile validation rejects.","Content addressing makes a mismatch deterministic for a fixed engine, and StoreCompilationReceipt already performs strict receipt validation. That validates the stored artifact's internal fields, not the post-store runtime resolution that can fail due compiler/runtime drift.",GitNexus exact compileExplorerReceipt context shows the server call chain to receipt identity helpers and storage; source order is required because the graph does not encode failure ordering.,compileExplorerReceipt; Service.StoreCompilationReceipt; CompilationReceipt.Validate,new,M,server-owned receipt validation boundary,internal/server/explorer_receipt_contract.go; internal/explorer/compilation_receipt.go,3af5e2a7c1f47c104b601f92d7e517b265671bfd,8f57025aecd68c7e5ef5b7593d6b2b2a8ee100fc,"Explorer, server, and GraphQL focused gates plus the 20-assertion live integration scenario passed at 8f57025aecd68c7e5ef5b7593d6b2b2a8ee100fc."
ARC-B05,WP05,Repeated-field and relationship multiplicity lack an end-to-end losslessness proof,correctness,P1,high,reproduction-required,blocked,internal/explorer/capability/domain.go:127-138; internal/explorer/authoringv2/types.go:127-136; internal/explorer/compilation/semantic_compile.go:52-53; internal/explorer/compilation/semantic_compile.go:177-193; docs/EXPLORER_BACKLOG.md:14-22; internal/dataframe/semantic/selection_semantics.go:120-136; internal/dataframe/spec/selector_validation.go:10-45; internal/dataframe/compiler/render/aql/selectors.go:79-88; internal/dataframe/compiler/render/aql/navigation_render.go:257-277; internal/dataframe/semantic/recipe_projection.go:89-103; docs/EXPLORER_BACKLOG.md:35-42,"The capability Edge has AllowsRepeatedTarget, but authoring CatalogEdge drops it, and semantic compilation hard-codes RowMultiplication=none while deriving field losslessness from field repeated boundaries only. A related-record scalar selected with FIRST can therefore lack the relationship-cardinality evidence needed by the public contract. The source establishes the missing proof and hard-coded declaration, but not the actual one-root/two-related-record output behavior.",Use the reviewed problem and acceptance criterion; the broader discovery claim is not established.,Retain as a source-inferred contract gap pending the real multi-related-record fixture. Acceptance should require an explicit aggregate/array/row-expansion policy and a persisted RowMultiplication/Lossless/MLReady result; do not claim a reproduced dropped value yet.,"A fixture with repeated fields and one root linked to two records proves explicit FIRST is lossy, while ALL/DISTINCT or declared row expansion retain the intended values; receipt, materialization and Viewer agree on Lossless/MLReady/RowMultiplication.",make verify-fast,"Source-only; the documented multi-related-record acceptance scenario was not run. Add that fixture with one root and two related rows, then verify scalar FIRST cannot publish as lossless.","The live stack passes, but the checked-in fixture does not contain the required one-root/two-related-record FIRST reproduction.",behavior-change,Adding relationship policy to catalog/receipt contracts requires versioned workspace and receipt handling; existing receipts need recompile or an explicit legacy interpretation.,needs-reproduction,"The capability Edge has AllowsRepeatedTarget, but authoring CatalogEdge drops it, and semantic compilation hard-codes RowMultiplication=none while deriving field losslessness from field repeated boundaries only. A related-record scalar selected with FIRST can therefore lack the relationship-cardinality evidence needed by the public contract. The source establishes the missing proof and hard-coded declaration, but not the actual one-root/two-related-record output behavior.","Field-level repeated boundaries do mark array-valued fields, and the backlog explicitly identifies the multi-related-record case as un-reproduced. Route policy's repeated-edge flag is a different concept from relationship target cardinality.","GitNexus query found Publish-to-PublicOutputContracts and semantic compile symbols, but no edge from AllowsRepeatedTarget to the contract; source confirms the capability field is dropped during authoring catalog conversion.",capability.Edge; authoringv2.CatalogEdge; compileSemanticDocument; PublicOutputContract,known,L,none recorded; see WP dependencies,internal/explorer/capability/domain.go; internal/explorer/authoringv2/types.go; internal/explorer/compilation/semantic_compile.go; internal/explorer/output_contract.go,3af5e2a7c1f47c104b601f92d7e517b265671bfd,,"The live stack passes, but the checked-in fixture does not contain the required one-root/two-related-record FIRST reproduction."
ARC-B06,WP05,Public projection vocabulary collapses array and distinct-array modes,contract,P1,high,implemented; focused and integration verification passed,done,internal/server/explorer_capability.go:425-435; internal/server/explorer_capability.go:454-465; internal/explorer/authoringv2/semantic_types.go:120-130; internal/explorer/compilation/compile.go:286-299; internal/explorer/compilation/semantic_compile.go:67-84,"The public catalog conversion maps ProjectionArray and ProjectionDistinctArray to the same ALL string, and the compiler's wire helper repeats that collapse. ColumnSource.validate accepts DISTINCT although capability membership is not checked at the compile boundary. The normal ADD_COLUMN reducer does check candidate.ProjectionModes, so the finding combines a real public-vocabulary loss with the separate direct-compile bypass covered by B14.",Use the reviewed problem and acceptance criterion; the broader discovery claim is not established.,Accept the bijective public mapping/versioned enum portion. Narrow the unsupported-mode and logical-type compilation portion to B14 so it is not counted twice; validate membership at the compile boundary and update persisted protocol versions if wire values change.,Array and distinct-array modes round-trip through the versioned catalog/workspace protocol without conflation; legacy decoding is explicit. Invalid compile input coverage is owned by B14.,"GOCACHE=""$PWD/.gocache"" GOTOOLCHAIN=go1.26.5 go test -count=1 ./internal/explorer/authoringv2 ./internal/explorer/compilation ./internal/server","Source-only; existing reducer/catalog tests were inspected, but distinct round-trip was not run. Add catalog serialization tests for both modes and a versioned legacy decode test; direct invalid-mode coverage belongs to B14.","Explorer, server, and GraphQL focused gates plus the 20-assertion live integration scenario passed at 8f57025aecd68c7e5ef5b7593d6b2b2a8ee100fc.",breaking,"Changing ARRAY/DISTINCT_ARRAY wire values affects catalog clients, persisted workspaces, and receipts; provide a protocol/receipt migration or explicit legacy decoder. The B14 validation fix itself can reject invalid new requests without rewriting valid artifacts.",narrow,"The public catalog conversion maps ProjectionArray and ProjectionDistinctArray to the same ALL string, and the compiler's wire helper repeats that collapse. ColumnSource.validate accepts DISTINCT although capability membership is not checked at the compile boundary. The normal ADD_COLUMN reducer does check candidate.ProjectionModes, so the finding combines a real public-vocabulary loss with the separate direct-compile bypass covered by B14.","Reducer-generated columns are limited to advertised modes, and ALL may have been intended as the only public array projection for an earlier protocol. Neither explains two advertised capability enum values becoming one wire value or the accepted DISTINCT vocabulary.",GitNexus exact authoringV2Catalog context shows candidate conversion through stringProjectionModes/defaultProjectionMode; query/context for semantic compilation finds the receipt path but no capability-mode membership check.,authoringV2Catalog; stringProjectionModes; ColumnSource.validate; Compile; compileSemanticDocument,known,M,B05,internal/server/explorer_capability.go; internal/explorer/authoringv2/semantic_types.go; internal/explorer/compilation/compile.go; internal/explorer/compilation/semantic_compile.go,3af5e2a7c1f47c104b601f92d7e517b265671bfd,8f57025aecd68c7e5ef5b7593d6b2b2a8ee100fc,"Explorer, server, and GraphQL focused gates plus the 20-assertion live integration scenario passed at 8f57025aecd68c7e5ef5b7593d6b2b2a8ee100fc."
ARC-B07,WP05,"Receipt integrity is enforced by the server callback, not at the lifecycle receipt boundary",ownership,P1,high,implemented; focused and integration verification passed,done,internal/explorer/lifecycle/authoring.go:38-61; internal/explorer/compilation_receipt.go:215-297; internal/server/explorer_receipt_contract.go:77-91; internal/explorer/service.go:273-275,"lifecycle.compile resolves capability and validates workspace syntax, then accepts any non-nil ReceiptCompiler result with a non-empty ID. The server callback constructs and stores a fully hashed receipt, but the lifecycle boundary does not call CompilationReceipt.Validate or verify project, explorer, snapshot, and content identity.","The application layer's contract depends on one server implementation and is weaker in repository paths, tests, or alternate transports. A callback returning a wrong-tenant or malformed receipt can cross into later publication/execution before the adapter-specific checks happen.","Require lifecycle compile to validate receipt structure/identity against the request and authorized snapshot, and require the callback contract to return a persisted receipt. Keep digest construction and storage adapter details server-owned.","A ReceiptCompiler returning a non-empty but wrong-project, wrong-token, or hash-invalid receipt is rejected before any publish/preview result is returned; the production server callback continues to pass.","GOCACHE=""$PWD/.gocache"" GOTOOLCHAIN=go1.26.5 go test -count=1 ./internal/explorer/lifecycle","Source-only; no malformed callback test was run. Add lifecycle tests for wrong project, Explorer ID, snapshot/scope, invalid ID, and an unpersisted non-empty receipt, plus a production callback pass case.","Explorer, server, and GraphQL focused gates plus the 20-assertion live integration scenario passed at 8f57025aecd68c7e5ef5b7593d6b2b2a8ee100fc.",behavior-change,"No persisted-format change is required if existing receipts already satisfy validation. All ReceiptCompiler test doubles and alternate transports must be migrated to return request-bound, validated, persisted artifacts.",accept,"lifecycle.Service.compile validates the workspace and capability, then accepts any non-nil ReceiptCompiler result with a non-empty ID. It does not call CompilationReceipt.Validate/ValidateID or bind project, Explorer ID, snapshot, scope, and identity to the request. Production server wiring currently stores and validates receipts, but that is an adapter implementation property rather than the lifecycle callback contract.","The current production callback is the only server implementation and StoreCompilationReceipt validates its artifact before returning. Publish later validates loaded receipts, so the immediate gap is at compile-result acceptance and alternate/test callbacks, not necessarily current production execution.","GitNexus exact compileExplorerReceipt context identifies the server callback as a caller of receipt identity helpers; lifecycle Apply/compile context shows CompileReceipt is an injected callback, so graph cannot prove all implementations.",Service.compile; ReceiptCompiler; CompilationReceipt.Validate; compileExplorerReceipt,new,S,none recorded; see WP dependencies,internal/explorer/lifecycle/authoring.go; internal/explorer/lifecycle/types.go,3af5e2a7c1f47c104b601f92d7e517b265671bfd,8f57025aecd68c7e5ef5b7593d6b2b2a8ee100fc,"Explorer, server, and GraphQL focused gates plus the 20-assertion live integration scenario passed at 8f57025aecd68c7e5ef5b7593d6b2b2a8ee100fc."
ARC-B08,WP05,Public output contract does not validate aggregate lossless/ML-ready flags,contract,P2,high,implemented; focused and integration verification passed,done,internal/explorer/output_contract.go:23-47; internal/explorer/output_contract.go:169-217; internal/explorer/compilation/semantic_compile.go:52-53; internal/explorer/compilation/semantic_compile.go:177-193,"PublicOutputContract.ValidateAgainst compares output identity, row metadata, column count/order, and every column metadata bit, but never derives or checks the output-level Lossless and MLReady booleans against its columns.",A content-addressed receipt can be internally self-consistent yet claim lossless=true or mlReady=true while a column says false. Contract consumers that read the aggregate flags receive a false quality summary.,Derive expected aggregate flags from emitted columns plus any explicit row policy and reject mismatches during contract validation. Preserve the transport recomputation as defense in depth and version the contract if semantics change.,A contract with one Lossless=false column cannot validate with output Lossless=true; a matching aggregate summary validates and remains content-addressed.,"GOCACHE=""$PWD/.gocache"" GOTOOLCHAIN=go1.26.5 go test -count=1 ./internal/explorer",Source-only; existing contract tests were inspected but no aggregate-forgery case was run. Add a validator test for false-column/true-output combinations and matching summaries.,"Explorer, server, and GraphQL focused gates plus the 20-assertion live integration scenario passed at 8f57025aecd68c7e5ef5b7593d6b2b2a8ee100fc.",behavior-change,"Existing receipts with forged or legacy aggregate flags need validation/recompile policy. If the derivation is unchanged, no format migration is necessary; row-policy semantics would require a receipt version migration.",accept,"PublicOutputContracts.ValidateAgainst checks output identity, row metadata, ordered columns, and every column lossless/MLReady bit, but never compares output-level Lossless/MLReady with the ordered emitted-column summary. A content-addressed contract can thus be internally consistent under this validator while its aggregate quality flags disagree with its columns.","The semantic compiler computes aggregates by AND-ing emitted flags, and the OpenAPI conversion independently recomputes them for its response. Those safeguards reduce current transport impact but do not make the persisted public contract validator complete for direct consumers or tamper detection.",GitNexus query connects Compile/Publish to PublicOutputContracts and CompilationReceipt.Validate; source inspection shows the ValidateAgainst loop has no aggregate-flag calculation.,PublicOutputContract.ValidateAgainst; PublicOutputContracts.ValidateAgainst; CompilationReceipt.Validate,new,S,B05,internal/explorer/output_contract.go,3af5e2a7c1f47c104b601f92d7e517b265671bfd,8f57025aecd68c7e5ef5b7593d6b2b2a8ee100fc,"Explorer, server, and GraphQL focused gates plus the 20-assertion live integration scenario passed at 8f57025aecd68c7e5ef5b7593d6b2b2a8ee100fc."
ARC-B09,WP05,Viewer projection silently falls back when immutable Config or public contract is malformed,correctness,P2,high,implemented; focused and integration verification passed,done,internal/explorer/viewer_projection.go:19-35; internal/explorer/viewer_projection.go:92-101; internal/explorer/viewer_projection.go:118-121; internal/explorer/viewer_projection.go:269-277; internal/explorer/service.go:75-91,"BuildViewerProjection ignores decodeProjectionConfig errors, falls back to default views, and ignores DecodePublicOutputContracts errors while constructing labels. A revision with malformed Config can therefore return a runtime using guessed/default presentation, or an output with no visible columns, instead of reporting an invalid immutable revision.",A corrupted or incompatible active revision is presented as a valid but different Viewer state. Researchers may see missing labels/columns or defaults and have no diagnostic that the persisted publication contract was invalid.,"Make decoding version-aware and strict for current immutable revisions, returning a typed integrity diagnostic/error for malformed Config or public contract. Retain fallback only for explicitly identified legacy/absent artifacts.",Malformed current Config or PublicOutputContract causes GET state to report an explicit integrity diagnostic and never silently substitutes default views; recognized legacy revisions retain their documented fallback.,"GOCACHE=""$PWD/.gocache"" GOTOOLCHAIN=go1.26.5 go test -count=1 ./internal/server",Source-only; malformed Config/public-contract paths were not run. Add state-route tests proving current malformed artifacts never substitute defaults while a recognized recipe-only legacy revision retains fallback.,"Explorer, server, and GraphQL focused gates plus the 20-assertion live integration scenario passed at 8f57025aecd68c7e5ef5b7593d6b2b2a8ee100fc.",behavior-change,Legacy recipe-only revisions need an explicit compatibility classification. Current malformed revisions should be quarantined/recompiled; changing the state route may require callers to handle an integrity diagnostic but not a stored-format rewrite.,accept,"BuildViewerProjection treats any Config JSON decode error as hasConfig=false and falls back to recipe-derived default views. It also ignores DecodePublicOutputContracts errors, leaving contractLabels empty; ensureColumn then drops columns lacking labels while still potentially returning an output/runtime. LoadExplorerState exposes this projection without an integrity error, so malformed current immutable artifacts can look like a valid but different or empty Viewer state.","The projection comments intentionally permit a recipe-only default table, and an absent Config can be a compatibility case. That does not justify treating malformed current-version Config or output contract bytes as absence; the existing tests cover missing metadata, not malformed current artifacts.",GitNexus query for BuildViewerProjection/PublicOutputContract found the Viewer state route and contract decoder definitions; source was needed because fallback branches are ordinary control flow.,BuildViewerProjection; decodeProjectionConfig; Service.LoadExplorerState,new,M,B08,internal/explorer/viewer_projection.go; internal/explorer/service.go,3af5e2a7c1f47c104b601f92d7e517b265671bfd,8f57025aecd68c7e5ef5b7593d6b2b2a8ee100fc,"Explorer, server, and GraphQL focused gates plus the 20-assertion live integration scenario passed at 8f57025aecd68c7e5ef5b7593d6b2b2a8ee100fc."
ARC-B10,WP05,Route MaxHops diagnostics disagree between commands and compilation,state,P2,high,implemented; focused and integration verification passed,done,internal/explorer/authoringv2/types.go:143-150; internal/explorer/authoringv2/commands.go:284-307; internal/explorer/compilation/semantic_compile.go:300-330; internal/explorer/capability/domain.go:82-102,"ADD_ROUTE does not enforce CatalogSnapshot.RoutePolicy.MaxHops, so a command can persist a route that compile later rejects with ROUTE_TOO_LONG. The claim is too broad for the other policy fields: CatalogSnapshot.Validate rejects self-loop edges when AllowSelfLoops is false, and routeUsesRelationship rejects repeated relationships unconditionally (stricter than a policy allowing them). Compilation remains the final route authority.",Use the reviewed problem and acceptance criterion; the broader discovery claim is not established.,"Narrow to the missing MaxHops command-time diagnostic and align reducer/compile policy for that field, or explicitly document mutable-state permissiveness. Do not claim missing enforcement for AllowSelfLoops/AllowRepeatedEdges without changing their existing stricter behavior.",The chosen draft-permissiveness policy has a command/compile parity test for MaxHops and stable UI diagnostics; existing self-loop and repeated-edge behavior remains tested.,"GOCACHE=""$PWD/.gocache"" GOTOOLCHAIN=go1.26.5 go test -count=1 ./internal/explorer/authoringv2 ./internal/explorer/compilation","Source-only; no command/compile route-policy tests were run. Add focused tests for maxHops rejection/no draft mutation, allowed finite routes, and preserve existing self-loop/repeated-edge behavior.","Explorer, server, and GraphQL focused gates plus the 20-assertion live integration scenario passed at 8f57025aecd68c7e5ef5b7593d6b2b2a8ee100fc.",behavior-change,Existing drafts may contain over-depth routes and will need reconcile/reject diagnostics if command-time enforcement is added. No persisted format change is required; callers should surface the stable policy error.,narrow,"ADD_ROUTE does not enforce CatalogSnapshot.RoutePolicy.MaxHops, so a command can persist a route that compile later rejects with ROUTE_TOO_LONG. The claim is too broad for the other policy fields: CatalogSnapshot.Validate rejects self-loop edges when AllowSelfLoops is false, and routeUsesRelationship rejects repeated relationships unconditionally (stricter than a policy allowing them). Compilation remains the final route authority.","Mutable Builder state intentionally permits some intermediate invalid selections, and compile is the semantic/security authority. Self-loop policy is validated at catalog acceptance, while repeated-edge handling is already a stricter reducer rule; neither is an accepted unsupported route as described.","GitNexus query/context shows authoring command and semantic compile processes separately; it does not connect CatalogSnapshot.RoutePolicy to ApplyCommands, which source confirms is a missing check.",ApplyCommands; CommandAddRoute; resolveSemanticRoute; RoutePolicy.Allows,new,M,none recorded; see WP dependencies,internal/explorer/authoringv2/commands.go; internal/explorer/authoringv2/validation.go,3af5e2a7c1f47c104b601f92d7e517b265671bfd,8f57025aecd68c7e5ef5b7593d6b2b2a8ee100fc,"Explorer, server, and GraphQL focused gates plus the 20-assertion live integration scenario passed at 8f57025aecd68c7e5ef5b7593d6b2b2a8ee100fc."
ARC-B11,WP05,Legacy migration cannot distinguish explicit lossy FIRST from an old implicit default,state,P2,high,implemented; focused and integration verification passed,done,internal/explorer/authoringv2/migration.go:5-45; internal/explorer/authoringv2/semantic_types.go:120-130; internal/explorer/authoringv2/migration_test.go:5-29; docs/EXPLORER_BACKLOG.md:14-22,"For any workspace with SemanticsVersion below 2, MigrateLosslessDefaults rewrites a repeated field with empty or FIRST projection to INDEXED whenever the catalog supports INDEXED. The workspace format has no per-column marker recording whether FIRST was explicitly chosen.","Loading an old workspace can change a researcher's intentional lossy selection into multiple indexed columns without consent, altering output shape and digest. Conversely, preserving FIRST would retain a silent loss; the migration lacks enough state to choose correctly.","Require a durable/versioned migration decision for ambiguous pre-v2 repeated FIRST (or reject it with an actionable report), and include the decision in the intent digest. Preserve current v2 explicit FIRST unchanged.","A pre-v2 workspace containing repeated FIRST is either migrated with a durable, visible migration decision or rejected as ambiguous; a current v2 explicit FIRST round-trips unchanged.","GOCACHE=""$PWD/.gocache"" GOTOOLCHAIN=go1.26.5 go test -count=1 ./internal/explorer/authoringv2","Source-only; existing migration tests were inspected, but an intentionally lossy pre-v2 FIRST fixture was not run. Add tests for visible decision/rejection and v2 round-trip preservation.","Explorer, server, and GraphQL focused gates plus the 20-assertion live integration scenario passed at 8f57025aecd68c7e5ef5b7593d6b2b2a8ee100fc.",breaking,"This is itself a persisted-workspace migration: introduce a marker/decision format and define handling for already published pre-v2 receipts/revisions, which should remain immutable and be recompiled only explicitly.",accept,"MigrateLosslessDefaults applies to every workspace below the current semantics version and rewrites an empty/FIRST repeated field to INDEXED whenever the matching catalog candidate supports it. The workspace has no marker recording whether pre-v2 FIRST was an explicit lossy choice or the historical implicit default, so the migration cannot recover that intent. Current v2 workspaces bypass the migration and preserve explicit FIRST.","The rewrite is intentional for historical defaults, is copy-on-write, and the focused migration test proves current explicit FIRST is not rewritten. That policy cannot distinguish an intentional pre-v2 FIRST, which is the compatibility ambiguity rather than a reproduced runtime failure.",GitNexus query results identify MigrateLosslessDefaults on the compile/receipt process; source and its focused migration test show the version gate is workspace-wide and FIRST has no explicitness bit.,MigrateLosslessDefaults; ColumnSource.validate; CurrentSemanticsVersion,new,M,B05; B06,internal/explorer/authoringv2/migration.go; internal/explorer/authoringv2/types.go,3af5e2a7c1f47c104b601f92d7e517b265671bfd,8f57025aecd68c7e5ef5b7593d6b2b2a8ee100fc,"Explorer, server, and GraphQL focused gates plus the 20-assertion live integration scenario passed at 8f57025aecd68c7e5ef5b7593d6b2b2a8ee100fc."
ARC-B12,WP05,Repository publication persists lifecycle state before release and Explorer activation,state,P1,high,implemented; focused and integration verification passed,done,internal/explorer/lifecycle/repository_publish.go:61-82; internal/explorer/service.go:288-330; internal/explorer/arango/publication.go:30-72; internal/explorer/arango/activation.go:56-80,"PublishRepository materializes, calls UpsertRepositoryV2 (which stores receipt, owner draft, and READY revision), then separately calls ActivateRelease and ActivateRepositoryGeneration. Activation failure can leave a persisted ready revision/updated owner without a matching dataset release, or a switched dataset release without an active Explorer pointer.","Retries and readers can observe split-brain lifecycle state. The code marks the revision FAILED for the first release activation failure but does not provide a durable pending activation/reconciliation state, and the second activation failure has no compensating transition.","Add a durable pending/failed publication coordinator with idempotent repair, or extend storage transaction scope to the release switch. Define reader visibility for READY/PENDING and ensure failed revisions cannot appear active.","Injecting either activation failure leaves an explicit, retryable pending/failed publication state; after retry, dataset release and Explorer active pointer refer to the same revision and generation, with no reader reporting the failed revision as active.","GOCACHE=""$PWD/.gocache"" GOTOOLCHAIN=go1.26.5 go test -count=1 ./internal/explorer/lifecycle ./internal/explorer/arango",Source-only; no injected first- or second-activation failure was run. Add lifecycle tests for both failures and a retry proving release generation and Explorer active revision converge without exposing the failed revision.,"Explorer, server, and GraphQL focused gates plus the 20-assertion live integration scenario passed at 8f57025aecd68c7e5ef5b7593d6b2b2a8ee100fc.",behavior-change,Existing READY/FAILED revisions and active release pointers need a reconciliation scan when introducing pending state. Repository publish callers must retry the same receipt/revision identity idempotently.,accept,"PublishRepository persists the receipt, owner draft, and READY revision in UpsertRepositoryV2, then calls release activation and Explorer/dataset-generation activation separately. ActivateRepositoryGeneration atomically updates its lifecycle active document, revision status, and Explorer pointer, but it cannot roll back a prior ActivateRelease callback. A release success followed by the second activation failure therefore leaves dataset release and Explorer active pointer split; a first activation failure leaves persisted READY/FAILED work without a durable pending state.","The composite Arango transaction does prevent partial updates among lifecycle, revision, and owner documents, and the code comments explicitly identify separate activation for adapter composition. That does not make the external release switch and Explorer pointer atomic or provide retry/reconciliation state.",GitNexus query connects PublishRepository/UpsertRepositoryV2 to publication and release processes; source confirms UpsertRepositoryV2 and both activation calls are separate operations.,Service.PublishRepository; Service.UpsertRepositoryV2; Service.ActivateRepositoryGeneration; Store.PublishAuthoring,new,L,B04; B07,internal/explorer/lifecycle/repository_publish.go; internal/explorer/service.go; internal/explorer/arango/activation.go,3af5e2a7c1f47c104b601f92d7e517b265671bfd,8f57025aecd68c7e5ef5b7593d6b2b2a8ee100fc,"Explorer, server, and GraphQL focused gates plus the 20-assertion live integration scenario passed at 8f57025aecd68c7e5ef5b7593d6b2b2a8ee100fc."
ARC-B14,WP05,Compiler trusts authoring LogicalType and projection mode after only path-level candidate lookup,correctness,P1,high,implemented; focused and integration verification passed,done,internal/explorer/compilation/semantic_compile.go:67-84; internal/explorer/compilation/semantic_compile.go:136-139; internal/explorer/compilation/compile.go:153-164; internal/explorer/authoringv2/semantic_types.go:120-130,"compileSemanticDocument resolves a candidate by occurrence node and field path, then takes LogicalType from the authoring column before the candidate type and translates the requested projection mode without checking candidate.ProjectionModes. Syntax validation accepts the mode vocabulary but not the snapshot-specific capability membership.","Repository or direct compile payloads can create receipts whose public contract advertises a fabricated logical type or unsupported projection, bypassing the command reducer's narrower checks and making capability snapshots non-authoritative.",Make the resolved capability candidate authoritative for logical type/cardinality and require the authored mode to be advertised; return a structured capability/intent error before receipt storage. Any user cast/coercion must be explicitly versioned.,Compiling a workspace with a mismatched LogicalType or mode not advertised by the snapshot returns a structured intent/capability error and stores no receipt; command-generated workspaces continue to compile.,"GOCACHE=""$PWD/.gocache"" GOTOOLCHAIN=go1.26.5 go test -count=1 ./internal/explorer/compilation","Source-only; no direct invalid-mode/type compile test was run. Add compilation tests for mismatched LogicalType and unsupported mode, verify no receipt is stored, and retain command-generated workspace success.","Explorer, server, and GraphQL focused gates plus the 20-assertion live integration scenario passed at 8f57025aecd68c7e5ef5b7593d6b2b2a8ee100fc.",behavior-change,Existing valid receipts remain immutable. Direct callers and repository fixtures must migrate to candidate-authoritative workspaces; changing accepted mode/type semantics may require receipt/compiler contract versioning and explicit recompile of affected artifacts.,accept,"Compile validates generic document syntax, then semanticFieldCandidate resolves only by node ID and field path. compileSemanticDocument takes authoring Column.LogicalType in preference to the capability candidate and translates the requested projection mode without checking membership in candidate.ProjectionModes. ADD_COLUMN normally populates candidate values and checks membership, but repository/direct compilation callers can bypass that reducer.","Command-generated workspaces use the candidate's LogicalType and reject an unadvertised mode, so the ordinary Builder path is narrower. Compile is nevertheless the boundary used by repository publication and can be called with a directly decoded workspace.",GitNexus query for semantic compilation exposes CompileWorkspace/Compile and receipt paths; source inspection confirms semanticFieldCandidate matches only node/path and no mode/type predicate follows.,compileSemanticDocument; semanticFieldCandidate; Compile; ColumnSource.validate,new,M,B06; B07,internal/explorer/compilation/semantic_compile.go; internal/explorer/compilation/compile.go,3af5e2a7c1f47c104b601f92d7e517b265671bfd,8f57025aecd68c7e5ef5b7593d6b2b2a8ee100fc,"Explorer, server, and GraphQL focused gates plus the 20-assertion live integration scenario passed at 8f57025aecd68c7e5ef5b7593d6b2b2a8ee100fc."
ARC-C02,WP02,Inactive immutable releases have no explicit retention policy,state,P3,high,implemented; focused and integration verification passed,done,internal/dataset/release.go:149; internal/dataset/release.go:218; internal/dataset/arango/release_store.go:12,"Create and Activate are deliberately separate: ProjectRelease is immutable, SaveRelease is idempotent by release ID/content, and activation CAS leaves the active pointer unchanged on conflict. A losing concurrent activation can therefore leave an immutable, inactive release document, but that is not by itself an orphan correctness failure. The real open issue is whether retention and operator/audit queries bound inactive candidates.",Use the reviewed problem and acceptance criterion; the broader discovery claim is not established.,"Narrow to an explicit inactive-release retention/reconciliation policy: document whether losing candidates are retained for audit, expose terminal activation-conflict reason/age, and bound cleanup if storage policy requires it. Do not require one transaction that erases the immutable-candidate contract.",An explicit keep-for-audit or bounded-retention policy is tested after an activation conflict; the active pointer and immutable history remain correct.,"GOCACHE=""$PWD/.gocache"" GOTOOLCHAIN=go1.26.5 go test -count=1 ./internal/dataset ./internal/dataset/arango","Source-only; existing release CAS tests cover pointer preservation on conflict, but inactive-candidate retention is not tested. Add a policy/retention test before changing storage.","Focused catalog, dataset, ingest, store, server, race, and integrated repository gates passed at 4631c5225d727b2bd54b48e888f26d918eb5a630.",behavior-change,"If cleanup or a candidate state is added, migrate release inspection/retention tooling and preserve existing immutable release records.",narrow,"Create and Activate are deliberately separate: ProjectRelease is immutable, SaveRelease is idempotent by release ID/content, and activation CAS leaves the active pointer unchanged on conflict. A losing concurrent activation can therefore leave an immutable, inactive release document, but that is not by itself an orphan correctness failure. The real open issue is whether retention and operator/audit queries bound inactive candidates.","ProjectRelease is documented immutable; saveReleaseAQL preserves compatible existing content, while activateReleaseAQL compares the release revision transactionally. No reader is shown to treat an inactive release as active data.",The graph shows Create/SaveRelease and CompareAndSwapActivateRelease as separate lifecycle steps; no single transaction edge joins candidate creation to pointer CAS.,ReleaseService.Create; ReleaseService.Activate; Store.SaveRelease; CompareAndSwapActivateRelease,new,M,C01 generation activation fencing,internal/dataset/release.go; internal/dataset/arango/release_store.go,3af5e2a7c1f47c104b601f92d7e517b265671bfd,4631c5225d727b2bd54b48e888f26d918eb5a630,"Focused catalog, dataset, ingest, store, server, race, and integrated repository gates passed at 4631c5225d727b2bd54b48e888f26d918eb5a630."
ARC-C03,WP02,Failed immutable loads need an explicit rebuild and retention workflow,operability,P2,high,reviewed; rejected as already supported,rejected,internal/ingest/generation_orchestration.go:146; internal/ingest/generation_orchestration.go:151; internal/ingest/generation_orchestration.go:167; internal/dataset/arango/manifest_lifecycle.go:38,"The source intentionally creates immutable generation rows, transitions the manifest to FAILED on pre-stage errors, and rejects reuse of the same manifest key. Partial graph rows are hidden by lifecycle state and are not selected by active readers. Lack of resume is a missing operational workflow, not demonstrated reader-visible corruption.",Use the reviewed problem and acceptance criterion; the broader discovery claim is not established.,"Reframe as a resumability/storage-management work item. Specify either an idempotent rebuild with a new generation or durable per-file checkpoints keyed by input/schema identity, plus a cleanup/retention policy. Do not call the current immutable failure path a correctness defect.",Injected failure followed by the chosen new-generation rebuild or identity-checked resume creates no duplicate active vertices/edges and preserves failed-generation inspection.,"GOCACHE=""$PWD/.gocache"" GOTOOLCHAIN=go1.26.5 go test -count=1 ./internal/ingest ./internal/dataset/arango",Source-only; no failure/resume storage test was run. Add an injected-failure test proving no duplicate vertices/edges for whichever policy is selected.,The existing repair-generation workflow already provides distinct-generation recovery; no duplicate path was added.,behavior-change,A resume/rebuild feature must preserve existing FAILED manifests and validate input/schema identity; no existing reader migration is needed for the current behavior.,narrow,"The source intentionally creates immutable generation rows, transitions the manifest to FAILED on pre-stage errors, and rejects reuse of the same manifest key. Partial graph rows are hidden by lifecycle state and are not selected by active readers. Lack of resume is a missing operational workflow, not demonstrated reader-visible corruption.",LoadOptions explicitly says failed immutable rows remain for inspection and cannot be selected; activation requires STAGED/READY and generation readers resolve only the active pointer.,"The ingest graph follows file loading through one manifest transition and activation; it contains no file checkpoint, resume, or generation cleanup operation.",loadGeneration; Store.CreateManifest; GenerationLoadIncompleteError,new,L,C01 generation activation fencing,internal/ingest/generation_orchestration.go; internal/ingest/generation_workers.go; internal/dataset/arango/manifest_lifecycle.go,3af5e2a7c1f47c104b601f92d7e517b265671bfd,,The existing repair-generation workflow already provides distinct-generation recovery; no duplicate path was added.
ARC-C04,WP02,Generation failure cleanup removes cancellation from an unbounded backend call,operability,P2,high,source-reviewed; targeted scenario not yet proven,blocked,internal/ingest/generation_orchestration.go:108; internal/ingest/generation_orchestration.go:151,"The load defer marks a pre-staged manifest FAILED through context.WithoutCancel(ctx), and the client close also uses context.WithoutCancel(ctx), with no timeout.","A canceled request can block indefinitely waiting for Arango during failure marking or close, tying up the worker and preventing the API/CLI from returning a bounded outcome.","Use one independent short-deadline cleanup context for TransitionManifest and Close, join cleanup timeout/error with the original load error, and retain explicit FAILED/unknown-outcome semantics.","When the request context is canceled and Arango does not respond, Load returns within the cleanup deadline and reports both the original cancellation and cleanup timeout without goroutine leakage.","GOCACHE=""$PWD/.gocache"" GOTOOLCHAIN=go1.26.5 go test -count=1 ./internal/ingest",Source-inferred; blocked-backend timeout and goroutine-leak test is not run. Add a fake client that stalls until context deadline.,Independent cleanup contexts and joined errors are tested; a concrete blocked Arango Load remains unproven because loadGeneration constructs the client directly.,preserve,Behavior-preserving; callers receive bounded cleanup errors. Add only local cleanup helper/configuration.,accept,"The ingest defer paths pass context.WithoutCancel(ctx) to both failure-state persistence and client.Close. WithoutCancel removes cancellation and no independent deadline is installed, so a blocked Arango call can outlive the request indefinitely. The intent to record durable failure is sound, but the cleanup operation is unbounded.","WithoutCancel correctly preserves a failure-recording attempt after request cancellation; publication has a bounded cleanup helper, but no equivalent bounded ingest helper is present.",The ingest lifecycle graph reaches manifest transition after file work; no timeout/cleanup helper is connected to that failure edge.,loadGeneration; client.Close; Store.TransitionManifest,new,S,none recorded; see WP dependencies,internal/ingest/generation_orchestration.go; internal/ingest/load_options.go,3af5e2a7c1f47c104b601f92d7e517b265671bfd,4631c5225d727b2bd54b48e888f26d918eb5a630,Independent cleanup contexts and joined errors are tested; a concrete blocked Arango Load remains unproven because loadGeneration constructs the client directly.
ARC-C05,WP02,Catalog discovery cache grows without an entry or lifetime bound,ownership,P2,high,implemented; focused and integration verification passed,done,internal/catalog/cache.go:10; internal/catalog/cache.go:25; internal/catalog/cache.go:48; internal/catalog/cache.go:63,"Cache stores cloned field/reference results in process-wide maps keyed by project, resource/filter, mode, auth scope, and generation; NewCache has no capacity, TTL, or generation eviction, with only explicit project/all invalidation.","Long-lived servers serving many projects, generations, or authorization scopes retain every discovery result and its cloned slices, causing unbounded memory growth and stale data until an external invalidation call occurs.","Add a configured bounded LRU/weighted policy (and optional TTL), observable evictions, and generation/project invalidation integrated with publication lifecycle. Preserve key scope semantics.","A configured maximum number/weight of cached scopes is never exceeded, evictions are observable, and activation invalidates prior-generation entries for the project.","GOCACHE=""$PWD/.gocache"" GOTOOLCHAIN=go1.26.5 go test -count=1 ./internal/catalog","Source-inferred; current cache tests cover cloning/invalidation, not load/eviction. Add a maximum-entry/weight test over many generations and scopes.","Focused catalog, dataset, ingest, store, server, race, and integrated repository gates passed at 4631c5225d727b2bd54b48e888f26d918eb5a630.",behavior-change,Cache behavior changes for callers that assume indefinite reuse; server configuration/defaults and cache tests must be updated. No persisted-state migration.,accept,"NewCache is process-wide in server wiring and stores cloned field/reference slices in unbounded maps. Keys include project, generation, resource/filter, mode, and auth scope; only explicit project/all invalidation removes entries. Generation invalidation on successful publication does not bound failed/abandoned generations or arbitrary project/scope cardinality.","Cloning protects callers and InvalidateProject exists; neither supplies capacity, TTL, weighted accounting, or a lifecycle owner for all failure paths.",The cache query found Profiler bounds but no cache eviction or size owner; source shows only map insertion and explicit invalidation.,Cache; NewCache; Cache.DiscoverFields; Cache.DiscoverReferences,new,M,none recorded; see WP dependencies,internal/catalog/cache.go; internal/catalog/cache_test.go,3af5e2a7c1f47c104b601f92d7e517b265671bfd,4631c5225d727b2bd54b48e888f26d918eb5a630,"Focused catalog, dataset, ingest, store, server, race, and integrated repository gates passed at 4631c5225d727b2bd54b48e888f26d918eb5a630."
ARC-C06,WP02,Profiler limits bound each field but not aggregate retained bytes,operability,P2,high,implemented; focused and integration verification passed,done,internal/catalog/limits.go:3; internal/catalog/write_profiler.go:280; internal/catalog/write_profiler.go:310; internal/catalog/write_profiler.go:327; internal/catalog/write_profiler.go:344,"ProfileLimits cap fields, distinct values, pivot columns, extension observations, and shape-plan count independently. Distinct and pivot values are admitted up to MaxDistinctValueBytes each, with no profiler-wide byte budget.","At defaults, the independent maxima permit roughly 4096 fields x 4096 values x 4096 bytes before map/slice overhead (tens of GiB in the theoretical worst case); parallel workers and per-resource profilers multiply the retained footprint.","Add a shared aggregate byte/entry budget reserved across field metadata, distinct, pivot, extension, and shape structures; mark evidence truncated when exhausted and define how Merge shares the budget.","For adversarial rows, measured profiler retention stays under the configured aggregate budget and output evidence reports truncation rather than silently exceeding it.","GOCACHE=""$PWD/.gocache"" GOTOOLCHAIN=go1.26.5 go test -count=1 ./internal/catalog ./internal/ingest","Source-inferred; no aggregate adversarial memory test. Add a measured retention test with many fields and long values, including worker Merge.","Focused catalog, dataset, ingest, store, server, race, and integrated repository gates passed at 4631c5225d727b2bd54b48e888f26d918eb5a630.",behavior-change,Output truncation semantics and load configuration change; persisted catalog fields remain compatible if truncation flags continue to be truthful.,accept,"ProfileLimits independently cap fields, distinct values, pivot columns, extension observations, and shape plans. The profiler retains values in per-field maps/slices and merges worker/file profilers into a generation profiler, so independent maxima can still produce a very large aggregate retained footprint. The per-field bounds are real but do not establish a process/file budget.",TestFieldCatalogProfilerBoundsHighCardinalityValues and the normalized finite defaults prove local caps; they do not account bytes across all fields/structures or concurrent workers.,"GitNexus finds bounded high-cardinality and shape-cache tests, but no aggregate profiler budget or worker-wide accounting edge.",ProfileLimits; NewProfilerForGenerationWithLimits; fieldCatalogStats.addDistinctWithLimits; fieldCatalogStats.addPivotColumnWithLimits,new,M,none recorded; see WP dependencies,internal/catalog/limits.go; internal/catalog/write_profiler.go; internal/catalog/write_profiler_test.go,3af5e2a7c1f47c104b601f92d7e517b265671bfd,4631c5225d727b2bd54b48e888f26d918eb5a630,"Focused catalog, dataset, ingest, store, server, race, and integrated repository gates passed at 4631c5225d727b2bd54b48e888f26d918eb5a630."
ARC-C07,WP03,Direct publication identity construction can bypass auth-path canonicalization,duplication,P1,high,implemented; focused and integration verification passed,done,internal/catalog/cache.go:131; internal/dataframe/publication/bundle.go:68; internal/dataframe/publication/bundle.go:79; internal/dataframe/publication/types.go:63,"The broad identity claim overstates the issue. Auth scope inputs are normalized/deduplicated/sorted at authscope boundaries, and recipeScopeDigest/explorerScopeDigest also sort paths. BundleIdentity.PointerName does not include auth paths at all, so path permutation cannot change the pointer name. FinalSchemaDigest deliberately serializes the actually staged output and column order; no source contract says schema columns or outputs are unordered.",Use the reviewed problem and acceptance criterion; the broader discovery claim is not established.,"Restrict the work item to canonicalizing or validating set-valued auth paths at the publication identity boundary, with a versioned policy. Preserve output/column order in FinalSchemaDigest unless a specific unordered contract is introduced and independently declared.",Direct identity construction handles equivalent auth-path sets consistently; ordered schema/column permutations still produce distinct schema identities where order is semantic.,"GOCACHE=""$PWD/.gocache"" GOTOOLCHAIN=go1.26.5 go test -count=1 ./internal/dataframe/publication/... ./internal/catalog",Source-only; no permutation test run. Add direct identity tests for auth-path permutations and explicit ordered-schema distinction before changing keys.,"Focused publication, execution, published-reader, GraphQL, server, and integrated live gates passed at 4631c5225d727b2bd54b48e888f26d918eb5a630.",behavior-change,"If identity keys are changed, persisted execution lookup and leases need a versioned key/read compatibility plan; schema digest changes require publication/release compatibility handling.",narrow,"The broad identity claim overstates the issue. Auth scope inputs are normalized/deduplicated/sorted at authscope boundaries, and recipeScopeDigest/explorerScopeDigest also sort paths. BundleIdentity.PointerName does not include auth paths at all, so path permutation cannot change the pointer name. FinalSchemaDigest deliberately serializes the actually staged output and column order; no source contract says schema columns or outputs are unordered.","Direct construction of PublicationIdentity/BundleIdentity can bypass upstream normalization, and BundleIdentity.Key includes AuthResourcePaths. That is an API precondition/constructor concern, not evidence that normal server requests duplicate pointers or that column permutations are equivalent.",The codec/identity graph connects publication key/digest flows to cache scope canonicalization but shows no shared canonicalizer.,authScopeKey; BundleIdentity.Key; BundleIdentity.PointerName; FinalSchemaDigest,new,M,none recorded; see WP dependencies,internal/dataframe/publication/bundle.go; internal/dataframe/publication/types.go,3af5e2a7c1f47c104b601f92d7e517b265671bfd,4631c5225d727b2bd54b48e888f26d918eb5a630,"Focused publication, execution, published-reader, GraphQL, server, and integrated live gates passed at 4631c5225d727b2bd54b48e888f26d918eb5a630."
ARC-C08,WP03,Execution metadata writes are not durably fenced by the lease owner,ownership,P1,high,implemented; focused and integration verification passed,done,internal/dataframe/publication/clickhouse/bundle_store.go:660; internal/dataframe/publication/arango/bundle_registry.go:20; internal/dataframe/publication/arango/bundle_registry.go:187,"ClickHouse transaction save checks a local lease flag and then calls Registry.SaveExecution; SaveExecution upserts the execution document with overwrite=true and no owner, lease-expiry, or revision predicate. Only PublishExecution checks the durable lease.","An old worker that passed ensureLease just before expiry can write a stale RUNNING/FAILED/output snapshot after a new owner has acquired the lease, clobbering progress or terminal state and confusing reconciliation.","Make SaveExecution owner/lease/revision fenced in Arango (or checkpoint transactionally), reject stale writers, and let reconciliation handle a rejected checkpoint. Keep normal active-owner checkpoints successful.","After lease takeover, a delayed old-owner SaveExecution is rejected and the new owner's execution snapshot remains unchanged; normal checkpoint writes still succeed.","GOCACHE=""$PWD/.gocache"" GOTOOLCHAIN=go1.26.5 go test -count=1 ./internal/dataframe/publication/...",Source-inferred; delayed-owner race not run. Add a storage-backed takeover test that proves an old SaveExecution cannot alter the new owner's snapshot.,"Focused publication, execution, published-reader, GraphQL, server, and integrated live gates passed at 4631c5225d727b2bd54b48e888f26d918eb5a630.",behavior-change,Execution documents need an owner/revision-compatible rollout; old records must remain readable and reconciliation must tolerate missing fence fields during migration.,accept,"clickHouseBundleTx.save checks only a local lease flag, then Registry.SaveExecution upserts the execution with overwrite=true. SaveExecution's AQL path has no durable lease owner, expiry, or revision predicate; durable fencing is present in PublishExecution but not ordinary checkpoint writes. A delayed old owner can therefore overwrite a new owner's metadata after lease takeover.","The local lease renewal/ensureLease path prevents ordinary misuse and PublishExecution durably checks owner/expiry, but neither closes the check-to-write race in SaveExecution.","Publication graph reaches lease acquire/renew, SaveExecution, and PublishExecution; only PublishExecution's source predicate includes durable owner/expiry checks.",clickHouseBundleTx.save; Registry.SaveExecution; Registry.PublishExecution; Registry.AcquireBundleLease,new,M,none recorded; see WP dependencies,internal/dataframe/publication/arango/bundle_registry.go; internal/dataframe/publication/clickhouse/bundle_store.go,3af5e2a7c1f47c104b601f92d7e517b265671bfd,4631c5225d727b2bd54b48e888f26d918eb5a630,"Focused publication, execution, published-reader, GraphQL, server, and integrated live gates passed at 4631c5225d727b2bd54b48e888f26d918eb5a630."
ARC-C09,WP03,Post-insert checkpoint failure has an uncertain recovery outcome,state,P1,high,implemented; focused and integration verification passed,done,internal/dataframe/publication/clickhouse/bundle_store.go:456; internal/dataframe/publication/clickhouse/bundle_store.go:486; internal/dataframe/publication/clickhouse/bundle_store.go:508,"InsertRows calls ClickHouse first, updates in-memory counts, then SaveExecution. This is an uncertain write/checkpoint window. However, the current Publish runner does not retry InsertRows on a failed checkpoint: fail invokes Abort/drop-table, a new Begin sees the old execution in flight until reconciliation, and a new execution has a distinct physical table/row identity sequence. The stated duplicate-row/row-ID outcome is not established by current retry ownership.",Use the reviewed problem and acceptance criterion; the broader discovery claim is not established.,"Narrow to uncertain post-insert checkpoint recovery: classify the outcome, reconcile/query actual rows before any same-table retry, or add a durable batch idempotency key. Do not claim duplicate IDs without a retry path/test that retries the same physical table.",Inject checkpoint failure after accepted insert; recovery either removes unreachable staging data or reconciles exactly one copy with accurate counts before retry.,"GOCACHE=""$PWD/.gocache"" GOTOOLCHAIN=go1.26.5 go test -count=1 ./internal/dataframe/publication/clickhouse",Source-inferred; post-insert failure injection is not run. Add a test that injects SaveExecution failure after accepted InsertRows and proves recovery leaves one row copy and accurate metadata.,"Focused publication, execution, published-reader, GraphQL, server, and integrated live gates passed at 4631c5225d727b2bd54b48e888f26d918eb5a630.",behavior-change,A batch-token/recovery change affects ClickHouse table metadata and publication retry ownership; preserve existing staged-table cleanup for old executions.,narrow,"InsertRows calls ClickHouse first, updates in-memory counts, then SaveExecution. This is an uncertain write/checkpoint window. However, the current Publish runner does not retry InsertRows on a failed checkpoint: fail invokes Abort/drop-table, a new Begin sees the old execution in flight until reconciliation, and a new execution has a distinct physical table/row identity sequence. The stated duplicate-row/row-ID outcome is not established by current retry ownership.","Leases serialize ordinary owners, Publish's fail path aborts with bounded cleanup, and Reconcile protects pointer-visible tables while removing stale staging tables. No same-transaction retry API exists in the runner.","The publication graph connects CreateOutput to retryable errors and Begin to execution metadata, but no batch checkpoint/idempotency key sits between InsertRows and save.",clickHouseBundleTx.InsertRows; addGeneratedRowIdentities; clickHouseBundleTx.save,new,L,C08 durable bundle owner fencing,internal/dataframe/publication/clickhouse/bundle_store.go; internal/dataframe/publication/clickhouse/clickhouse_bundle_test.go,3af5e2a7c1f47c104b601f92d7e517b265671bfd,4631c5225d727b2bd54b48e888f26d918eb5a630,"Focused publication, execution, published-reader, GraphQL, server, and integrated live gates passed at 4631c5225d727b2bd54b48e888f26d918eb5a630."
ARC-C10,WP03,Output metadata checkpoint ignores the transaction context,ownership,P2,high,implemented; focused and integration verification passed,done,internal/dataframe/publication/clickhouse/bundle_store.go:349; internal/dataframe/publication/clickhouse/bundle_store.go:381; internal/dataframe/publication/runner.go:118,"SetOutputMetadata mutates the transaction's output record and calls save(context.Background()), so request cancellation/deadlines do not bound this backend write. Lease validation happens only inside save after the mutation.","An abandoned publication can keep writing durable metadata after its request has been canceled, and a backend stall can outlive the caller's lifecycle; the behavior also differs from every other context-aware transaction operation.","Thread the caller context through SetOutputMetadata (or bind context at transaction setup), validate lease before mutating the snapshot, and reserve independent bounded cleanup contexts for explicit aborts only.",Canceling the publication context before metadata persistence prevents the write or returns promptly with context cancellation; successful active transactions still persist metadata.,"GOCACHE=""$PWD/.gocache"" GOTOOLCHAIN=go1.26.5 go test -count=1 ./internal/dataframe/publication/clickhouse",Source-inferred; canceled metadata-write test not run. Add a fake backend that blocks and assert cancellation returns promptly without persisting the metadata snapshot.,"Focused publication, execution, published-reader, GraphQL, server, and integrated live gates passed at 4631c5225d727b2bd54b48e888f26d918eb5a630.",behavior-change,Transaction interface/API changes affect ClickHouse target and test fakes; successful active transactions should retain current persistence behavior.,accept,"SetOutputMetadata has no context parameter and calls save(context.Background()). It is invoked during Begin using the caller context, but cancellation cannot reach this metadata write; save only checks lease before the unbounded backend call. This creates a concrete cancellation/lifecycle mismatch.","The local lease check still prevents ordinary stale writes, and Begin aborts on metadata error; those do not bound a Background-context backend stall or stop a write after request cancellation.",Publication graph shows Begin/CreateOutput/SetOutputMetadata before streaming and commit; no context argument reaches SetOutputMetadata's save call.,clickHouseBundleTx.SetOutputMetadata; publication.Publish,new,S,C08 durable bundle owner fencing,internal/dataframe/publication/clickhouse/bundle_store.go; internal/dataframe/publication/runner.go,3af5e2a7c1f47c104b601f92d7e517b265671bfd,4631c5225d727b2bd54b48e888f26d918eb5a630,"Focused publication, execution, published-reader, GraphQL, server, and integrated live gates passed at 4631c5225d727b2bd54b48e888f26d918eb5a630."
ARC-C11,WP03,One process-wide begin mutex serializes unrelated publications,operability,P3,high,implemented; focused and integration verification passed,done,internal/dataframe/publication/clickhouse/bundle_store.go:29; internal/dataframe/publication/clickhouse/bundle_store.go:97,"ClickHouseBundleStore.beginBundle locks one sync.Mutex around validation, durable key lookup, pointer lookup, lease acquisition, and two execution saves for every bundle identity.","Slow metadata I/O or one publication startup blocks all unrelated projects/recipes in the process, reducing publication throughput even though durable leases are already per key.","Use a keyed lock/singleflight keyed by BundleIdentity.Key, or rely on correctly fenced durable admission. Keep identical-key in-flight behavior and avoid changing cross-process lease semantics.",Two distinct bundle keys can begin concurrently while two identical keys still yield one owner/in-flight result and no duplicate visible publication.,"GOCACHE=""$PWD/.gocache"" GOTOOLCHAIN=go1.26.5 go test -count=1 ./internal/dataframe/publication/clickhouse",Source-inferred; no throughput/concurrency test run. Add a test with blocked I/O proving different keys proceed while identical keys remain deduplicated.,"Focused publication, execution, published-reader, GraphQL, server, and integrated live gates passed at 4631c5225d727b2bd54b48e888f26d918eb5a630.",preserve,Behavior-preserving concurrency refactor; tests must cover same-key duplicate admission and distinct-key parallelism.,accept,"beginBundle locks ClickHouseBundleStore.mu around validation, durable lookup, pointer lookup, lease acquisition, and two SaveExecution calls. Thus unrelated bundle identities in one process wait behind one another, including slow metadata I/O. Durable leases are keyed, so this serialization is broader than the ownership invariant.",The global lock intentionally simplifies same-process duplicate-start behavior; replacing it must retain per-key admission and be sequenced after durable SaveExecution fencing (C08).,The source comment itself describes a process-wide begin lock and says catalog leases handle cross-process races; the graph shows identities are keyed independently.,ClickHouseBundleStore.mu; ClickHouseBundleStore.beginBundle,new,S,C08 durable bundle owner fencing,internal/dataframe/publication/clickhouse/bundle_store.go; internal/dataframe/publication/clickhouse/clickhouse_bundle_test.go,3af5e2a7c1f47c104b601f92d7e517b265671bfd,4631c5225d727b2bd54b48e888f26d918eb5a630,"Focused publication, execution, published-reader, GraphQL, server, and integrated live gates passed at 4631c5225d727b2bd54b48e888f26d918eb5a630."
ARC-C12,WP03,Reconciliation loads every stale execution into one in-memory slice,operability,P2,high,implemented; focused and integration verification passed,done,internal/dataframe/publication/arango/bundle_registry.go:47; internal/dataframe/publication/arango/bundle_registry.go:58; internal/dataframe/publication/clickhouse/bundle_store.go:772,Registry.ListExecutions appends all matching execution documents before returning; ClickHouseBundleStore.Reconcile calls it for each stale lifecycle state and then processes the returned slice.,A backlog of failed/running executions or large output metadata can make startup reconciliation consume unbounded memory and delay cleanup; one oversized result also prevents incremental progress.,"Add bounded paging/visitor iteration with a stable continuation key/time boundary, process one page at a time, and define retry behavior so repeated reconciliation eventually covers the full stale set.","Reconciliation's peak retained execution metadata is bounded by the configured page size, and all stale executions are eventually processed across repeated pages.","GOCACHE=""$PWD/.gocache"" GOTOOLCHAIN=go1.26.5 go test -count=1 ./internal/dataframe/publication/...",Source-inferred; no large-backlog test run. Add a page-bound test asserting peak retained executions stays within configured page size and all stale records are processed.,"Focused publication, execution, published-reader, GraphQL, server, and integrated live gates passed at 4631c5225d727b2bd54b48e888f26d918eb5a630.",additive,Additive catalog API; reconcile old and new execution records identically and avoid skipping records while pages are updated.,accept,"Registry.ListExecutions appends every matching document into a slice before returning, despite QueryRows delivering batches. Reconcile calls it for each stale lifecycle state and then processes the complete slice, so a large stale backlog and output metadata are retained at once and cannot make incremental progress within the call.","The low-level client streams rows, but the adapter discards that streaming advantage by materializing the result; startup intent does not establish a memory bound.",The publication graph connects Reconcile to ListExecutions and cleanup; no cursor/page/visitor API is present on that edge.,Registry.ListExecutions; ClickHouseBundleStore.Reconcile,new,M,C08 durable bundle owner fencing,internal/dataframe/publication/arango/bundle_registry.go; internal/dataframe/publication/clickhouse/bundle_store.go,3af5e2a7c1f47c104b601f92d7e517b265671bfd,4631c5225d727b2bd54b48e888f26d918eb5a630,"Focused publication, execution, published-reader, GraphQL, server, and integrated live gates passed at 4631c5225d727b2bd54b48e888f26d918eb5a630."
ARC-D01,WP06,"One-shot and stored-recipe catalog discovery adapters drift in fields, metadata, and failure typing",contract,P2,high,implemented; focused and integration verification passed,done,internal/api/graphql/graph/query/recipe_discovery.go:12-59; internal/server/recipe_discovery.go:13-73; internal/server/recipe_discovery_test.go:11-39,"The GraphQL one-shot adapter copies ordinary and pivot fields but does not filter project_id, auth_resource_path, or dataset_generation, and omits PivotItemSource, PivotItemResourceType, and PivotValueSelectors. The stored-recipe adapter filters those Loom metadata fields, copies the additional pivot metadata, and returns an untyped fmt.Errorf when its reader is nil. The query adapter instead returns a retryable typed BACKEND_UNAVAILABLE and classifies reader errors.","The same project, generation, and scope can produce different selectable field sets depending on whether a user runs a one-shot query or a stored recipe. Internal metadata can become a one-shot candidate, while pivot behavior or client retry handling can disappear on the other path.","Accept the shared adapter/policy direction, but make the metadata policy explicit before enforcing byte-equivalence. Preserve persisted recipe selectors and add a fixture comparing candidates, pivot metadata, and typed errors for both paths.","For the same catalog response and schema.Scope, query and stored-recipe discovery return byte-equivalent candidate metadata after the documented metadata filter; nil readers and backend failures expose the same retryable public code.","GOCACHE=""$PWD/.gocache"" GOTOOLCHAIN=go1.26.5 go test -count=1 ./internal/api/graphql/graph/query ./internal/server",Source-only review; discovery reports focused query/server tests passed. Add a cross-adapter fixture test with nil reader and backend failure cases.,"API, auth, project, published-reader, server, generation, OpenAPI/GraphQL, and live integration gates passed at 8f57025aecd68c7e5ef5b7593d6b2b2a8ee100fc.",behavior-change,GraphQL one-shot field-reference resolution and stored-recipe resolution are callers. Existing stored bundles are persisted state and should not be rewritten implicitly; only future discovery/resolution behavior changes.,accept,"The two schema.Discovery adapters call the same catalog concept but demonstrably do not produce the same contract: the one-shot adapter retains Loom metadata and omits three pivot metadata fields, while the stored-recipe adapter filters metadata and copies them. Nil-reader and backend-error paths also have different public typing. The one-shot comment claims same semantics, so this is source-proven contract drift, although no runtime reproduction was run.","The product could intentionally expose a different metadata policy during one-shot authoring, and stored recipes may already contain resolved selectors. No such distinction is documented; existing server tests only protect the stored-recipe filter.",GitNexus context shows recipeFieldDiscovery implements schema.Discovery and is called by resolveRecipeBundle; the query for both adapters found both implementations and only server-side metadata tests. Interface dispatch is a lower-bound graph boundary.,recipeFieldDiscovery.Fields; recipeCatalogDiscovery.Fields; isLoomMetadataField,new,M,none recorded; see WP dependencies,internal/api/graphql/graph/query/recipe_discovery.go; internal/server/recipe_discovery.go; internal/server/recipe_discovery_test.go,3af5e2a7c1f47c104b601f92d7e517b265671bfd,8f57025aecd68c7e5ef5b7593d6b2b2a8ee100fc,"API, auth, project, published-reader, server, generation, OpenAPI/GraphQL, and live integration gates passed at 8f57025aecd68c7e5ef5b7593d6b2b2a8ee100fc."
ARC-D02,WP06,REST ServiceErrorBody drops the field path computed by the shared HTTP mapper,contract,P2,high,implemented; focused and integration verification passed,done,internal/api/http/errors.go:21-28; internal/api/http/errors.go:78-84; internal/server/openapi_routes.go:25-39; openapi/openapi.yaml:670-686,"MapDataframeError populates HTTPErrorBody.FieldPath for typed validation errors, but serviceErrorResponse copies only code, message, details, retryable, and requestId into the generated ServiceErrorBody. The OpenAPI ServiceErrorBody schema has no fieldPath property.",REST clients cannot identify the invalid nested input field even though the transport-neutral error has that information; GraphQL clients receive fieldPath in extensions. Client validation UX and machine handling therefore differ across transports.,"Add fieldPath to canonical YAML, regenerate generated/loomapi, populate it in the adapter, and assert ordered nested segments at a generated route boundary. Keep it optional for errors without a path.","A REST validation response containing a field path has field.error.fieldPath with the same ordered segments as MapDataframeError, and the regenerated strict server still compiles.","GOCACHE=""$PWD/.gocache"" GOTOOLCHAIN=go1.26.5 go test -count=1 ./internal/api/http ./internal/server",Source-only review; discovery reports HTTP/server focused tests passed. Add a nested validation response test and run OpenAPI generation/spec checks.,"API, auth, project, published-reader, server, generation, OpenAPI/GraphQL, and live integration gates passed at 8f57025aecd68c7e5ef5b7593d6b2b2a8ee100fc.",additive,"Additive ServiceErrorBody field; existing clients can ignore it. Regeneration is required, with no direct generated-artifact edit.",accept,"MapDataframeError retains UserError.FieldPath, but serviceErrorResponse copies no field-path member and the canonical ServiceErrorBody schema has no such property. This is source-proven loss of a stable validation contract.","Details is extensible and a route cutover may have intentionally kept a smaller envelope, but neither gives clients a stable ordered path; generated loomapi is derived from YAML and must not be hand-edited.",The OpenAPI composition query connects HTTPRoutes to generated StrictServerInterface and RegisterHandlers; source inspection confirms this conversion is the single generated REST service-error adapter.,HTTPErrorBody; MapDataframeError; serviceErrorResponse,new,S,none recorded; see WP dependencies,internal/server/openapi_routes.go; openapi/openapi.yaml; internal/server/openapi_data_routes.go,3af5e2a7c1f47c104b601f92d7e517b265671bfd,8f57025aecd68c7e5ef5b7593d6b2b2a8ee100fc,"API, auth, project, published-reader, server, generation, OpenAPI/GraphQL, and live integration gates passed at 8f57025aecd68c7e5ef5b7593d6b2b2a8ee100fc."
ARC-D03,WP06,Legacy recipe-execution authorization backend outages are returned as forbidden,correctness,P2,high,implemented; focused and integration verification passed,done,internal/server/openapi_recipe_execution.go:13-33; internal/authscope/scope_resolver.go:277-322; openapi/openapi.yaml:305-326,"recipeExecution intentionally hides a denied execution as not found, but maps every scope resolver error other than ErrUnauthenticated to HTTP 403. ErrAuthorizationBackendUnavailable therefore becomes the same response as an authorization denial. The OpenAPI operation declares only 401, 403, and 404 for this legacy endpoint.","A temporary Fence/catalog outage is indistinguishable from a denied or absent execution, so clients cannot retry safely and operators lose the distinction between policy and dependency failure. The response also violates the shared retryable backend-unavailable policy.","Map only ErrForbidden to the legacy denial response, map ErrAuthorizationBackendUnavailable to retryable 503, declare 503 in YAML, regenerate, and test both branches through the route adapter.","A fake scope resolver returning ErrAuthorizationBackendUnavailable produces HTTP 503 with retryable semantics, while ErrForbidden still produces the legacy not-found body and 403 status.","GOCACHE=""$PWD/.gocache"" GOTOOLCHAIN=go1.26.5 go test -count=1 ./internal/server",Source-only review; discovery reports focused tests passed and no outage case. Add a fake scope-resolver route test proving unavailable=503 and forbidden=403 with concealment.,"API, auth, project, published-reader, server, generation, OpenAPI/GraphQL, and live integration gates passed at 8f57025aecd68c7e5ef5b7593d6b2b2a8ee100fc.",additive,The ETL-facing legacy endpoint gains an additive 503 status; callers must treat it as retryable while retaining existing 401/403/404 bodies. Generated response unions follow YAML regeneration.,accept,"recipeExecution deliberately conceals denial/missing records, but maps every non-unauthenticated scope error to 403. ScopeResolver can return ErrAuthorizationBackendUnavailable for a Fence/list-existing failure, so an outage is source-proven to become a denial response. The legacy OpenAPI operation has no 503 member.","Concealment is an explicit security requirement for denied executions. It supports 403/404 for denial, but does not justify classifying an unavailable authorization dependency as denial; preserve the concealment branch.",The graph query for recipe execution/scope errors found generated GetRecipeExecution and the shared backend-unavailable sentinel; HTTPRoutes is the generated caller boundary.,recipeExecution; ResolveReadScopeForGeneration; ErrAuthorizationBackendUnavailable,new,S,none recorded; see WP dependencies,internal/server/openapi_recipe_execution.go; openapi/openapi.yaml,3af5e2a7c1f47c104b601f92d7e517b265671bfd,8f57025aecd68c7e5ef5b7593d6b2b2a8ee100fc,"API, auth, project, published-reader, server, generation, OpenAPI/GraphQL, and live integration gates passed at 8f57025aecd68c7e5ef5b7593d6b2b2a8ee100fc."
ARC-D04,WP06,GraphQL status adaptation retains unbounded full-response copies,operability,P2,high,implemented; focused and integration verification passed,done,internal/api/graphql/graph/handler.go:66-108; internal/api/graphql/graph/handler.go:110-138; internal/server/openapi_graphql_routes.go:15-39; internal/api/graphql/graph/query/graph_service.go:21-26; internal/api/graphql/graph/query/fhir_service.go:17-27,"The native handler buffers the complete body to classify all-data-null failures, and the OpenAPI adapter then records and copies the complete body again. Source establishes an unbounded, potentially duplicated allocation path, but no response-size measurement or production failure was reproduced.",Use the reviewed problem and acceptance criterion; the broader discovery claim is not established.,"Retain as a bounded operability investigation, not an incident. First measure legal response sizes and define cap/spill/error semantics; then remove one copy where status decisions and generated response unions permit it while preserving partial-data 200.","Measure legal large responses, implement the chosen cap/spill strategy, and verify all-data-null error statuses plus partial-data 200 remain correct without truncated success.","GOCACHE=""$PWD/.gocache"" GOTOOLCHAIN=go1.26.5 go test -count=1 ./internal/api/graphql/graph ./internal/server","Source-only risk review; no large-response reproduction. Add allocation/large-response tests covering partial data, all-data-null status lifting, and the configured cap.","API, auth, project, published-reader, server, generation, OpenAPI/GraphQL, and live integration gates passed at 8f57025aecd68c7e5ef5b7593d6b2b2a8ee100fc.",behavior-change,Potentially additive payload-too-large behavior and configuration; clients need the documented stable code. No persisted state.,narrow,"The native handler buffers the complete body to classify all-data-null failures, and the OpenAPI adapter then records and copies the complete body again. Source establishes an unbounded, potentially duplicated allocation path, but no response-size measurement or production failure was reproduced.","Buffering preserves required 200 for partial data and status lifting for data-null failures. Row limits do not prove a response cap, but the correct bound/spill strategy depends on payload policy and generated response constraints.",The generated-handler query connects HTTPRoutes and GraphQL route methods; source shows the native handler buffer and generated adapter recorder are sequential response boundaries.,bufferedGraphQLResponse; serveGraphQLResponse; serveGraphQL; graphqlFailureStatus,new,M,D12,internal/api/graphql/graph/handler.go; internal/server/openapi_graphql_routes.go,3af5e2a7c1f47c104b601f92d7e517b265671bfd,8f57025aecd68c7e5ef5b7593d6b2b2a8ee100fc,"API, auth, project, published-reader, server, generation, OpenAPI/GraphQL, and live integration gates passed at 8f57025aecd68c7e5ef5b7593d6b2b2a8ee100fc."
ARC-D05,WP06,Column capability parsing is duplicated between GraphQL dataframe metadata and legacy HTTP execution metadata,duplication,P2,high,implemented; focused and integration verification passed,done,internal/api/graphql/graph/dataframe/model.go:58-113; internal/server/openapi_recipe_execution.go:34-85,"The GraphQL dataframe model and legacy recipe-execution response each parse ClickHouse type strings into logical, nullable, repeated, filterable, sortable, and aggregatable capability flags. The implementations are separate local helpers and then apply persisted capability flags independently.","Adding or correcting a type, nested wrapper, or capability rule can make GraphQL and legacy HTTP advertise incompatible selectors for the same published output. Clients may construct a query accepted by one transport but rejected by the other.","Extract only the transport-neutral capability tuple/classifier, leave wire shaping and explicit persisted overrides at each boundary, and add representative Nullable/Array/numeric/date/string/JSON equivalence tests.","For one published column fixture, GraphQL ColumnModel and legacy recipe-execution metadata compute the same capability tuple and continue honoring any persisted capability override.","GOCACHE=""$PWD/.gocache"" GOTOOLCHAIN=go1.26.5 go test -count=1 ./internal/api/graphql/graph/dataframe ./internal/server",Source-only review; discovery reports package tests passed. Add a cross-transport fixture asserting the capability tuple and override behavior.,"API, auth, project, published-reader, server, generation, OpenAPI/GraphQL, and live integration gates passed at 8f57025aecd68c7e5ef5b7593d6b2b2a8ee100fc.",preserve,Behavior-preserving internal refactor; GraphQL and legacy route callers remain unchanged and no persisted format changes.,accept,GraphQL ColumnModel and legacy recipeExecution each contain an independent ClickHouse wrapper/type classifier with the same current rules and independent persisted overrides. This is source-confirmed duplicated policy with a credible future drift point; current tests do not compare outputs.,"The current implementations agree for visible cases, and each adapter may intentionally shape its own wire model. A shared helper must preserve LogicalType/Nullable/Repeated overrides rather than force unrelated payload equality.",The OpenAPI query found the legacy execution route and generated GetRecipeExecution; source inspection confirms both capability producers are transport adapters over published column metadata.,columnCapabilities; Service.Column; recipeExecution,new,S,none recorded; see WP dependencies,internal/api/graphql/graph/dataframe/model.go; internal/server/openapi_recipe_execution.go,3af5e2a7c1f47c104b601f92d7e517b265671bfd,8f57025aecd68c7e5ef5b7593d6b2b2a8ee100fc,"API, auth, project, published-reader, server, generation, OpenAPI/GraphQL, and live integration gates passed at 8f57025aecd68c7e5ef5b7593d6b2b2a8ee100fc."
ARC-D06,WP06,Page cursors are not bound to the query or publication identity,state,P2,high,implemented; focused and integration verification passed,done,internal/dataframe/published/read.go:142-164; internal/dataframe/published/page.go:31-142; internal/dataframe/published/page.go:267-282; internal/api/graphql/graph/dataframe/rows.go:57-75; internal/api/graphql/graph/schema/schema.graphqls:362-382,"The opaque token contains only rowId/sortValue, and Page applies its predicate to whatever selector/filter/sort/materialization the caller supplies. Reuse after a query change can skip, duplicate, or reorder rows; this is source-proven pagination inconsistency. It is not an authorization bypass: dataframe resolution obtains fresh scope and Page reapplies auth_resource_path filtering before the cursor predicate.",Use the reviewed problem and acceptance criterion; the broader discovery claim is not established.,"Bind/version the cursor to canonical selector/materialization revision or physical table, generation, normalized sort, and filter fingerprints; reject mismatches as a stable cursor error. Treat scope binding as optional consistency invalidation, not an auth safeguard. Preserve same-request pagination.",Same-request pagination remains ordered and complete; a cursor reused against changed filter/sort/materialization fails with a stable mismatch error. Fresh authorization filters still apply.,"GOCACHE=""$PWD/.gocache"" GOTOOLCHAIN=go1.26.5 go test -count=1 ./internal/dataframe/published ./internal/api/graphql/graph/dataframe",Source-only review; no cross-query replay test was run. Add tests for changed selector/sort/filter/generation and narrowed authorization proving no row outside the new scope is returned.,"API, auth, project, published-reader, server, generation, OpenAPI/GraphQL, and live integration gates passed at 8f57025aecd68c7e5ef5b7593d6b2b2a8ee100fc.",behavior-change,Existing base64 JSON cursors would become legacy/invalid and clients must restart pagination; no server-persisted cursor state exists. A legacy decoder must remain best-effort and never bypass fresh scope checks.,narrow,"The opaque token contains only rowId/sortValue, and Page applies its predicate to whatever selector/filter/sort/materialization the caller supplies. Reuse after a query change can skip, duplicate, or reorder rows; this is source-proven pagination inconsistency. It is not an authorization bypass: dataframe resolution obtains fresh scope and Page reapplies auth_resource_path filtering before the cursor predicate.","Keyset pagination can document stable-input preconditions, and fresh authorization is intentionally reapplied. Binding raw scope identity is not required to prevent privilege escalation and could make legitimate permission changes unnecessarily opaque.",The transport query returned generated page fields and DataframeRows flow; source confirms cursor state crosses GraphQL into Reader.Page without a binding object.,pageCursor; Reader.Page; pageCursorPredicate; Service.Rows,new,M,D13,internal/dataframe/published/read.go; internal/dataframe/published/page.go; internal/api/graphql/graph/dataframe/rows.go,3af5e2a7c1f47c104b601f92d7e517b265671bfd,8f57025aecd68c7e5ef5b7593d6b2b2a8ee100fc,"API, auth, project, published-reader, server, generation, OpenAPI/GraphQL, and live integration gates passed at 8f57025aecd68c7e5ef5b7593d6b2b2a8ee100fc."
ARC-D07,WP06,Unused export writer needs a real caller before changing partial-output behavior,contract,P2,medium,reproduction-required,blocked,internal/api/graphql/graph/dataframe/export.go:14-62; internal/api/graphql/graph/dataframe/export.go:65-79; internal/api/graphql/graph/dataframe/export.go:91-155; internal/api/graphql/graph/dataframe/export_test.go:11-68,"ExportDataframe writes format bytes before its counting writer can report a limit, so a streaming caller can observe partial output and an error. The inspected repository has no static HTTP or GraphQL caller, and no export operation in the GraphQL/OpenAPI contracts; the claimed transport defect is not established.",Use the reviewed problem and acceptance criterion; the broader discovery claim is not established.,"Trace actual consumers before changing partial-output behavior. If none exist, evaluate removal with dead-code and runtime-contract evidence; do not add a public route merely to reproduce the hypothesis. For a real caller, choose staged output or a documented streaming failure protocol.","An export that reaches a row/byte cap produces a complete, documented response with a stable error signal and no valid-looking 200/partial-body result; a successful selector export remains streamed or staged according to the chosen contract.","GOCACHE=""$PWD/.gocache"" GOTOOLCHAIN=go1.26.5 go test -count=1 ./internal/api/graphql/graph/dataframe",No reproduction available. Add a route-level test that hits a row/byte cap and asserts complete output plus a stable machine-readable error signal.,"Writer tests pass, but no public route or caller exists on which to reproduce a valid-looking partial 200 response.",behavior-change,Unknown until an external route/caller is confirmed; no persisted state identified.,needs-reproduction,"ExportDataframe writes format bytes before its counting writer can report a limit, so a streaming caller can observe partial output and an error. The inspected repository has no static HTTP or GraphQL caller, and no export operation in the GraphQL/OpenAPI contracts; the claimed transport defect is not established.","It may be an internal writer building block whose caller stages or reports errors out-of-band. Existing tests establish writer behavior, not an exposed 200/partial-body response.","The initial graph query included export but returned transport symbols rather than an ExportDataframe caller; static search likewise found only the service definition and writer tests. This is a lower-bound wiring gap, not proof that no external wrapper exists.",ExportDataframe; exportCountingWriter; exportWriter.visit,new,M,none recorded; see WP dependencies,internal/api/graphql/graph/dataframe/export.go; internal/api/graphql/graph/dataframe/export_test.go,3af5e2a7c1f47c104b601f92d7e517b265671bfd,,"Writer tests pass, but no public route or caller exists on which to reproduce a valid-looking partial 200 response."
ARC-D08,WP06,OpenAPI response status unions are hand-mapped per route without implementation coverage linkage,verification,P3,medium,implemented; focused and integration verification passed,done,internal/server/openapi_data_routes.go:55-143; internal/server/openapi_explorer_routes.go:11-180; internal/server/openapi_graphql_routes.go:42-100; internal/server/openapi_route_inventory_test.go:13-90,"Each strict OpenAPI adapter switches over HTTP status and constructs an operation-specific generated response union. The same pattern is repeated across generation, Explorer, and GraphQL routes. The route inventory tests verify that 22 paths match the embedded spec and that responses are explicitly declared, but do not verify that every declared status is handled by its implementation.","Adding a response to openapi.yaml or changing shared error classification can leave a handler returning unexpectedResponseStatus at runtime. The generated interface catches method signatures, but not operation/status coverage, so contract drift is discovered by endpoint exercise rather than generation or CI.","Generate a per-operation declared-status coverage check from the same OpenAPI source, asserting every declared status has an adapter case and every case is declared. Keep explicit typed switches.","CI fails on a deliberately added OpenAPI status without a matching route adapter case, and all current 22 operations pass the generated coverage check.","GOCACHE=""$PWD/.gocache"" GOTOOLCHAIN=go1.26.5 go test -count=1 ./internal/server",Source-only review; discovery reports both route-inventory checks passed. Add a deliberate spec-status mutation test or generator check to demonstrate failure.,"API, auth, project, published-reader, server, generation, OpenAPI/GraphQL, and live integration gates passed at 8f57025aecd68c7e5ef5b7593d6b2b2a8ee100fc.",preserve,Behavior-preserving CI/test change; generated route unions remain derived from YAML.,accept,"Route inventory tests compare paths and declared response schemas, while operation adapters independently switch on runtime statuses and return unexpectedResponseStatus for unhandled statuses. Strict signatures do not connect each YAML status to a switch case, so this is a real verification gap even though no current mismatch was reproduced.",Explicit switches are intentionally conservative and fail loudly for undocumented statuses. A generic helper could lose operation-specific response types; coverage should be generated/table-driven rather than replacing switches wholesale.,HTTPRoutes context shows generated StrictServerInterface registration; the source route inventory test is the graph-connected verification boundary and only compares paths/spec response declarations.,GetDatasetGenerationStatus; CreateDatasetGeneration; ExecuteGraphQL; TestOpenAPIOperationsDeclareExplicitResponses,new,M,D11,internal/server/openapi_data_routes.go; internal/server/openapi_explorer_routes.go; internal/server/openapi_graphql_routes.go; internal/server/openapi_route_inventory_test.go,3af5e2a7c1f47c104b601f92d7e517b265671bfd,8f57025aecd68c7e5ef5b7593d6b2b2a8ee100fc,"API, auth, project, published-reader, server, generation, OpenAPI/GraphQL, and live integration gates passed at 8f57025aecd68c7e5ef5b7593d6b2b2a8ee100fc."
ARC-D09,WP06,RawJSON cutover schemas leave stable payloads untyped,contract,P3,medium,implemented; focused and integration verification passed,done,openapi/openapi.yaml:194-465; openapi/openapi.yaml:662-665; openapi/README.md:1-40; internal/server/openapi_data_routes.go:13-202; internal/server/openapi_graphql_routes.go:42-100,"RawJSON reduces static client discoverability for several stable-looking operations, but the canonical OpenAPI README and schema explicitly document it as a lossless route-cutover strategy. This is migration debt, not evidence that generated artifacts violate source-of-truth or that the current wire shape is accidental.",Use the reviewed problem and acceptance criterion; the broader discovery claim is not established.,"Retain as scoped contract-evolution work: inventory stable generation/activation and recipe-execution payloads, publish client/version migration order, then replace selected RawJSON schemas with fixtures. Do not treat generated files as hand-maintained sources.",Selected stable generation/activation and recipe-execution payloads have generated schema types and literal response fixtures; client/version migration is documented and arbitrary payload fields are not silently lost.,"GOCACHE=""$PWD/.gocache"" GOTOOLCHAIN=go1.26.5 go test -count=1 ./internal/server",Source-only review; route/spec checks reportedly passed. Add schema-validation fixtures and external-client compatibility review before selecting operations.,"API, auth, project, published-reader, server, generation, OpenAPI/GraphQL, and live integration gates passed at 8f57025aecd68c7e5ef5b7593d6b2b2a8ee100fc.",breaking,Potentially breaking external client contract; requires coordinated schema/version rollout and regeneration. No stored Loom state changes by itself.,narrow,"RawJSON reduces static client discoverability for several stable-looking operations, but the canonical OpenAPI README and schema explicitly document it as a lossless route-cutover strategy. This is migration debt, not evidence that generated artifacts violate source-of-truth or that the current wire shape is accidental.",YAML is the canonical contract and generated/loomapi is explicitly derived output; tightening schemas wholesale would be breaking for external clients. GraphQL documents are genuinely extensible and should not be typed by analogy with fixed status payloads.,The OpenAPI route query connects generated response methods to HTTPRoutes; generated contract inspection confirms RawJSON is the common response type at those boundaries.,RawJSON; rawJSON; rawJSONBytes,known,L,D02; D03,openapi/openapi.yaml; internal/server/openapi_data_routes.go; internal/server/openapi_recipe_execution.go,3af5e2a7c1f47c104b601f92d7e517b265671bfd,8f57025aecd68c7e5ef5b7593d6b2b2a8ee100fc,"API, auth, project, published-reader, server, generation, OpenAPI/GraphQL, and live integration gates passed at 8f57025aecd68c7e5ef5b7593d6b2b2a8ee100fc."
ARC-D10,WP06,gqlgenfix depends on brittle exact source-text anchors after code generation,verification,P2,high,implemented; focused and integration verification passed,done,cmd/gqlgenfix/main.go:1-28; cmd/gqlgenfix/main.go:30-103; cmd/gqlgenfix/main_test.go:8-40; Makefile:44-57; .github/workflows/tests.yaml:47-55,"make generate-graphql runs pinned gqlgen and then gqlgenfix. The fixer searches exact function signatures, exact return strings, a literal newline closing brace, and an import anchor; it requires unmarshalNJSON2 and optionally recognizes the aggregate helper. Its tests use a synthetic source string and verify idempotency, not a real generated artifact or generator-version drift.","A gqlgen upgrade, formatting change, schema omission, or function rename can fail generation or leave a changed generated contract without the Loom JSON scalar/pointer-return invariant. The post-generation contract is hidden in string surgery rather than the generator configuration.","Prefer supported gqlgen configuration/templates when possible. If post-processing remains necessary, parse Go or add a fixture generated by the exact make stage that verifies helper signatures, compilation, and actionable diagnostics for changed anchors.",A clean generation run against the checked-in schema produces compiling generated code with the required JSON scalar behavior; a representative formatting/signature change either remains safely transformable or fails with a precise actionable diagnostic.,"GOCACHE=""$PWD/.gocache"" GOTOOLCHAIN=go1.26.5 go test -count=1 ./cmd/gqlgenfix","Source-only review; synthetic fixer test reportedly passed, real make graphql-check was not run. Add a generated-artifact fixture and run the exact generation/check stage on upgrade.","API, auth, project, published-reader, server, generation, OpenAPI/GraphQL, and live integration gates passed at 8f57025aecd68c7e5ef5b7593d6b2b2a8ee100fc.",preserve,No current wire migration; any gqlgen upgrade must regenerate and review generated/graphql diffs. Existing generated output is not hand-edited source.,accept,"gqlgenfix uses exact signature/return/brace/import text anchors and is a mandatory post-generation stage. Its unit tests are synthetic and idempotency-focused; they do not exercise a real generated artifact or generator-version/format change. Current output is not shown broken, but the upgrade/format drift failure mode is source-proven.","The pinned generator defect is intentional, and failing loudly on an unexpected anchor is safer than silently emitting an invalid contract. The generated file remains derived output; concern is the fragile transformation boundary, not duplicate source authority.",The generator query found cmd/gqlgenfix and generated GraphQL symbols; Makefile and CI source confirm the fixer is a mandatory post-gqlgen stage followed by generated-artifact diff checking.,fixGeneratedSource; replaceInFunction; jsonScalarHelpers; generate-graphql,new,M,none recorded; see WP dependencies,cmd/gqlgenfix/main.go; cmd/gqlgenfix/main_test.go; Makefile,3af5e2a7c1f47c104b601f92d7e517b265671bfd,8f57025aecd68c7e5ef5b7593d6b2b2a8ee100fc,"API, auth, project, published-reader, server, generation, OpenAPI/GraphQL, and live integration gates passed at 8f57025aecd68c7e5ef5b7593d6b2b2a8ee100fc."
ARC-D11,WP06,HTTP error-code normalization duplicates the central error registry without completeness enforcement,contract,P2,medium,implemented; focused and integration verification passed,done,internal/api/http/errors.go:78-100; internal/api/http/errors.go:103-165; internal/api/http/errors.go:167-209; internal/dataframe/errors/errors.go:14-68; internal/dataframe/errors/errors.go:180-210,"internal/api/http/errors.go maintains a large manual normalizeHTTPCode allow-list, statusForCode switch, and message fallback switch while internal/dataframe/errors owns ErrorCode declarations, public messages, and retryability. A newly added central code can normalize to INTERNAL_ERROR or fall through to HTTP 400 unless every HTTP switch is updated.","Transport status, public message, and retryability can drift from domain error policy. Clients may retry a non-retryable error, treat a backend outage as a validation failure, or receive INTERNAL_ERROR for a valid domain code without a compile-time signal.",Create one authoritative typed policy registry for public message/retryability/default status plus a small explicit transport override table. Add a completeness test over every public ErrorCode and fail when metadata is absent.,Every public dataframe error code has one tested HTTP classification and public message; adding a new code without policy metadata fails focused tests rather than silently defaulting to 400/500.,"GOCACHE=""$PWD/.gocache"" GOTOOLCHAIN=go1.26.5 go test -count=1 ./internal/api/http ./internal/dataframe/errors",Source-only review; discovery reports scoped mapper/error tests passed. Add table-driven all-public-code classification tests.,"API, auth, project, published-reader, server, generation, OpenAPI/GraphQL, and live integration gates passed at 8f57025aecd68c7e5ef5b7593d6b2b2a8ee100fc.",behavior-change,Potential behavior changes for newly covered codes; existing clients need release notes if statuses/messages change. No persisted state.,accept,The central dataframe ErrorCode/public-message/retryability policy and HTTP normalization/status/message switches are separate manual registries. A newly added public code can silently normalize to INTERNAL_ERROR or fall back to HTTP 400 unless every transport switch is updated. Existing mapper tests do not enumerate every public code.,"Some HTTP mappings intentionally override domain defaults, and current tests are green. A shared policy table must retain explicit transport overrides rather than assume one status for every context.",GitNexus returned normalizeHTTPCode/statusForCode as definitions in the shared HTTP error path and the central dataframe error registry as a separate definition; no generated or interface edge enforces registry completeness.,normalizeHTTPCode; statusForCode; messageForCode; IsRetryableCode,new,M,D02; D03,internal/api/http/errors.go; internal/api/http/errors_test.go,3af5e2a7c1f47c104b601f92d7e517b265671bfd,8f57025aecd68c7e5ef5b7593d6b2b2a8ee100fc,"API, auth, project, published-reader, server, generation, OpenAPI/GraphQL, and live integration gates passed at 8f57025aecd68c7e5ef5b7593d6b2b2a8ee100fc."
ARC-D12,WP06,Authorization error policy has no shared operation-context matrix,contract,P2,medium,implemented; focused and integration verification passed,done,internal/api/graphql/graph/query/errors.go:12-59; internal/api/graphql/graph/resolver/recipe_control_graphql.go:30-56; internal/api/graphql/graph/dataframe/service.go:153-170; internal/server/recipe_authorization.go:58-69; internal/api/http/errors.go:46-54,"Separate adapters classify the same sentinels differently, but source shows meaningful operation context: query/dataframe reads use FORBIDDEN, while recipe execution uses UNAUTHORIZED_PROJECT/NOT_FOUND-style concealment. Backend-unavailable is explicitly retryable in recipe authorization and query paths. The valid finding is missing an explicit context matrix and duplicated policy, not that every denial must share one code.",Use the reviewed problem and acceptance criterion; the broader discovery claim is not established.,"Replace the equivalence claim with a matrix keyed by sentinel plus operation/context (project, dataset scope, write, concealed lookup, dependency). Test each adapter against that matrix and preserve concealment/retryability.",Each adapter passes a sentinel-by-operation matrix that preserves intentional concealed lookups and dependency retryability; equivalent contexts agree without flattening all denials to one code.,"GOCACHE=""$PWD/.gocache"" GOTOOLCHAIN=go1.26.5 go test -count=1 ./internal/api/graphql/graph/query ./internal/api/graphql/graph/dataframe ./internal/server ./internal/authscope","Source-only review; discovery reports scoped tests passed and no cross-adapter matrix exists. Add matrix tests for denial, unauthenticated, and authorization backend unavailable cases.","API, auth, project, published-reader, server, generation, OpenAPI/GraphQL, and live integration gates passed at 8f57025aecd68c7e5ef5b7593d6b2b2a8ee100fc.",behavior-change,Potential public-code changes require GraphQL/REST client coordination; preserve concealed recipe execution behavior and no persisted-state rewrite.,narrow,"Separate adapters classify the same sentinels differently, but source shows meaningful operation context: query/dataframe reads use FORBIDDEN, while recipe execution uses UNAUTHORIZED_PROJECT/NOT_FOUND-style concealment. Backend-unavailable is explicitly retryable in recipe authorization and query paths. The valid finding is missing an explicit context matrix and duplicated policy, not that every denial must share one code.",Existence concealment and project-level authorization are documented distinctions. Unifying codes without operation context could leak resource existence or break clients depending on recipe taxonomy.,"The auth/error query connected GraphQL resolver paths, ScopeResolver, generated handlers, and HTTP normalization; source confirms separate classification functions at each adapter boundary.",classifyError; recipeGraphQLError; mapReaderError; recipeAuthorizationError; MapDataframeError,new,M,D03; D11,internal/api/graphql/graph/query/errors.go; internal/api/graphql/graph/resolver/recipe_control_graphql.go; internal/api/graphql/graph/dataframe/service.go; internal/server/recipe_authorization.go,3af5e2a7c1f47c104b601f92d7e517b265671bfd,8f57025aecd68c7e5ef5b7593d6b2b2a8ee100fc,"API, auth, project, published-reader, server, generation, OpenAPI/GraphQL, and live integration gates passed at 8f57025aecd68c7e5ef5b7593d6b2b2a8ee100fc."
ARC-D13,WP06,Project identity normalization is consistent for dataframe/Explorer routes but not one-shot query and scope-cache boundaries,state,P2,medium,implemented; focused and integration verification passed,done,internal/projectid/projectid.go:1-51; internal/api/graphql/graph/query/input_resolution.go:16-49; internal/api/graphql/graph/query/introspection.go:11-68; internal/api/graphql/graph/dataframe/service.go:61-126; internal/authscope/scope_resolver.go:300-365; internal/server/explorer_capability.go:57-93,"Dataframe routes canonicalize then derive a legacy catalog/scope key, while one-shot query/introspection pass the supplied project through and ScopeResolver caches the trimmed value. This establishes inconsistent normalization boundaries, but projectid explicitly limits canonical identity to Explorer and the catalog may intentionally require the legacy key. No fixture proves differing generation/scope or authorization outcomes.",Use the reviewed problem and acceptance criterion; the broader discovery claim is not established.,"Run a fixture through canonical and legacy forms across active-generation, catalog, dataframe, introspection, and scope-cache calls. Introduce ProjectIdentity or reject forms only after showing divergence; otherwise document each intentional boundary.",A checked-in fixture demonstrates that both accepted project forms either resolve the same active generation/scope/cache entry or are rejected with an explicitly documented identity error; no form-dependent authorization widening occurs.,"GOCACHE=""$PWD/.gocache"" GOTOOLCHAIN=go1.26.5 go test -count=1 ./internal/projectid ./internal/authscope ./internal/api/graphql/graph/query ./internal/api/graphql/graph/dataframe","No reproduction available. Add a fixture asserting same-result or explicit identity rejection and, critically, no authorization widening under either spelling.","API, auth, project, published-reader, server, generation, OpenAPI/GraphQL, and live integration gates passed at 8f57025aecd68c7e5ef5b7593d6b2b2a8ee100fc.",behavior-change,"Unknown until identity equivalence is established; a key migration would affect catalog/cache lookups and may require invalidation/backfill, so do not change it from source inspection alone.",accept,"Dataframe routes canonicalize then derive a legacy catalog/scope key, while one-shot query/introspection pass the supplied project through and ScopeResolver caches the trimmed value. This establishes inconsistent normalization boundaries, but projectid explicitly limits canonical identity to Explorer and the catalog may intentionally require the legacy key. No fixture proves differing generation/scope or authorization outcomes.","AuthorizeProject canonicalizes principal and request IDs, and comments explain why Explorer lifecycle access differs from generation-scoped reads. Raw versus legacy may be a compatibility/storage distinction rather than an auth bug.","The project identity query found ScopeResolver and generated API symbols; HTTPRoutes and dataframe/query source paths show different identity normalization edges. Graph index was one commit behind HEAD, so absence of an edge is not proof of absence.",projectid.Canonical; canonicalProjectID; legacyProjectID; prepareRunInput; ScopeResolver.listExistingPaths,new,M,D06,internal/projectid/projectid.go; internal/api/graphql/graph/query/input_resolution.go; internal/api/graphql/graph/query/introspection.go; internal/authscope/scope_resolver.go,3af5e2a7c1f47c104b601f92d7e517b265671bfd,8f57025aecd68c7e5ef5b7593d6b2b2a8ee100fc,"API, auth, project, published-reader, server, generation, OpenAPI/GraphQL, and live integration gates passed at 8f57025aecd68c7e5ef5b7593d6b2b2a8ee100fc."
ARC-E01,WP07,Builder refetch does not bypass the resolved client cache,state,P1,high,implemented; focused and integration verification passed,done,ui/packages/loom-ui/src/api.ts:438-445; ui/packages/loom-ui/src/api.ts:472-473; ui/packages/loom-ui/src/react.tsx:157-160; ui/packages/loom-ui/src/features/ExplorerBuilder/BuilderWorkspace.tsx:300-315,"createLoomClient caches the Builder promise indefinitely. The React Builder query exposes refetch, but it calls getBuilder without its reload option, so stale/draft recovery at BuilderWorkspace.refetchBuilder can return the same resolved promise instead of issuing a request.",A 409/stale-snapshot repair path can hydrate the same stale draft and repeatedly fail or present old catalog data; the UI's recovery control is not an actual source refresh.,Thread an explicit reload option through the Builder query/refetch API and pass reload:true from the stale/draft repair path. Preserve initial concurrent-read deduplication and assert that repair makes a second HTTP request.,"After the first Builder response is cached, refetchBuilder makes a new HTTP request and hydrates a changed draft; a normal render still deduplicates concurrent initial reads.",cd ui && npm test && npm run build,"Source-only; no test run. Add an api/Builder test with a resolved first response, changed second response, and a refetch assertion for exactly two requests.","UI boundaries, typecheck, 121 tests, both builds, 9 verifier tests, and the 27-assertion verify-full browser scenario passed at f5b10fba2a6b2bc67a608644e9f640031d5b7cf1.",behavior-change,Behavior-preserving for initial reads; update the React query contract and Builder recovery caller. No persisted-state migration.,accept,"getBuilder exposes reload, but the React query loader calls it with only signal and QueryResult.refetch has no reload path. Builder recovery therefore reuses the resolved builder promise unless another mutation happened to invalidate the key.","applyCommands deletes the builder cache after a successful mutation, and rejected cached promises are removed. Those safeguards do not refresh an already-resolved entry after a stale-snapshot or external-draft failure.","The frontend graph links Reconcile to DataframeSelector and Builder lifecycle symbols, but does not represent cache invalidation or refetch semantics; the source call chain is the decisive evidence.",getCached; createLoomClient; useGetExplorerBuilderStateV2Query; BuilderWorkspaceContent,new,S,none recorded; see WP dependencies,ui/packages/loom-ui/src/api.ts; ui/packages/loom-ui/src/react.tsx; ui/packages/loom-ui/src/features/ExplorerBuilder/BuilderWorkspace.tsx; ui/packages/loom-ui/src/api.unit.test.ts,3af5e2a7c1f47c104b601f92d7e517b265671bfd,f5b10fba2a6b2bc67a608644e9f640031d5b7cf1,"UI boundaries, typecheck, 121 tests, both builds, 9 verifier tests, and the 27-assertion verify-full browser scenario passed at f5b10fba2a6b2bc67a608644e9f640031d5b7cf1."
ARC-E02,WP07,Shared cached requests inherit the first caller's cancellation,operability,P2,high,implemented; focused and integration verification passed,done,ui/packages/loom-ui/src/api.ts:414-445; ui/packages/loom-ui/src/react.tsx:55-105,"getCached stores a promise created by run with the first caller's AbortSignal. A second caller for the same key receives that promise, while resourceFor aborts the first request when its last subscriber disappears.",One unmount or query replacement can abort an in-flight request still needed by another consumer; the second consumer observes an aborted/error path even though its own subscription remains active.,"Separate shared transport lifetime from per-consumer cancellation: return signal-aware wrappers around a cache entry with an internal controller, reference consumers, and abort the underlying request only after the final consumer releases it. Keep epoch-based stale-result suppression in resourceFor.",Two concurrent consumers of one cache key both receive a successful result when only the first consumer unmounts; the request is aborted after the final consumer leaves and no cache entry remains.,cd ui && npm test && npm run build,"Source-only; no test run. Add two concurrent consumers of one key, abort the first, assert both can receive success, then assert final release aborts transport and removes the entry.","UI boundaries, typecheck, 121 tests, both builds, 9 verifier tests, and the 27-assertion verify-full browser scenario passed at f5b10fba2a6b2bc67a608644e9f640031d5b7cf1.",behavior-change,Behavior change only for concurrent/canceled reads; update cache tests and any direct client callers that rely on transport abort being immediate. No persisted-state migration.,accept,"getCached stores the first run's promise, whose closure captures that caller's AbortSignal. Each resourceFor instance independently aborts its controller after its own last subscriber leaves, so one resource can abort a transport promise still awaited by another resource for the same cache key.",A single rejected request is removed from the cache and most current queries have one mount. That limits persistence of the failure but does not protect a concurrent second consumer during the in-flight window.,The frontend query graph reaches client request symbols but has no edge for AbortSignal ownership or subscriber count; source shows the promise/cache lifetime and resource cancellation are owned by different layers.,request; getCached; resourceFor,new,M,none recorded; see WP dependencies,ui/packages/loom-ui/src/api.ts; ui/packages/loom-ui/src/react.tsx; ui/packages/loom-ui/src/api.unit.test.ts,3af5e2a7c1f47c104b601f92d7e517b265671bfd,f5b10fba2a6b2bc67a608644e9f640031d5b7cf1,"UI boundaries, typecheck, 121 tests, both builds, 9 verifier tests, and the 27-assertion verify-full browser scenario passed at f5b10fba2a6b2bc67a608644e9f640031d5b7cf1."
ARC-E03,WP07,Paginated Viewer/export requests are not pinned to one publication,correctness,P1,high,implemented; focused and integration verification passed,done,ui/packages/loom-ui/src/features/ExplorerViewer/serialization.ts:86-102; ui/packages/loom-ui/src/api.ts:376-402; ui/packages/loom-ui/src/api.ts:530-579; docs/EXPLORER_BACKLOG.md:20; docs/EXPLORER_BACKLOG.md:49-50,"Viewer outputRequestFor sends only project, selector, filters, columns, and cursor. exportOutput loops through pages with that selector; queryOutput returns materialization metadata but never feeds its identity into the next request or checks it against prior pages. The GraphQL resolver therefore resolves the current materialization on each page.","A republish between page requests can mix rows/columns from different generations or revisions into one Viewer result or CSV, making the export irreproducible and potentially semantically invalid.","Make the publication contract explicit: resolve the first page and return an opaque immutable publication/materialization token, require that token on later pages, and reject a token/pointer mismatch. A server-side snapshot export is an alternative, but it must preserve the same identity and typed conflict behavior.","A test pauses between two export pages, publishes a new revision, and proves every exported row came from the first pinned identity; a mismatched page fails with a typed publication-conflict error.",cd ui && npm test && npm run build,"Source-only; no services or race test run. Add a paginated export test that pauses between pages, republishes, and proves all rows use the first identity; add a focused GraphQL contract test for mismatch rejection.","UI boundaries, typecheck, 121 tests, both builds, 9 verifier tests, and the 27-assertion verify-full browser scenario passed at f5b10fba2a6b2bc67a608644e9f640031d5b7cf1.",breaking,"Breaking GraphQL/UI migration: update DataframeRows input/output, Viewer queryOutput/exportOutput, generated Go models, and loom-dev's proof query together. Existing cursors must be rejected or versioned; no stored user data migration.",accept,"The Viewer request contains selector/cursor but no materialization identity. The GraphQL Rows resolver resolves CurrentProjectDataset on every request, and that lookup follows the current active generation and pointer execution. A cursor has no generation or execution fence, so a republish can change the table between pages.","The current-reader logic intentionally serves one current pointer-visible table and the ordinary cursor test covers traversal within one request sequence. No source safeguard binds a later request to the first response, and the republish interleaving was not run.","The graph connects DataframeSelector to Reconcile/Manifest and the Viewer query path, but does not show a materialization identity flowing from runtime publication into GraphQL variables; the backlog explicitly records this as an inferred, unreproduced risk.",outputRequestFor; outputQuery; queryOutput; exportOutput,known,L,server dataframe publication identity contract,ui/packages/loom-ui/src/api.ts; ui/packages/loom-ui/src/types.ts; ui/packages/loom-ui/src/features/ExplorerViewer/serialization.ts; ui/packages/loom-ui/src/Viewer.tsx,3af5e2a7c1f47c104b601f92d7e517b265671bfd,f5b10fba2a6b2bc67a608644e9f640031d5b7cf1,"UI boundaries, typecheck, 121 tests, both builds, 9 verifier tests, and the 27-assertion verify-full browser scenario passed at f5b10fba2a6b2bc67a608644e9f640031d5b7cf1."
ARC-E04,WP07,Legacy runtime payloads can omit a unique Viewer session identity,state,P2,medium,implemented; focused and integration verification passed,done,ui/packages/loom-ui/src/types.ts:597-603; ui/packages/loom-ui/src/types.ts:653-657; ui/packages/loom-ui/src/features/ExplorerViewer/model.ts:57-58; ui/packages/loom-ui/src/Viewer.tsx:50-65,"runtimeSessionKey does collapse two minimal runtime payloads to the constant runtime key, and ViewerSession state is reset only on key change. However, the normal publish path requires a receipt source generation and writes it into both Dataset and Publication metadata, so the claimed omission is a legacy/malformed-payload contract gap rather than an established production publication path.",Use the reviewed problem and acceptance criterion; the broader discovery claim is not established.,"Narrow the finding to boundary handling of legacy/minimal payloads. Either require one server-owned identity in the V1 response and reject missing identity visibly, or make the client use a separately supplied revision/response identity; do not claim ordinary published runtimes currently reuse sessions.",Two legacy/minimal runtime responses cannot silently share stale Viewer state: missing required identity is rejected visibly or a supplied stable response identity resets the session.,cd ui && npm test && npm run build,"Source-only; no malformed-runtime reproduction. Add a Viewer test for two identity-free payloads (expected rejection) and two distinct identities (state reset), plus a backend contract test proving every new publication emits identity.","UI boundaries, typecheck, 121 tests, both builds, 9 verifier tests, and the 27-assertion verify-full browser scenario passed at f5b10fba2a6b2bc67a608644e9f640031d5b7cf1.",breaking,"If the V1 contract is tightened, migrate legacy runtime producers and fixtures first and fail old identity-free payloads explicitly. No persisted Viewer state exists to migrate.",narrow,"runtimeSessionKey does collapse two minimal runtime payloads to the constant runtime key, and ViewerSession state is reset only on key change. However, the normal publish path requires a receipt source generation and writes it into both Dataset and Publication metadata, so the claimed omission is a legacy/malformed-payload contract gap rather than an established production publication path.","New receipts cannot omit sourceGeneration, and publish constructs Publication.Generation from that value. Existing fixtures and normal runtime projections therefore provide a key; no test or valid server fixture demonstrates an identity-free runtime.",The frontend graph connects LoadExplorerState and publication symbols but does not prove identity completeness; source shows every identity is optional and the fallback is constant.,runtimeSessionKey; ViewerContent; ViewerSession; initialViewerState,new,M,server dataframe publication identity contract,ui/packages/loom-ui/src/features/ExplorerViewer/model.ts; ui/packages/loom-ui/src/Viewer.tsx; ui/packages/loom-ui/src/types.ts; ui/packages/loom-ui/src/features/ExplorerViewer/reducer.unit.test.ts,3af5e2a7c1f47c104b601f92d7e517b265671bfd,f5b10fba2a6b2bc67a608644e9f640031d5b7cf1,"UI boundaries, typecheck, 121 tests, both builds, 9 verifier tests, and the 27-assertion verify-full browser scenario passed at f5b10fba2a6b2bc67a608644e9f640031d5b7cf1."
ARC-E05,WP07,The legacy runtime boundary accepts malformed output objects,contract,P1,high,implemented; focused and integration verification passed,done,ui/packages/loom-ui/src/types.ts:604-652; ui/packages/loom-ui/src/types.ts:783-819; ui/packages/loom-ui/src/types.ts:836-846; ui/packages/loom-ui/src/api.ts:476-481,"assertExplorerStateV1 uses a hand-written guard that checks top-level identity and only that runtime.outputs entries have arrays/records in several positions. It does not validate required outputId/name/title/rowLabel/selector fields, column binding types, or publication identity before returning the value as ExplorerStateV1.","Malformed or drifted server JSON can pass the external boundary and fail later in serialization, table selection, or fetch construction. The TypeScript interface becomes an assertion rather than a verified contract.","Replace the hand-written guard with a schema-derived V1 parser at getExplorer, covering every required field and output/binding invariant while retaining runtime:null and explicitly optional metadata. Only require publication identity after the server/OpenAPI contract is migrated to require it.",A fixture missing output.selector or with a non-string output column is rejected at getExplorer with INVALID_EXPLORER_STATE; a canonical runtime fixture parses to the same typed value and Viewer renders it.,cd ui && npm test && npm run build,"Source-only; no test run. Add fixtures missing draft/selector and with wrong column/binding types, assert stable INVALID_EXPLORER_STATE, and prove a canonical runtime still reaches Viewer.","UI boundaries, typecheck, 121 tests, both builds, 9 verifier tests, and the 27-assertion verify-full browser scenario passed at f5b10fba2a6b2bc67a608644e9f640031d5b7cf1.",behavior-change,Behavior change at the external API boundary; update canonical response documentation/producers and add malformed-payload handling. Stored Explorer documents are not changed by this client parse.,accept,"isExplorerStateV1 checks allowed top-level keys and only a few runtime collection containers. It does not check required state fields such as draft/active/generated/activeUrl or required output identity, selector, column, and binding members before returning the TypeScript interface. The assertion is therefore materially weaker than the declared boundary type.",The null runtime case is intentional and normalizeExplorerStateV1 handles Go's null diagnostics. Strict validation must preserve those documented optional/legacy cases; those compatibility choices do not justify accepting malformed required nested values.,The graph finds LoadExplorerState and runtime publication edges but no schema parser edge for the legacy endpoint; source confirms the guard is shallow while adjacent V2 authoring responses use Zod schemas.,ExplorerRuntimeOutputV1; isExplorerStateV1; assertExplorerStateV1; getExplorer,new,M,none recorded; see WP dependencies,ui/packages/loom-ui/src/types.ts; ui/packages/loom-ui/src/api.ts; ui/packages/loom-ui/src/api.unit.test.ts,3af5e2a7c1f47c104b601f92d7e517b265671bfd,f5b10fba2a6b2bc67a608644e9f640031d5b7cf1,"UI boundaries, typecheck, 121 tests, both builds, 9 verifier tests, and the 27-assertion verify-full browser scenario passed at f5b10fba2a6b2bc67a608644e9f640031d5b7cf1."
ARC-E06,WP07,Generic GraphQL decoding silently normalizes malformed output data,contract,P2,high,implemented; focused and integration verification passed,done,ui/packages/loom-ui/src/api.ts:521-551; ui/packages/loom-ui/src/api.ts:333-374; ui/packages/loom-ui/src/types.ts:596-666,"fetchGraphQL<T> returns payload.data as T without runtime validation. queryOutput only checks that data.dataframeRows is a record, then turns malformed/missing columns, rows, pageInfo, facets, and materialization values into empty/default values.","GraphQL schema drift or partial error payloads can appear as an empty table or a completed page rather than a typed error, hiding data loss and making the Viewer/export behavior hard to diagnose.","Parse each operation's data with a generated or Zod schema at the network boundary. Keep rows/cells as unknown and normalize documented array/object row variants, but return a stable invalid-response error when required connection fields or metadata types are absent.","Missing columns, rows, or pageInfo and wrong metadata types produce a stable invalid-response error; valid array/object row forms still normalize to the documented LoomOutputResult.",cd ui && npm test && npm run build,"Source-only; no test run. Add missing columns/rows/pageInfo and wrong metadata fixtures that fail typed validation, alongside valid array/object row fixtures that still normalize.","UI boundaries, typecheck, 121 tests, both builds, 9 verifier tests, and the 27-assertion verify-full browser scenario passed at f5b10fba2a6b2bc67a608644e9f640031d5b7cf1.",behavior-change,Client boundary behavior changes for malformed/drifted responses; coordinate any schema changes with generated GraphQL models and the dataframe resolver. No persisted-state migration.,accept,"fetchGraphQL casts payload.data to T. queryOutput validates only that dataframeRows is a record, then defaults absent/wrong columns, rows, pageInfo, facets, totalCount, and materialization to empty or null values. The generated GraphQL contract marks materialization, columns, rows, and pageInfo non-null, so these defaults can hide drift or a partial proxy response instead of reporting a boundary error.","GraphQL errors and the outer payload shape are checked, and JSON row cells are intentionally flexible. The correction should preserve row-value flexibility while rejecting missing required connection metadata; no malformed-response fixture was run.",The GraphQL graph connects DataframeSelector to execution symbols but does not connect the UI's generic fetchGraphQL to a generated schema; source shows a generic cast followed by permissive defaults.,fetchGraphQL; queryOutput; LoomOutputResult; shapeRows,new,M,none recorded; see WP dependencies,ui/packages/loom-ui/src/api.ts; ui/packages/loom-ui/src/types.ts; ui/packages/loom-ui/src/api.unit.test.ts,3af5e2a7c1f47c104b601f92d7e517b265671bfd,f5b10fba2a6b2bc67a608644e9f640031d5b7cf1,"UI boundaries, typecheck, 121 tests, both builds, 9 verifier tests, and the 27-assertion verify-full browser scenario passed at f5b10fba2a6b2bc67a608644e9f640031d5b7cf1."
ARC-E07,WP07,Builder local state and publish status are not scoped by project,ownership,P2,medium,implemented; focused and integration verification passed,done,ui/packages/loom-ui/src/features/ExplorerBuilder/BuilderWorkspace.tsx:104-113; ui/packages/loom-ui/src/features/ExplorerBuilder/BuilderWorkspace.tsx:126-175; ui/packages/loom-ui/src/features/ExplorerBuilder/BuilderWorkspace.tsx:196-200; ui/packages/loom-ui/src/features/ExplorerBuilder/BuilderWorkspace.tsx:423-428; ui/packages/loom-ui/src/features/ExplorerBuilder/BuilderWorkspace.tsx:1175-1177,"BuilderDataKeyFor includes explorerId, snapshot/draft metadata, and workspace but not the project/auth scope. BuilderWorkspace is remounted by explorerId only; localState, message, and lastPublished survive a project change, while publishDisabled compares only explorerId and draftDigest.","A host that switches projects without changing the Explorer ID can retain draft/publish state from the previous project, misclassify the new draft as already published, or dispatch edits against state whose ownership is ambiguous.","Construct one canonical ownership key from canonical project, auth-resource scope, and explorerId. Include it in cache keys, local-state keys, remount keys, and lastPublished comparison; clear transient diagnostics/messages on scope change. Include auth scope in read-cache keys where it affects authorization.","Switching between two projects with the same explorerId always initializes project B's state, and a digest published in project A never disables Publish for project B; switching back restores only deliberately cached state for A.",cd ui && npm test && npm run build,Source-only; no test run. Add a component transition test with same explorerId and equal digest across projects proving project B initializes independently and cannot inherit project A's publish-disabled state.,"UI boundaries, typecheck, 121 tests, both builds, 9 verifier tests, and the 27-assertion verify-full browser scenario passed at f5b10fba2a6b2bc67a608644e9f640031d5b7cf1.",behavior-change,Behavior change for hosts that switch projects or auth scopes; migrate host expectations/tests and preserve deliberate per-scope cache only under the new key. No persisted-state migration.,accept,"builderDataKeyFor contains explorer/catalog/draft/workspace information but not project or auth scope, and the exported BuilderWorkspace key is only explorerId. On a same-ID project switch, local state can be reused when payload digests/workspace match, while lastPublished survives and publishDisabled compares only explorerId and draftDigest.","Most hosts keep project fixed, and a changed builder snapshot key usually causes stateFromBuilder to rebuild. That does not prevent an equal-digest collision or stale message/publish state across a project/auth-scope transition; no transition test exists.",The graph links Builder state to project/explorer lifecycle symbols but does not show the React remount key or local-state identity; source inspection found project omitted from all three relevant ownership checks.,builderDataKeyFor; BuilderWorkspaceContent; lastPublished; publishDisabled,new,S,none recorded; see WP dependencies,ui/packages/loom-ui/src/features/ExplorerBuilder/BuilderWorkspace.tsx; ui/packages/loom-ui/src/features/ExplorerBuilder/BuilderWorkspace.unit.test.tsx,3af5e2a7c1f47c104b601f92d7e517b265671bfd,f5b10fba2a6b2bc67a608644e9f640031d5b7cf1,"UI boundaries, typecheck, 121 tests, both builds, 9 verifier tests, and the 27-assertion verify-full browser scenario passed at f5b10fba2a6b2bc67a608644e9f640031d5b7cf1."
ARC-E08,WP07,Reducer semantic-column replacement has a latent preview-invalidation hazard,state,P2,medium,reproduction-required,blocked,ui/packages/loom-ui/src/features/ExplorerBuilder/authoring/reducer.ts:405-419; ui/packages/loom-ui/src/features/ExplorerBuilder/authoring/reducer.unit.test.ts:109-141; ui/packages/loom-ui/src/features/ExplorerBuilder/BuilderWorkspace.tsx:1137-1167,"The reducer's updateColumn action accepts a complete semantic column and preserves preview, but the only in-scope UI callers shown dispatch server UPDATE_COLUMN commands; the local updateColumn action is exercised by a presentation-only unit test and has no semantic caller. The stale-preview impact is therefore a latent action contract, not a demonstrated current UI defect.",Use the reviewed problem and acceptance criterion; the broader discovery claim is not established.,"Narrow to an explicit reducer API hazard. Keep presentation update semantics, add a semantic-column replacement action (or a literal semantic-change test) that clears preview/receipt, and migrate a real semantic caller before treating this as a runtime correctness fix.","Presentation-only edits retain the preview; changing source, occurrence, or projection clears it before render and requires a new receipt/preview, with both paths covered by literal reducer tests.",cd ui && npm test && npm run build,Source-only; no semantic reproduction. Add reducer tests for source/occurrence/projection changes and verify no current runtime path invokes the semantic branch before changing behavior.,No semantic caller for the local updateColumn reducer action exists; only presentation-level reducer coverage was found.,behavior-change,"No current caller or persisted format migration. If the action union changes, update reducer tests and any future editor caller while preserving server UPDATE_COLUMN command behavior.",needs-reproduction,"The reducer's updateColumn action accepts a complete semantic column and preserves preview, but the only in-scope UI callers shown dispatch server UPDATE_COLUMN commands; the local updateColumn action is exercised by a presentation-only unit test and has no semantic caller. The stale-preview impact is therefore a latent action contract, not a demonstrated current UI defect.","The existing test intentionally preserves preview for label/table/filter/chart presentation edits, and stateFromCommands rebuilds state without carrying preview after server command results. No source caller currently changes source/occurrence/projection through updateColumn.",The graph connects Reconcile/DataframeSelector to Builder commands but does not model the reducer's preservePreview branch; source shows a full semantic object crossing a presentation-preserving action.,builderAuthoringReducer; updateTable; updateColumn; PreviewTable,new,M,none recorded; see WP dependencies,ui/packages/loom-ui/src/features/ExplorerBuilder/authoring/reducer.ts; ui/packages/loom-ui/src/features/ExplorerBuilder/authoring/reducer.unit.test.ts; ui/packages/loom-ui/src/features/ExplorerBuilder/BuilderWorkspace.tsx,3af5e2a7c1f47c104b601f92d7e517b265671bfd,,No semantic caller for the local updateColumn reducer action exists; only presentation-level reducer coverage was found.
ARC-E09,WP07,Preview and Viewer duplicate core value-display policy,duplication,P2,high,implemented; focused and integration verification passed,done,ui/packages/loom-ui/src/features/ExplorerBuilder/components/PreviewTable.tsx:30-73; ui/packages/loom-ui/src/features/ExplorerViewer/components.tsx:27-43; ui/packages/loom-ui/src/features/ExplorerBuilder/components/PreviewTable.unit.test.ts:59-85,"PreviewTable and Viewer do duplicate value traversal and differ observably: Preview renders unknown records as labeled recursive parts and Viewer falls back to JSON; empty strings also differ. The contexts legitimately need different fallback chrome, so a requirement that every unknown object render identically would overstate the defect.",Use the reviewed problem and acceptance criterion; the broader discovery claim is not established.,"Keep context-specific fallback rendering, but extract a shared pure policy for scalar/null, preferred FHIR display fields, and array handling with explicit options for unknown records. Add parity fixtures only for the shared policy, not identical surrounding presentation.",Shared scalar/null/FHIR/array fixtures agree where policy is common; context-specific unknown-record formatting remains explicit and separately tested.,cd ui && npm test && npm run build,"Source-only; no test run. Add scalar, empty, null, FHIR-like, nested-record, and array parity fixtures while retaining separate Preview/Viewer fallback tests.","UI boundaries, typecheck, 121 tests, both builds, 9 verifier tests, and the 27-assertion verify-full browser scenario passed at f5b10fba2a6b2bc67a608644e9f640031d5b7cf1.",behavior-change,Potential visible formatting change for empty/record values; document expected text and update both unit suites. No persisted-state migration.,narrow,"PreviewTable and Viewer do duplicate value traversal and differ observably: Preview renders unknown records as labeled recursive parts and Viewer falls back to JSON; empty strings also differ. The contexts legitimately need different fallback chrome, so a requirement that every unknown object render identically would overstate the defect.","Preview is an authoring diagnostic surface while Viewer has file-action cells and compact table rendering. The duplication may be intentional at the fallback layer, and no product fixture currently asserts parity.",The graph finds separate Builder and Viewer component communities with no shared formatter edge; source confirms duplicated recursive policy and separate tests.,formatPreviewCell; previewCellTitle; textFor; OutputTable,new,M,none recorded; see WP dependencies,ui/packages/loom-ui/src/features/ExplorerBuilder/components/PreviewTable.tsx; ui/packages/loom-ui/src/features/ExplorerViewer/components.tsx; ui/packages/loom-ui/src/features/ExplorerBuilder/components/PreviewTable.unit.test.ts; ui/packages/loom-ui/src/features/ExplorerViewer/components.unit.test.ts,3af5e2a7c1f47c104b601f92d7e517b265671bfd,f5b10fba2a6b2bc67a608644e9f640031d5b7cf1,"UI boundaries, typecheck, 121 tests, both builds, 9 verifier tests, and the 27-assertion verify-full browser scenario passed at f5b10fba2a6b2bc67a608644e9f640031d5b7cf1."
ARC-E10,WP07,The app and dev verifier duplicate the dataframe GraphQL selection,duplication,P2,high,implemented; focused and integration verification passed,done,ui/packages/loom-ui/src/api.ts:376-402; scripts/loom-dev.mjs:624-644,"api.ts embeds LoomOutput query strings (with and without facets), while scripts/loom-dev.mjs embeds a second dataframeRows query selecting a similar materialization identity, columns, rows, count, and pageInfo shape. Each caller parses/normalizes rows independently.","A GraphQL field or identity-contract change can update the app but leave the dev verifier stale, or vice versa; a green verification report can then prove a different response shape than the shipped Viewer.","Define one versioned dataframe operation/selection artifact or generated fragment consumed by both callers. Keep transport, error handling, and row normalization at each boundary, and add a check that the verifier's selected fields match the UI contract.","A shared versioned operation or parity fixture checks required publication/row fields for both consumers; the verifier retains independent transport, normalization and literal value assertions.",node --test scripts/loom-dev.test.mjs && (cd ui && npm test && npm run build),"Source-only; no test run. Add a contract fixture or snapshot consumed by both npm UI tests and node loom-dev tests, then run each consumer's focused suite.","UI boundaries, typecheck, 121 tests, both builds, 9 verifier tests, and the 27-assertion verify-full browser scenario passed at f5b10fba2a6b2bc67a608644e9f640031d5b7cf1.",behavior-change,Update the UI and dev verifier together with any GraphQL schema change; no persisted-state migration. A generated/shared artifact may require build-step and script-loader changes.,accept,"api.ts and loom-dev.mjs embed separate dataframeRows selections. They already diverge in selected fields (the app requests rowCount; the verifier does not) and normalize rows independently, so a GraphQL identity/shape change can leave the shipped Viewer and the supposedly validating verifier on different contracts.","A Node-only verifier should keep its own transport and may keep environment-specific row shaping; sharing the full browser client would add inappropriate coupling. The query/contract fragment is still a shared seam, and no shared-operation implementation was tested.",The graph query reaches applyCommand/CatalogNode and dev-session symbols but does not join the two inline GraphQL documents; source inspection found the duplicated selection and independent row normalization.,outputQuery; fetchGraphQL; graphQLRows; normalizeRows,new,M,server dataframe publication identity contract,ui/packages/loom-ui/src/api.ts; scripts/loom-dev.mjs,3af5e2a7c1f47c104b601f92d7e517b265671bfd,f5b10fba2a6b2bc67a608644e9f640031d5b7cf1,"UI boundaries, typecheck, 121 tests, both builds, 9 verifier tests, and the 27-assertion verify-full browser scenario passed at f5b10fba2a6b2bc67a608644e9f640031d5b7cf1."
ARC-E11,WP04,Normal CI does not execute the UI behavioral test suite,verification,P2,high,implemented; focused and integration verification passed,done,.github/workflows/tests.yaml:61-73; Makefile:77-80; ui/package.json:14-16; ui/packages/loom-ui/package.json:20-27; scripts/release-loom-ui.sh:305-309,".github/workflows/tests.yaml invokes make test, which runs Go tests and scripts/loom-dev.test.mjs. The UI workspace has its own test, typecheck, and boundary scripts, and release-loom-ui.sh runs them, but no normal test workflow invokes ui npm test.","Reducer, Viewer, cache, and boundary regressions can merge with the primary CI test job green. A production Docker build may catch compilation, but not the UI's unit behavioral contract.",Add a required focused UI CI job or Make target invoked by tests.yaml that installs from the lockfile and runs npm test plus the UI build/typecheck. Keep release checks as packaging validation.,"A pull request changing ui/packages/loom-ui fails the required CI check when a UI unit/boundary test fails, and a clean run records npm test/typecheck/build results before the server image build.",cd ui && npm test && npm run build,"Source-only; no CI run. Add a deliberately failing UI unit fixture in CI validation to prove the required check gates a PR, then verify clean npm test/typecheck/build.","Verifier tests, two-worktree isolation, UI gates, verify-fast/full, and five warm edit-loop runs passed at 4631c5225d727b2bd54b48e888f26d918eb5a630; frontend median 611 ms and backend median 6543 ms.",preserve,CI-only additive change; update workflow caching/Node setup and lockfile policy. No application or persisted-state migration.,accept,"The normal tests workflow calls make test, whose targets are Go tests and scripts/loom-dev.test.mjs. The UI workspace's npm test/typecheck/build are only invoked by release-loom-ui.sh, so ordinary pull requests can merge UI reducer/query/boundary regressions with the primary required test job green.","Release validation eventually runs npm test and build, and image/acceptance jobs can catch some packaging failures. Those later or indirect gates do not provide ordinary UI behavioral coverage in tests.yaml.",The verification graph links createDevSession and the UI boundary script but does not show a workflow edge to ui/npm test; source confirms release-only UI checks.,make test; run_ui_checks; @calypr/loom-ui test,new,S,none recorded; see WP dependencies,.github/workflows/tests.yaml; Makefile,3af5e2a7c1f47c104b601f92d7e517b265671bfd,4631c5225d727b2bd54b48e888f26d918eb5a630,"Verifier tests, two-worktree isolation, UI gates, verify-fast/full, and five warm edit-loop runs passed at 4631c5225d727b2bd54b48e888f26d918eb5a630; frontend median 611 ms and backend median 6543 ms."
ARC-E12,WP04,PR acceptance explicitly disables the Builder-to-Viewer browser path,verification,P2,high,source-reviewed; targeted scenario not yet proven,blocked,.github/workflows/acceptance.yaml:26-35; scripts/acceptance-real.sh:119-124; scripts/acceptance-performance.sh:83-99; scripts/demo-browser-smoke.sh:52-141,".github/workflows/acceptance.yaml sets LOOM_ACCEPTANCE_BROWSER_SMOKE=false. acceptance-real.sh only calls demo-browser-smoke.sh when the flag is true, and the performance workflow can also disable browser smoke for repeat variants. The CI job therefore exercises API/performance stages without authenticating and driving Builder, Preview, Publish, Viewer, filters, and export together.","Cross-surface contract failures (publication refresh, output identity, cursor/export behavior, and UI routing) can pass PR acceptance even while the local browser scenario remains green.","Add one bounded required authenticated browser job for a non-repeat acceptance variant using an interaction-capable harness (extend demo-browser-smoke or reuse the CDP scenario). Assert edit, preview, publish, viewer reload, filter, pagination, and CSV identity; retain API-only performance repeats.",At least one required PR acceptance run drives the authenticated Builder-to-Preview-to-Publish-to-Viewer flow and records a successful reload/filter/pagination/export assertion; repeat performance variants remain API-only by policy.,make verify-fast,Source-only; no services/browser run. Add a CI smoke that fails on each missing interaction assertion and uploads DOM/network evidence on failure.,The isolated browser CI job and local browser path are implemented and locally green; a real CI run and artifact upload remain unavailable.,preserve,CI/fixture workflow change only; coordinate browser credentials or no-auth test fixture and artifact retention. No application persisted-state migration.,accept,"PR acceptance sets LOOM_ACCEPTANCE_BROWSER_SMOKE=false, and acceptance-real.sh skips demo-browser-smoke.sh on that branch. Thus the required acceptance path does not run any browser check. Moreover, the existing demo browser script only headlessly dumps Builder and Viewer DOM; it does not edit, publish, filter, paginate, export, or reload as the richer local loom-dev scenario does.","The false flag is an intentional cost/stability choice, and performance repeats explicitly remain API-only. API acceptance and static DOM smoke still cover useful seams, but not the cross-surface interaction contract claimed by the finding.",The verification graph reaches createDevSession and browser-oriented script symbols but no CI browser edge; source and the workflow comment explicitly identify browser pass as local.,LOOM_ACCEPTANCE_BROWSER_SMOKE; acceptance-real.sh; demo-browser-smoke.sh,known,M,none recorded; see WP dependencies,.github/workflows/acceptance.yaml; scripts/acceptance-real.sh; scripts/demo-browser-smoke.sh,3af5e2a7c1f47c104b601f92d7e517b265671bfd,4631c5225d727b2bd54b48e888f26d918eb5a630,The isolated browser CI job and local browser path are implemented and locally green; a real CI run and artifact upload remain unavailable.
ARC-E13,WP04,Default dev sessions collide across worktrees,operability,P2,high,implemented; focused and integration verification passed,done,scripts/loom-dev.mjs:60-87; scripts/loom-dev.mjs:177-229; compose.dev.yaml:1; compose.dev.yaml:45-83; Makefile:142-160,"createDevSession defaults every checkout to Compose project loom-dev, fixture project loom_dev_fixture, API port 8180, and UI port 3180. compose.dev.yaml uses the same default project/ports and mounts the selected source root; isolation requires each worktree to provide separate environment overrides.","Two developers or agents running make dev/verify concurrently can attach to or refuse each other's services, collide on ports, and read/write the same fixture project. A source-mount ownership check prevents some unsafe reuse but does not make the default invocation isolated.","Derive a validated default namespace from the resolved worktree/source identity and derive non-overlapping ports (or use a synchronized allocator). Include the namespace in fixture project, volumes, and artifacts, while retaining canonical-project and source-mount ownership checks.","Two clean worktrees can run their default dev command concurrently with distinct Compose projects, ports, fixture projects, volumes, and reports; each UI/API source mount is owned by its own session.",node --test scripts/loom-dev.test.mjs,"Source-only; no services run. Add a two-directory test/smoke proving default sessions have distinct Compose projects, ports, fixture projects, volumes, and source mounts.","Verifier tests, two-worktree isolation, UI gates, verify-fast/full, and five warm edit-loop runs passed at 4631c5225d727b2bd54b48e888f26d918eb5a630; frontend median 611 ms and backend median 6543 ms.",behavior-change,"Existing explicit LOOM_DEV_* overrides remain compatible; default URLs/project names and any scripts consuming them change, so document the new namespace and provide an intentional cleanup path for old loom-dev resources. No product data migration.",accept,"createDevSession defaults every source root to compose project loom-dev, fixture project loom_dev_fixture, API port 8180, and UI port 3180. compose.dev.yaml uses those same defaults. Two worktrees therefore target the same Compose namespace, ports, volume labels, and fixture data before ownership checks can reject a mismatched source mount.","Explicit environment overrides are supported, and inspectOwnedResources checks Compose labels, source mounts, and ports before destructive lifecycle actions. Those are guardrails/escape hatches, not isolated defaults; no two-worktree smoke was run.","The graph identifies createDevSession as the owner of URLs, fixture identity, and evidence, but no worktree-derived identity flows to the default Compose project or ports; source confirms fixed defaults and manual override dependence.",createDevSession; inspectOwnedResources; compose; loom-dev,new,M,none recorded; see WP dependencies,scripts/loom-dev.mjs; compose.dev.yaml; scripts/loom-dev.test.mjs; Makefile,3af5e2a7c1f47c104b601f92d7e517b265671bfd,4631c5225d727b2bd54b48e888f26d918eb5a630,"Verifier tests, two-worktree isolation, UI gates, verify-fast/full, and five warm edit-loop runs passed at 4631c5225d727b2bd54b48e888f26d918eb5a630; frontend median 611 ms and backend median 6543 ms."
ARC-E14,WP04,Fresh verification projects accumulate in the shared dev volume,operability,P3,high,reproduction-required,blocked,scripts/loom-dev.mjs:136-142; scripts/loom-dev.mjs:1012-1029; scripts/loom-dev.mjs:836-843; scripts/loom-dev.mjs:965-972; compose.dev.yaml:13-29; compose.dev.yaml:85-89,"verify-fast/full creates a fresh timestamp/random loom_dev_verify_* project, seeds it, marks retention in the report, and returns without deleting the project or generation. dev-down removes Compose resources but only --purge removes volumes; the source establishes accumulation, but not its rate, storage cost, or whether existing operators intentionally depend on retained projects.",Use the reviewed problem and acceptance criterion; the broader discovery claim is not established.,"Reframe as bounded retention. Measure repeated-run growth, then add an owned lease/expiry and prune command; let CI/ephemeral runs clean automatically while keeping an explicit keep-evidence mode. Never prune another session's project or generation.","After a non-keep verification run, its project and generation are removed or become eligible for a deterministic owned prune; keep-evidence retains only the requested run and never deletes another session's data.",node --test scripts/loom-dev.test.mjs,Source-only; no services run. Add a fixture-backed repeated-run measurement and cleanup test proving non-keep runs are removed or deterministically prunable and keep-evidence is isolated.,"Repeated verification retention is source- and runtime-confirmed, but no accepted storage-growth threshold or cleanup policy exists.",behavior-change,"If cleanup becomes default, migrate local/CI scripts that inspect retained evidence and preserve explicitly kept projects. Product datasets are outside this cleanup scope.",needs-reproduction,"verify-fast/full creates a fresh timestamp/random loom_dev_verify_* project, seeds it, marks retention in the report, and returns without deleting the project or generation. dev-down removes Compose resources but only --purge removes volumes; the source establishes accumulation, but not its rate, storage cost, or whether existing operators intentionally depend on retained projects.","The report explicitly retains fresh verification projects so evidence can be inspected, and --purge is an owned cleanup option. This is a retention-policy gap, not source proof of immediate corruption or unacceptable growth.",The graph connects createDevSession and verification report symbols but has no cleanup edge from verification target creation to project deletion; source shows retention is the normal outcome.,createVerificationTarget; verify-fast; verify-full; dev-down,new,M,none recorded; see WP dependencies,scripts/loom-dev.mjs; scripts/loom-dev.test.mjs,3af5e2a7c1f47c104b601f92d7e517b265671bfd,,"Repeated verification retention is source- and runtime-confirmed, but no accepted storage-growth threshold or cleanup policy exists."
