id	kind	case	status	next_action	specific_gap	implementation_batch	browser_batch	owner	dependencies	state_scope	evidence	command	completion
CASE-001	registered-case	builder-controls/tables	closed-scoped	Reuse0487 basicfixture table lifecycle unless relevant behavior changes; CDA table coverage separate.	No remaining failure in registered basicfixture duplicate/rename/select/delete/copy/reload scope.	9800b8cdd-corrections	after-next-consolidated-review	/root/collection_group_prepare	Reviewed integrated source; independent fresh basic-fixture QA project; no new implementation required absent reproduced defect.	Distinct disposable QA Explorer; validate fixture/target identity before concurrent launch	BUILDER_VERIFICATION.tsv row 125; /tmp/loom-selected-table-event-owner-dialog-fixed.json.tables. It covers the basic fixture table lifecycle and records an unchanged 1120-file source fingerprint.; Accepted exact two-path native DOM helper correction5/5; promoted9800b8cdd230efde8b98e9d08d276f3dac031b76; generated IDs preserved and no static semantic-title IDs remain.; gWnePi frozen integrityPASS,9/9functional, two unresolved reconcile aborts, no applicable completepass. /private/tmp/loom-verification-brackets/run-builder-controls-tables-9800b8cdd/run-builder-controls-tables-gWnePi/summary.json; Root accepted table stage /private/tmp/loom-table-render-16092 after7/7 focused including delayed same-count stale-row regression and checks-onlyPASS. No abort whitelist; current5s budgets retained.; H644eY4ad31 frozenintegrityPASS,0/10required. Sameowner editor0tabs sourcefixa365234/80e522 accepted; regression2/2 existinghelper6/6, same5s atomicpreviewoutput/postcloseidentity retained. No fullbrowserpass.; Accepted editor-return correction promoted3889f2bbecfc5f3b20266c62cd14544c4ccedfd1 atop6523c3d1; exact2paths/80e522 patch, focused2/2+6/6 reused. Full lifecycle rerun pending.; /private/tmp/loom-verification-brackets/run-builder-controls-tables-t53lYM/summary.json frozen3889f2bb sourceab7161f6/API unchanged, pending0; commonafterhealth3/3PASS. Full gate failed, not closed.; Accepted3pathtableownerattributionbatch promoted600eaf788+e1ae97ad24eb6b8f6a0eff30137aa6d49f343486; exactprogressdisabledinterval/no timing slack/uniqueID/increasingdraft, focused5/5+UI11/11, cleanownedpaths. No fullnativepassyet.; /private/tmp/loom-verification-brackets/tables-e1ae97ad/run-builder-controls-tables-0mLjZt/summary.json source37d6cb64/API24c744 unchanged; commonafterhealth3/3PASS freeze released. Driverfailure notproductlatefailure.; OIAj9V0487f0c4 full10/10,13/13rendercheckpointsmax875ms, maxaction1387ms, zero pending/unexpectederrors. /private/tmp/loom-verification-brackets/tables-0487f0c4/run-builder-controls-tables-OIAj9V/summary.json; commonafter sourceb8505b56/1713/API24c744de5e unchangedhealth3/3PASS released. Basicfixtureenvironmentonly, notCDAacceptance.	Review fixture/binding before executing: node scripts/run-native-verification-bracket.mjs --scenario builder-controls --case tables	Native controls; independent rows; Cancel/Apply where applicable; edit/removal/restoration; reload; scoped requests; action-to-render budget
CASE-002	registered-case	builder-controls/recompile	closed-scoped	Reusecurrent scoped automaticcompilefailure→Recompile→exactPatientrows recovery; save/reload remains separate. Correctsummary injected-errorlabel with faithful regression, no unchangedbrowserrerun.	Registered3checkrecovery passed; summary firstFailureReason mislabels exact injected422 asfailure. No fullsave/reload orCDAclaim.	R0	pending-readiness	/root/collection_group_prepare	Use the exact registered builder-controls/recompile contract and retain the existing injected-failure regression.	Distinct disposable QA Explorer; validate fixture/target identity before concurrent launch	BUILDER_VERIFICATION.tsv row 123; /tmp/loom-recompile-basic-preview-integrated.json.recompile. Injected first compile failure, native Recompile, successful backend compile, and two fixture Patient rows are recorded.; FmfeoY0487f0c4 registered3/3 recovery, exactonce VERIFY_COMPILE_REJECTED/injected-1 +correlatedconsole bothinjectedFault:true; subsequentRecompile200 and exact2Patientrows, pending0/integrityPASS. /private/tmp/loom-verification-brackets/recompile-0487f0c4/run-builder-controls-recompile-FmfeoY/summary.json; commonafterhealth3/3 unchangedsource/API. Rootreadraw2errorsandacceptedrecoveryonly.	Review fixture/binding before executing: node scripts/run-native-verification-bracket.mjs --scenario builder-controls --case recompile	Native controls; independent rows; Cancel/Apply where applicable; edit/removal/restoration; reload; scoped requests; action-to-render budget
CASE-003	registered-case	builder-controls/first-table	closed	Reuse this basic-fixture first-table lifecycle evidence unless relevant behavior changes; real-CDA coverage remains separate.	No gap within first-table creation/current-preview/reload scope; this is basic fixture proof.	closed	closed	/root/collection_group_prepare	Source7645bfc79 fingerprint b9cdfa6e14059f6c9da7e93e3e10e334eefea096a5c3f9a5c680c2cee1f159fb; common before/after integrityPASS.	Distinct disposable QA Explorer; validate fixture/target identity before concurrent launch	BUILDER_VERIFICATION.tsv row 122; /tmp/loom-first-table-basic-preview-integrated.json.first-table. The verified-ID first-table readiness and preview path passed on the basic fixture.; Accepted combined B tree fdf41712f4e763f36f3db6562c134810f6110be0; controls3/3, load2/2, coverage42/42, planner9/9; each exact Playwright list1 and checks-only passed. Static73/74 unrelated mapping gap retained; no browser proof.; Native K4rSng summary passed10/10, exact Patient IDs dev-patient-001/dev-patient-002, same Explorer/output/draft2/digest, reload962ms/noerrors; /private/var/folders/v_/j3zplgbs155cgwtqjftj377nd_4gyt/T/loom-verification-brackets/run-builder-controls-first-table-K4rSng/summary.json; common freeze released with unchanged source/docs/API/mount/health.	Review fixture/binding before executing: node scripts/run-native-verification-bracket.mjs --scenario builder-controls --case first-table	Native controls; independent rows; Cancel/Apply where applicable; edit/removal/restoration; reload; scoped requests; action-to-render budget
CASE-004	registered-case	builder-load/list	closed-scoped	Reuse applicable basic-fixture loading recovery evidence; no routine rerun without changed loading behavior.	None within registered loading recovery contract; CDA construction acceptance is separate.	eeb62ede-qa	verified	/root/collection_group_prepare	Serial promotion preserving unrelated dirty source; common freeze/API freshness. QA projects retained by existing fixture; no unsupported project cleanup.	Distinct disposable QA Explorer; validate fixture/target identity before concurrent launch	Canonical worklist has no exact report mapped to this case. No exact BUILDER_VERIFICATION.tsv case row was found.; Accepted combined B tree fdf41712f4e763f36f3db6562c134810f6110be0; controls3/3, load2/2, coverage42/42, planner9/9; each exact Playwright list1 and checks-only passed. Static73/74 unrelated mapping gap retained; no browser proof.; Frozen eeb62ede basic fixture native PASS4/4, Retry-to-render 196ms, exact injected fault only, no pending requests, source/API integrity PASS. Summary /private/var/folders/v_/j3zplgbs155cgwtqjftj377nd_4gyt/T/loom-verification-brackets/run-builder-load-list-Gzw1Kj/summary.json	Review fixture/binding before executing: node scripts/run-native-verification-bracket.mjs --scenario builder-load --case list	Native controls; independent rows; Cancel/Apply where applicable; edit/removal/restoration; reload; scoped requests; action-to-render budget
CASE-005	registered-case	builder-load/state	closed-scoped	Reuse applicable basic-fixture loading recovery evidence; no routine rerun without changed loading behavior.	None within registered loading recovery contract; CDA construction acceptance is separate.	eeb62ede-qa	verified	/root/collection_group_prepare	Serial promotion preserving unrelated dirty source; common freeze/API freshness. QA projects retained by existing fixture; no unsupported project cleanup.	Distinct disposable QA Explorer; validate fixture/target identity before concurrent launch	Canonical worklist has no exact report mapped to this case. No exact BUILDER_VERIFICATION.tsv case row was found.; Accepted combined B tree fdf41712f4e763f36f3db6562c134810f6110be0; controls3/3, load2/2, coverage42/42, planner9/9; each exact Playwright list1 and checks-only passed. Static73/74 unrelated mapping gap retained; no browser proof.; Frozen eeb62ede basic fixture native PASS4/4, Retry-to-render 1105ms, exact injected fault only, no pending requests, source/API integrity PASS. Summary /private/var/folders/v_/j3zplgbs155cgwtqjftj377nd_4gyt/T/loom-verification-brackets/run-builder-load-state-R4rBd9/summary.json	Review fixture/binding before executing: node scripts/run-native-verification-bracket.mjs --scenario builder-load --case state	Native controls; independent rows; Cancel/Apply where applicable; edit/removal/restoration; reload; scoped requests; action-to-render budget
CASE-006	registered-case	builder-authoring/suggestions	closed-scoped	Reuse accepted basic-fixture retry/select/Apply-to-exact-rows evidence when relevant source remains applicable; broader edit/reload and CDA lifecycle remain separate gaps.	No gap within registered Suggestions retry/select/Apply scope. Broader edit/reload and real CDA acceptance are not proved.	eeb62ede-corrections	after-next-consolidated-review	/root/cohort_presence_prepare	Accepted commits a2ff608ae and1dc3bfa747; lead scoped promotion preserving dirty source; common source/API freeze; exact affected complete browser rerun.	Basic devloop fixture only. Separate bracket process seeds unique retained loom_dev_verify_<runID> project and bootstrap/case Explorers; no compose restart/build or project teardown. Shared named dev-stack API/ports read-only; source/API freeze common. Independent functional QA allowed after acceptance with distinct artifacts; concurrent timing provisional, failures confirm serially.	unmapped; commit82062d68690b678f66c923025312c8b5fa22a5e0 on8c7e4f22 snapshot; focused UI retry1/1, syntax/diff pass; native driver unrun.; TeamA source QA launcher inspection: --target-from-environment, createRunContext/createFreshVerificationFixture, unique project seeding, no teardown.; Final corrected TeamA /private/tmp/loom-teamA-final.diff SHA256 ca9d07d0ff2fc16ad30578dd1d0dc747931259aae430885ff60ac45a64f78ce8; registered checks-only and exact --list passed; root source readiness accepted.; Root accepted scoped1dc3bfa74714-file correction batch; exact reviewed hashes and coded-only registry hunk checked; amended focused checks pass, full runner58/59 startup flake + serial SIGINT1/1. Browser pending.; Isolated accepted0f6feab00cbd05a6965198c0e9b9028bb38af586, patchSHA cffc99fd9359fbf1af361048aa7e9d30bd59a3b963b795bad2661d2dbeb1ac54; real-DOM production reader with layout stub and workflow chronology8/8 focused; no app fix/browserpass.; Promotede79815fbfe34d9456261f08f1b5d30b36272b1e9, exact two-path patch; integrated8/8 focused and diffcheckPASS; browser pending.; Accepted two-pathfceb7130 patch promoted9467738396dd6ea2b828f2f93708bf675d13cd79, integrated8/8focused, source timing ownership corrected; no browserpass.; Frozen 9c7f199 jyy9N6 failed with unchanged integrity; exact deadline snapshot lacks alert. /private/tmp/loom-verification-brackets/suggestions-9c7f199/run-builder-authoring-suggestions-jyy9N6/summary.json.; Root accepted8b4e114f four-path patch: actual alert/retry outsidecloseddisclosure and diagnostic visibilityhonorsancestors; component1/1/helper8/8. Recoveredcandidate regression leadreviewpending; no browser closure.; bKY5nG source4ad31/integrityPASS/allterminal, emitted first-table root suggestions200 exactsnapshot before injectedlazyabort, nativeRetry200 and2fixturePatientIDs applied. Originalsummary unverified remains unchanged; supplemental reconciliation pending.; Root inspected hash-verified suggestions-checkname-reconciliation.json4bd3fd4e: production finishReport11/11 after literal required-name correction promoted6523c3d1. Untouched original summary unverified/report partial retained. Frozen4ad31 source/API integrity and terminal requests PASS; accepted scoped basic-fixture closure.	Review fixture/binding before executing: node scripts/run-native-verification-bracket.mjs --scenario builder-authoring --case suggestions	Native controls; independent rows; Cancel/Apply where applicable; edit/removal/restoration; reload; scoped requests; action-to-render budget
CASE-007	registered-case	builder-authoring/authoring	closed-scoped	Closed-scoped for the exact Basic authoring create, preview, publish, and reload path. Keep column edit/removal/Cancel variants and CDA authoring separate.	No remaining gap in the selected Basic two-Patient authoring lifecycle. This does not establish a broad column-edit/removal lifecycle, CDA authoring, or runtime dataset identity.	The listener-through-drain correction and exact diagnostic attribution are integrated (511742bd and 5a1d20b2). Root accepted this scoped closure from the 7f3369bf run; no broader behavior is claimed.	closed-scoped on 7f3369bf for this exact Basic authoring case. A separate workflow/run is required for broader edit, removal, or CDA contracts.	/root/cohort_presence_prepare	Fresh Basic fixture project and Explorer; independent two-Patient oracle. Runtime dataset identity is not applicable to this Basic fixture. Keep older request-only entries and later distinct request IDs historically separate.	Basic project loom_dev_verify_mv13w3kt-d8d84be, generation devloop-v1, Explorer verify-kt-d8d84be-authoring. Source fingerprint 09abd5945240ebbad3290c195ea914ee259904231b1410d9920e2c64ccbdef04/1,741; API identity unchanged. No CDA or runtime dataset identity claim.	Accepted 7f3369bf scoped run: summary /private/tmp/loom-verification-brackets/case007-7f3369bf/run-builder-authoring-authoring-tHKa2L/summary.json SHA-256 611b3da0fdd64eb123386c014da597c66fbe60f588ac16c756d9d627857614aa; report /private/tmp/loom-verification-brackets/case007-7f3369bf/run-builder-authoring-authoring-tHKa2L/playwright-results/builder-authoring-Builder--01c89-d-reloads-configured-fields/attachments/loom-verification-report-json-de400d71fcd42cc42130781d50ddc17fc8d73d39.json SHA-256 1dcaebc41869d4eba45a60f501367f5831feb4c6ed51edca3a6cc7e4608d53c7. 3/3 registered checks passed; 29 owned requests comprise 28 finished and one exact owner-retirement record, with no unexpected errors or missing requests. Thirteen actions max 227 ms; generic render-checkpoint rows absent. Root accepted create/preview/publish/reload scope only.	node scripts/run-native-verification-bracket.mjs --scenario builder-authoring --case authoring --target-from-environment --grep 'Builder authoring previews, publishes, and reloads configured fields$'	Native controls; independent rows; Cancel/Apply where applicable; edit/removal/restoration; reload; scoped requests; action-to-render budget
CASE-008	registered-case	builder-authoring/cohort-recode	closed-scoped	Reuse this exact Basic-fixture lifecycle and the accepted exact-owner classifier replay. Reopen only if the route, owner, action, or classifier contract changes; broader CDA and other abort paths remain separate.	No unresolved gap remains within this exact Basic-fixture CASE-008 lifecycle scope after the owner-specific classifier integration. The original report records the native schema-fields request schema-fields-0ffc09d4-4d4e-41f8-b4d8-81d80beccb52 / request-263 as ERR_ABORTED during the trusted Close operation editor; the supplemental finishReport replay matches this exact owner retirement and preserves the raw error record. Other aborts, CDA behavior, and runtime-dataset identity are not covered.	af3be4cc exact generated-fields Close classifier	closed-scoped from retained full lifecycle plus post-integration classifier replay; no new full browser run	/root/cohort_presence_prepare/presence_selector	Classifier scope requires exact project/Explorer/origin/path/method/request identity and the observed generated-fields owner retirement after trusted Close operation editor. Replay preserves raw network/error rows; mismatched route/action/identity and unrelated aborts remain fatal. No CDA or runtime-dataset identity claim.	Basic fixture project loom_dev_verify_mv0xw1xd-7fd926e, Explorer verify-xd-7fd926e-cohort-recode, generation devloop-v1; not CDA.	Original summary /private/tmp/loom-verification-brackets/case008-95844a22/run-builder-authoring-cohort-recode-RPaCFg/summary.json SHA-256 f7a55a23fff305d134b724f62e2ddaac9db82834c63bf562b9b93bdfbc3e750a; original report /private/tmp/loom-verification-brackets/case008-95844a22/run-builder-authoring-cohort-recode-RPaCFg/playwright-results/builder-authoring-Builder--13317-ings-across-edit-and-reload/attachments/loom-verification-report-json-53e1098df53bdfc472b88baa888656d953d9bba8.json SHA-256 f129a478d25e456345c1a7e4f7ffdbc98aba106073176753c9b6950265ec8db4; 12/12 checks, 48 actions, one render checkpoint (008 max504ms; 009 max693ms), one failed native schema-fields request, zero pending. Request schema-fields-0ffc09d4-4d4e-41f8-b4d8-81d80beccb52 / request-263 failed at 1791548796443. Source fingerprint 9e9369acfa43b8c72cc81ab4839e471c808da0cc9fc1589c0823e742e96d0585/1729; API identity cfd86de2a22f2586e172f27c0508785e58c8698559a44ca4bc2919743e04ea05:cfd86de2a22f2586e172f27c0508785e58c8698559a44ca4bc2919743e04ea05:1244a8806b7a455f7dd9b1c90855cfb93f7f031ae0a885b14fe98b1b82e2e05b. Supplemental replay /private/tmp/loom-schema-close-correction-95844-replay.json SHA-256 b3eb46953dad0c61ee48619d91605ca8e48d7a6749646461ffb25bf2ad2a1514; commit af3be4cc0993598cb18f94c7028e67751be5cd5a; original raw network/error records preserved. The replay accepts only the exact owner retirement; the original failed reports remain retained.	node scripts/run-native-verification-bracket.mjs --scenario builder-authoring --case cohort-recode --target-from-environment --grep 'named cohort recoding preserves raw ALL bindings across edit and reload'	Closed-scoped only for this exact fresh Basic-fixture CASE-008 lifecycle and exact Close-driven generated-fields request classification. Original native network failure remains visible in the report; the supplemental replay supplies accepted ownership evidence. This does not establish CDA behavior or runtime dataset identity.
CASE-009	registered-case	builder-authoring/cohort-expand	closed-scoped	Reuse this exact Basic-fixture lifecycle and the accepted exact-owner classifier replay. Reopen only if the route, owner, action, or classifier contract changes; broader CDA and other abort paths remain separate.	No unresolved gap remains within this exact Basic-fixture CASE-009 lifecycle scope after the owner-specific classifier integration. The original report records the native schema-fields request schema-fields-975e44ad-ec76-4d54-843f-b91c5e0693af / request-263 as ERR_ABORTED during the trusted Close operation editor; the supplemental finishReport replay matches this exact owner retirement and preserves the raw error record. Other aborts, CDA behavior, and runtime-dataset identity are not covered.	af3be4cc exact generated-fields Close classifier	closed-scoped from retained full lifecycle plus post-integration classifier replay; no new full browser run	/root/cohort_presence_prepare/presence_selector	Classifier scope requires exact project/Explorer/origin/path/method/request identity and the observed generated-fields owner retirement after trusted Close operation editor. Replay preserves raw network/error rows; mismatched route/action/identity and unrelated aborts remain fatal. No CDA or runtime-dataset identity claim.	Basic fixture project loom_dev_verify_mv0xw3zn-6442e88, Explorer verify-zn-6442e88-cohort-expand, generation devloop-v1; not CDA.	Original summary /private/tmp/loom-verification-brackets/case009-95844a22/run-builder-authoring-cohort-expand-hRdKrs/summary.json SHA-256 c1c5a1ed08c646de060e6e4542ccaa04280387cf966f629a31f59e8131c1ba08; original report /private/tmp/loom-verification-brackets/case009-95844a22/run-builder-authoring-cohort-expand-hRdKrs/playwright-results/builder-authoring-Builder--e2b6e-t-IDs-through-its-lifecycle/attachments/loom-verification-report-json-ca29b42cf30f0870f267ac60b78ccd9f2328b2aa.json SHA-256 2c40de55b8abeef2d9e2a8dbb3c89ee225b60f029d385eb0f39e2b0e5fa94515; 19/19 checks, 57 actions, one render checkpoint (008 max504ms; 009 max693ms), one failed native schema-fields request, zero pending. Request schema-fields-975e44ad-ec76-4d54-843f-b91c5e0693af / request-263 failed at 1791548798298. Source fingerprint 9e9369acfa43b8c72cc81ab4839e471c808da0cc9fc1589c0823e742e96d0585/1729; API identity cfd86de2a22f2586e172f27c0508785e58c8698559a44ca4bc2919743e04ea05:cfd86de2a22f2586e172f27c0508785e58c8698559a44ca4bc2919743e04ea05:1244a8806b7a455f7dd9b1c90855cfb93f7f031ae0a885b14fe98b1b82e2e05b. Supplemental replay /private/tmp/loom-schema-close-correction-95844-replay.json SHA-256 b3eb46953dad0c61ee48619d91605ca8e48d7a6749646461ffb25bf2ad2a1514; commit af3be4cc0993598cb18f94c7028e67751be5cd5a; original raw network/error records preserved. The replay accepts only the exact owner retirement; the original failed reports remain retained.	Review fixture/binding before execution: node scripts/run-native-verification-bracket.mjs --scenario builder-authoring --case cohort-expand --target-from-environment --grep 'Builder authoring cohort-expand named cohort expansion preserves exact Patient IDs through its lifecycle$'	Closed-scoped only for this exact fresh Basic-fixture CASE-009 lifecycle and exact Close-driven generated-fields request classification. Original native network failure remains visible in the report; the supplemental replay supplies accepted ownership evidence. This does not establish CDA behavior or runtime dataset identity.
CASE-010	registered-case	builder-authoring/repeated-empty	diagnostics-failure	Keep CASE-010 open. Integrate A’s projection-before-single-flush correction, then rerun the exact registered case with a fresh Basic project/Explorer. Keep the raw ERR_ABORTED row and every unmatched error fatal; rapid reload during an in-flight capabilities request remains unverified.	The 7f3369bf run has 69 owned requests: 68 finished and one failed. `schema-fields-cb94bb12-595c-48c2-b7cb-998572e75e5e` / request-139 returned HTTP 200 then failed ERR_ABORTED after the trusted Close operation editor action detached #feature-catalog-search. The finalized report classifies the exact owner retirement, but the workflow gate reads its ledger snapshot before projected diagnostics are linked.	The early-probe/readiness callers and shared attribution are integrated (4e08d40e, d3736f87, 5a1d20b2). A owns the isolated workflow ordering correction to link projected diagnostics before the existing single native flush; focused regression and integration are pending.	After the gate-order correction is integrated, rerun this exact case with a fresh Basic project/Explorer and unique artifacts. Require native terminal evidence for each new owned request; only the exact trusted Close-retirement evidence may classify that corresponding ERR_ABORTED.	/root/cohort_presence_prepare	The failing schema-fields request is exactly correlated to the trusted Close owner retirement; the Fields click identifies request start, not retirement. Preserve the raw error. Target is environment-bound; runtime dataset identity is not applicable to this Basic fixture.	Basic project loom_dev_verify_mv13w0pc-25de722, generation devloop-v1, Explorer verify-pc-25de722-repeated-empty. Source fingerprint 09abd5945240ebbad3290c195ea914ee259904231b1410d9920e2c64ccbdef04/1,741; API identity unchanged; after-capture/health passed.	Latest run: summary /private/tmp/loom-verification-brackets/case010-7f3369bf/run-builder-authoring-repeated-empty-1GtdtD/summary.json SHA-256 ebf7570e2657c8d691b660ddfed54408a2c3a23c39c5a87f7e52ec9a5b6a429d; report /private/tmp/loom-verification-brackets/case010-7f3369bf/run-builder-authoring-repeated-empty-1GtdtD/playwright-results/builder-authoring-Builder--5077c-serve-source-row-identities/attachments/loom-verification-report-json-43d8878a0c7d5c674dab70a2316cc767740d25fe.json SHA-256 8a4bf3a88fce9886607a0d80a283aded18aaa62fe684fed1646b2b4f842be72e. 53/53 checks, 24 render checkpoints max 737 ms; 68 finished/1 failed/0 pending. Strict official completion gate fails before report projection.	node scripts/run-native-verification-bracket.mjs --scenario builder-authoring --case repeated-empty --target-from-environment --grep 'Builder authoring repeated-empty repeated empty and missing values preserve source row identities$'	Native controls; independent rows; Cancel/Apply where applicable; edit/removal/restoration; reload; scoped requests; action-to-render budget
CASE-011	registered-case	builder-authoring/group-entry	closed	Reuse accepted scoped lifecycle; rerun only for a concrete changed behavior or expanded contract.	14/14; exact two-Patient basic fixture keyed Group edit/Cancel/Apply/removal/reload; not CDA	B3	accepted-scoped	/root/cohort_presence_prepare	Independent fixture; complete contract; reviewed patch and focused checks; exact selection; frozen source	Basic devloop fixture only. Separate bracket process seeds unique retained loom_dev_verify_<runID> project and bootstrap/case Explorers; no compose restart/build or project teardown. Shared named dev-stack API/ports read-only; source/API freeze common. Independent functional QA allowed after acceptance with distinct artifacts; concurrent timing provisional, failures confirm serially.	/private/var/folders/v_/j3zplgbs155cgwtqjftj377nd_4gyt/T/loom-verification-brackets/run-builder-authoring-group-entry-gHduDH/summary.json; summarySHA256=4d9ee449b4028c01e1a3684d895279f99c2bff61fc0afbc64ff4314eb93e77c0; 14/14; exact two-Patient basic fixture keyed Group edit/Cancel/Apply/removal/reload; not CDA; source7477c9339de416605846b0b10e38d398d5704644e4f95e106c082ac42bd64d42/1702 and API unchanged; foreground evidence accepted.	Review fixture/binding before executing: node scripts/run-native-verification-bracket.mjs --scenario builder-authoring --case group-entry	Native controls; independent rows; Cancel/Apply where applicable; edit/removal/restoration; reload; scoped requests; action-to-render budget
CASE-012	registered-case	builder-authoring/legacy-v9-rows	closed	Reuse accepted scoped lifecycle; rerun only for a concrete changed behavior or expanded contract.	23/23; basic v9 Group and Related restoration, List Apply/reload; List removal outside scope; not CDA	B3	accepted-scoped	/root/cohort_presence_prepare	Independent fixture; complete contract; reviewed patch and focused checks; exact selection; frozen source	Basic devloop fixture only. Separate bracket process seeds unique retained loom_dev_verify_<runID> project and bootstrap/case Explorers; no compose restart/build or project teardown. Shared named dev-stack API/ports read-only; source/API freeze common. Independent functional QA allowed after acceptance with distinct artifacts; concurrent timing provisional, failures confirm serially.	/private/var/folders/v_/j3zplgbs155cgwtqjftj377nd_4gyt/T/loom-verification-brackets/run-builder-authoring-legacy-v9-rows-2gWbuu/summary.json; summarySHA256=b5c55a9aae109aa48ef70db5ec00592209199823b8465bcb55c4c83945618adf; 23/23; basic v9 Group and Related restoration, List Apply/reload; List removal outside scope; not CDA; source7477c9339de416605846b0b10e38d398d5704644e4f95e106c082ac42bd64d42/1702 and API unchanged; foreground evidence accepted.	Review fixture/binding before executing: node scripts/run-native-verification-bracket.mjs --scenario builder-authoring --case legacy-v9-rows	Native controls; independent rows; Cancel/Apply where applicable; edit/removal/restoration; reload; scoped requests; action-to-render budget
CASE-013	registered-case	builder-population-member-removal/mapped-plus-orphan-to-empty	diagnostics-failure	Keep both schema-fields ERR_ABORTED requests fatal and CASE-013 open. The isolated owner is adding the existing exact native-abort probe before the first app navigation and a production-caller regression; integrate/review that correction before rerunning the same registered case. Do not waive by action timing.	The 394c3d0 full run passed 10/11 checks. Its nested populationMemberRemoval.nativeRequests ledger has 90 rows (88 finished, 2 requestfailed, 0 request-only). Requests schema-fields-ff2db925-0c6e-4c1b-b35b-0d18914f9922 / cda-request-134 and schema-fields-c0f5a8f7-0ecc-4c8e-863d-85456812f2e8 / cda-request-145 are exact same-object POST failures with no main-frame navigation and no signal/owner-retirement evidence.	The current failure is owned by /root/collection_group_prepare/case060_exists_equals in an isolated worktree, confined to the CASE-013 workflow and a faithful caller regression. The correction must install the existing scoped probe before the first application navigation; no shared classifier change or cancellation waiver is authorized.	After focused review and integration, rerun the exact registered mapped-plus-orphan-to-empty case against the validated CDA target with a fresh Explorer and unique artifacts. Require native terminal evidence for every owned request and exact signal/owner proof for any classified abort.	/root/collection_group_prepare/case060_exists_equals	The selected case and exact Playwright title are registered. Validated environment target is loom_dev_cda_fhir/cda-fhir-v1; the workflow creates a random fresh Explorer and retains only its own table state. Keep target/source freeze, independent oracle, and all existing lifecycle assertions.	Owned CDA project loom_dev_cda_fhir, generation cda-fhir-v1, Explorer population-member-removal-6a084a93-7325-412a-bf7b-31ec950432ca. Frozen source fingerprint 86e3938d00eac71100694f4e8d6d7d20826ee90e80cd2c83a0be1138d531209f/1,741; docs e27d58e4ee065b8cf91f55fb13ff3decd2237262309a705cb847a230d3337817/315; API identity unchanged; mounts and health-after 3/3 passed. Runtime dataset identity is not separately asserted.	394c3d0 run: summary /private/tmp/loom-verification-brackets/case013-394c3d0/run-builder-population-member-removal-mapped-plus-orphan-to-empty-h7pEFb/summary.json SHA-256 a17431c2c2d10fbedfcb25ed87e53740cfed4cfb134eab4ffa2d92842748b5dc; domain report /private/tmp/loom-verification-brackets/case013-394c3d0/run-builder-population-member-removal-mapped-plus-orphan-to-empty-h7pEFb/playwright-results/population-member-removal--5760a--full-population-after-undo/attachments/cda-domain-report-json-1c5bc04638df95e8e24f76811cdf44f66d7fb504.json SHA-256 0a9787d5e028f2a2a124e4c7f0e43bb62eeda9904893ef8add66cfc8d09b93b3. Ten functional checks passed; the strict network gate failed on the two exact ERR_ABORTED records. The first started during Fields and related data, then failed during the related-source selection; the second began with no active action. Neither has a navigation or abort-probe correlation.	node scripts/run-native-verification-bracket.mjs --scenario builder-population-member-removal --case mapped-plus-orphan-to-empty --target-from-environment --grep 'Builder population member removal removes the mapped source member and restores the full population after undo$'	Native controls; independent rows; Cancel/Apply where applicable; edit/removal/restoration; reload; scoped requests; action-to-render budget
CASE-014	registered-case	builder-population-member-removal/mapped-contributor-removal-preserves-group-counts	closed	Reuse accepted scoped lifecycle; rerun only for a concrete changed behavior or expanded contract.	11/11; scoped CDA mapped-member nonempty Group/related counts, seven checkpoints max2416ms, 27 terminal requests	B1	accepted-scoped	/root/collection_group_prepare	Independent fixture; complete contract; reviewed patch and focused checks; exact selection; frozen source	Fresh per-run QA Explorer and own returned selection revision; read-only CDA source; no publication/materialization; separate artifacts. No explicit existing Explorer reuse. Functional QA may run concurrently; latency provisional, budget misses confirmed serially.	/private/tmp/loom-verification-brackets/run-builder-population-member-removal-mapped-contributor-removal-preserves-group-counts-okgvbQ/summary.json; summarySHA256=63e127b56195ea0c2c54af41a91f2a9b6384d06a89604d0c8b00235ddf4b2ce9; 11/11; scoped CDA mapped-member nonempty Group/related counts, seven checkpoints max2416ms, 27 terminal requests; source7477c9339de416605846b0b10e38d398d5704644e4f95e106c082ac42bd64d42/1702 and API unchanged; foreground evidence accepted.	node scripts/run-native-verification-bracket.mjs --scenario builder-population-member-removal --case mapped-contributor-removal-preserves-group-counts --target .codex/owned-cda-target.json	Native controls; independent rows; Cancel/Apply where applicable; edit/removal/restoration; reload; scoped requests; action-to-render budget
CASE-015	registered-case	root-quantity-pivot/full-population-discovery	implementation-active	Close specific missing lifecycle proof with focused checks, then run the same full native case.	Probe/discovery only; real-CDA lifecycle and approved full-population performance gate are not closed.	B2	after-consolidated-review	/root/nested_expand_prepare	Independent fixture; complete contract; reviewed patch and focused checks; exact selection; frozen source	Distinct disposable QA Explorer; validate fixture/target identity before concurrent launch	exact named discovery test	Review fixture/binding before executing: node scripts/run-native-verification-bracket.mjs --scenario root-quantity-pivot --case full-population-discovery	Native controls; independent rows; Cancel/Apply where applicable; edit/removal/restoration; reload; scoped requests; action-to-render budget
CASE-016	registered-case	root-quantity-pivot/fixture-lifecycle	closed-scoped	Closed-scoped for the exact Basic-fixture SUM/edit/Cancel/removal/reload lifecycle and native request terminal inventory at the 84105 checkpoint. Keep CDA and broader runtime-dataset behavior separate; no new run is required for this scope.	The exact registered run passed 9/9 checks across 29 actions. All 58/58 owned requests reached requestfinished, with 0 failed and 0 pending. The report proves SUM row missing=3, null=5, d=6; MAX edit d=4; Cancel left the workspace unchanged with 0 commands; reload restored the exact four source IDs/values. Fourteen action-to-settled-row samples completed within the existing 5 s budget (maximum 791 ms). The report has zero standardized render checkpoints; that limitation remains explicit.	Basic-fixture native request scope and request-ID readiness are integrated; the exact registered lifecycle is now closed-scoped on the current 84105 source checkpoint. This is not CDA evidence.	Closed-scoped for the exact Basic fixture lifecycle on source c842f40ec101b4f049be353f95269e90f0681a8681f56ad18ecb4d226fabf9a1/1735. Do not extend to CDA or other dataset identities.	/root/collection_group_prepare	The run used an independent Basic fixture and exact restored rows. Fourteen domain action-to-settled-row timing samples are present, but standardized render checkpoint count is 0. No CDA or runtime-dataset identity claim.	Fresh Basic fixture project loom_dev_verify_mv10httu-8a37593, generation devloop-v1, Explorer root-quantity-category-1791553162883. Source c842f40ec101b4f049be353f95269e90f0681a8681f56ad18ecb4d226fabf9a1/1735 and docs eef08cbd7c66f3a7690f5b5c31135cd2d569d6ea52335ff9a925834a59b2ec78/315 matched before/after; API identity, mounts, and health 3/3 passed.	Summary /private/tmp/loom-verification-brackets/case016-4e08d40e/run-root-quantity-pivot-fixture-lifecycle-LYoDWx/summary.json SHA-256 4841a4ded7ab48f3f4cdcf397f53e66a09c9e716b845cc5977aa832f69418e3f; report /private/tmp/loom-verification-brackets/case016-4e08d40e/run-root-quantity-pivot-fixture-lifecycle-LYoDWx/playwright-results/root-quantity-pivot-Root-q-f7ca3-emoval-and-reload-lifecycle/attachments/loom-verification-report-json-e749ab8eccf4234ba4d2cb897bf6a568e411e12f.json SHA-256 4c673a0f820ddc1217a7085f8e6aca0a6a674f489d2ee2089779c9106285ee01. 9/9 checks; 58/58 requests finished; 14 settled-row timing samples max 791 ms; no standardized render checkpoints. Closed only for this Basic scope.	node scripts/run-native-verification-bracket.mjs --scenario root-quantity-pivot --case fixture-lifecycle --target-from-environment --grep 'discovers typed categories and completes the SUM, edit, removal, and reload lifecycle$'	Native controls; independent rows; Cancel/Apply where applicable; edit/removal/restoration; reload; scoped requests; action-to-render budget
CASE-017	registered-case	root-quantity-pivot/full-population-lifecycle	applicability-rerun	Review relevant current workflow dirty changes and bounded raw quantity witness, then run exact target-bound full-population lifecycle in an independent frozen QA slot.	Historical NqJexV is environment-only and persistence untested despite10 named checks; current registry identity/lifecycle metadata already correct.	B2	after-consolidated-review	/root/nested_expand_prepare	Independent fixture; complete contract; reviewed patch and focused checks; exact selection; frozen source	Full project loom_dev_cda_fhir/cda-fhir-v1 Observation population: 815,261 rows; raw final/d numeric aggregate, SUM 2,619,628,033 and MAX 3,444,672; 25 bounded source tuples restored. Use separate owned QA state; confirm shared setup/cleanup before parallel launch.	docs/BUILDER_VERIFICATION.tsv:138; /private/tmp/loom-root-quantity-pivot-current-source-bracket/run-root-quantity-pivot-full-population-lifecycle-NqJexV/summary.json; /private/tmp/loom-root-quantity-pivot-current-source-bracket/run-root-quantity-pivot-full-population-lifecycle-NqJexV/playwright-results/root-quantity-pivot-Root-q-8c2b7-ull-CDA-source-after-reload/attachments/cda-domain-report-json-96b2de24fa4815044ab8a4f070b72a962b150efe.json; TeamC read-only source review: current target project/generation explicit and lifecycle indices5/6/7/10; historical explorer:null/unbound report not current acceptance. No metadata patch needed. Separate dirty spec addition is related-text case.	node scripts/run-native-verification-bracket.mjs --scenario root-quantity-pivot --case full-population-lifecycle --target .codex/owned-cda-target.json	Native controls; independent rows; Cancel/Apply where applicable; edit/removal/restoration; reload; scoped requests; action-to-render budget
CASE-018	registered-case	root-quantity-pivot/related-text-only-full-population-lifecycle	diagnostics-failure	The complete raw witness and 8581f0a04 browser 503 remain the current lifecycle evidence; keep CASE-018 open. The isolated correctness candidate’s bounded execution probe is terminal but was killed at the unchanged 8 s cap with no rows, so it produced no category comparison or measured performance result. Do not repeat that query unchanged; C owns the next discriminating server/query plan. The candidate remains isolated and unpromoted.	The raw witness proves the exact full-population oracle, while the registered browser still failed on a terminal category-discovery HTTP 503 (`CATEGORY_SCAN_TIMEOUT`) after 10.305 s with 46/46 native requests finished. Candidate parity tests exercise missing, null, auth, and route behavior; they do not prove the 503 is fixed, current CDA browser behavior, or a runtime speedup. The one bounded candidate scan was killed at its unchanged 8 s cap and returned no rows, so no candidate category comparison is available. EXPLAIN estimates are not runtime measurements.	Isolated correctness candidate SHA-256 92b0654fc5ad8ab4c43e03fd802b77a9fb3131c9efddb9fc2ffa8ebe2b25060d; source postimage SHA-256 84f8d34cd80b4e368ed41d8fb826ad7fe23e2c709b5a235fcdf05e43da062b05; parity test SHA-256 9f700d74012b001933360e987612a0db8d3da8c6b04bab61cc9b90e7190d25b2. Two bounded Arango parity checks passed in 0.73 s and 0.04 s. Its candidate scan artifact /private/tmp/loom-verification-brackets/case018-candidate-scan-f13c97-20261009/candidate-probe.json SHA-256 0b88f88f3d86107e59c45c82f8dec84dbd25495d863d9f8407f38ea2c4e47dd5 was killed at the unchanged 8 s cap and returned no rows. The candidate is not promoted and is not evidence of a CDA lifecycle pass or measured speedup.	Retain the terminal 503 report and the inconclusive candidate-scan capture. Do not repeat the identical 8 s query. C to derive a new bounded server/query plan from the scan result before any acquisition; rerun the registered browser lifecycle only after a reviewed server/query correction. Preserve all 12 checks and the strict native gate.	/root/nested_expand_prepare	Raw scope is project loom_dev_cda_fhir, generation cda-fhir-v1, database loom_dev, unrestricted no-auth. Browser target config was bound, but runtime dataset identity remains not checked. The browser failure is a completed 503 response with a captured CATEGORY_SCAN_TIMEOUT body; no setup failure or pending-request waiver.	The completed raw witness is scoped to loom_dev_cda_fhir / cda-fhir-v1 / loom_dev. Browser attempt used fresh owned-CDA Explorer qa-related-text-pivot-0465214b-d725-4930-8e79-cc455e0ed224. Config-bound project/generation; runtime dataset identity unchecked. Source fingerprint 93c39296f71102e0e9f7219bd347cd7c6e9ac603863449256aa07f5af7f6e9c6/1737, docs eef08cbd7c66f3a7690f5b5c31135cd2d569d6ea52335ff9a925834a59b2ec78/315, API identity unchanged; mounts and health-after PASS 3/3.	Raw result /private/tmp/loom-verification-brackets/case018-discovery-result-7fe284bb-n3tgqD/result.json SHA-256 7b721a0fa4af96289f0f96f35af8e65eda766413ba9282017c88f519daff5cb3. Browser summary /private/tmp/loom-verification-brackets/case018-native-8581f0a04-dbexplicit/run-root-quantity-pivot-related-text-only-full-population-lifecycle-Y1tbfc/summary.json SHA-256 3c960a0245d7210b84f9a7504b4afa7dad657bbdb1fdac2d305dc03774d9a6b6; domain report /private/tmp/loom-verification-brackets/case018-native-8581f0a04-dbexplicit/run-root-quantity-pivot-related-text-only-full-population-lifecycle-Y1tbfc/playwright-results/root-quantity-pivot-Relate-c5a05-M-MAX-across-the-full-route/attachments/cda-domain-report-json-7a0a83403143964de72ee55211c4e580fe4ae51a.json SHA-256 650ff9cb027d4d5a14623cd5ccd9aa0b8ab7d0c3b5f86340f89fa07e23290127. 18 actions, 0/12 required checks, 46/46 terminal requests; HTTP 503 CATEGORY_SCAN_TIMEOUT after 10.305 s, integrity PASS.	node scripts/run-native-verification-bracket.mjs --scenario root-quantity-pivot --case related-text-only-full-population-lifecycle --target .codex/owned-cda-target.json	Native controls; independent rows; Cancel/Apply where applicable; edit/removal/restoration; reload; scoped requests; action-to-render budget
CASE-019	registered-case	builder-combine-draft/join	evidence-review	Reuse later clean run as non-reproduction evidence. Historical abort cannot be classified without retained failing request owner/action/body/CAS; do not rerun solely to reconstruct missing history. For new failures retain exact first-failure request diagnostics.	epoch39 request-300 POST preview lacks retained failing request record tying it to initiating owner/action/output/body/CAS; later clean run does not establish cancellation cause.	R0	pending-specific-proof	/root/collection_group_prepare/case060_exists_equals	Independent fixture; complete contract; reviewed patch and focused checks; exact selection; frozen source	Existing basic-fixture unpublished Group→Group Join; keep separate from real-CDA and published Join. Use separate owned QA state; confirm shared setup/cleanup before parallel launch.	docs/verification/playwright/runtime/current-draft-join-epoch39-closure.json; docs/verification/playwright/runtime/current-draft-join-epoch41-report.json; docs/verification/playwright/runtime/current-draft-join-epoch41-closure.json; docs/BUILDER_VERIFICATION.tsv:170; read-only TeamB attribution: epoch41 25/25; report SHA256 3de5ff2dcc5277c89ca1d3498e2715a06129c86c5cc221fcf2173c03d3645388; closure e13741d00494418a4ee34026349eb44cb77d0f2000e0a35f4147b7f21389487a	Review fixture/binding before executing: node scripts/run-native-verification-bracket.mjs --scenario builder-combine-draft --case join	Native controls; independent rows; Cancel/Apply where applicable; edit/removal/restoration; reload; scoped requests; action-to-render budget
CASE-020	registered-case	builder-combine-draft/append	diagnostics-failure	Keep all four pending records and all four ERR_ABORTED failures fatal. Finish the shared exact-owner/native-navigation lifecycle correction with a real Playwright event regression; then rerun this exact current-draft Append case under a fresh source/API freeze.	The f563bbd basic-fixture run passed 21/21 checks, 35 actions, and two render checkpoints (max 628 ms; max action 1,135 ms), but the strict ledger failed: four requests remained request-only (two semantic-inventory, one configured-column-context, one construction-capabilities) and four requests ended ERR_ABORTED (three schema-fields, one reconcile). This is not real-CDA or Group-to-Pivot APPEND proof; runtime dataset identity is unchecked.	R0	rerun after shared terminal-lifecycle correction	/root/collection_group_prepare/case014_evidence	The exact registered builder-combine-draft/append selection, fresh disposable basic-fixture project/Explorer, current source/API fingerprint, and terminal event coverage. No pending/abort waiver.	Epoch45 was basic fixture only: project loom_dev_verify_muvybreg-c245a49, Explorer verify-eg-c245a49-draft-combine-append, generation fixture-v1. Next run must use its own fresh disposable project/Explorer; real CDA and Group→Pivot-input APPEND are not claimed.	Summary /private/tmp/loom-verification-brackets/case020-f563bbd/run-builder-combine-draft-append-b92JuT/summary.json SHA-256 5aca435b229045dcd8dd058442c8506d009e9f42bc45abe46a4d160ef2849572; report /private/tmp/loom-verification-brackets/case020-f563bbd/run-builder-combine-draft-append-b92JuT/playwright-results/draft-combine-Builder-Comb-0dee4-ply-edit-removal-and-reload/attachments/loom-verification-report-json-ea420b8c9c5a0641abe7b4c60eca70b4b72d4833.json. Source f4ab9738/1729, docs 8cb61830/313, API identity unchanged, mounts and health before/after PASS. Fresh project loom_dev_verify_mv0v9dc6-59a4e50, Explorer verify-c6-59a4e50-draft-combine-append.	node scripts/run-native-verification-bracket.mjs --scenario builder-combine-draft --case append --target-from-environment --grep 'three-source current-draft APPEND supports cancel, apply, edit, removal, and reload$'	Close only after the exact current registered basic-fixture lifecycle passes all 21 checks, proves literal APPEND rows and persistence, records settled render checkpoints within budget, and leaves all scoped native requests terminal or individually justified by exact owner evidence. No real-CDA or Group→Pivot-input APPEND claim.
CASE-021	registered-case	builder-combine-draft/append-derived-edit	evidence-review	Reuse later clean run as non-reproduction evidence. Historical abort cannot be classified without retained failing request owner/action/body/CAS; do not rerun solely to reconstruct missing history. For new failures retain exact first-failure request diagnostics.	epoch73 request-450 reconcile at draft14 lacks retained failing request record tying it to initiating owner/action/output/body/CAS; later clean run does not establish cancellation cause.	R0	pending-specific-proof	/root/collection_group_prepare/case060_exists_equals	Independent fixture; complete contract; reviewed patch and focused checks; exact selection; frozen source	Existing basic Group→DERIVE→APPEND edit workflow; real-CDA and published-source APPEND remain separate. Use separate owned QA state; confirm shared setup/cleanup before parallel launch.	docs/verification/playwright/runtime/current-draft-append-derived-edit-epoch73-closure.json; docs/verification/playwright/runtime/current-draft-append-derived-edit-epoch74-report.json; docs/verification/playwright/runtime/current-draft-append-derived-edit-epoch74-closure.json; docs/BUILDER_VERIFICATION.tsv:171; read-only TeamB attribution: epoch74 clean run; report SHA256 5f6a095d8129dd007d0a26e98960d43229f9f0e2a885d28d88756a3ae74f553a; closure e483c5170894c375fc07c63e7e3dc5b34798b536e5f0710658527bbd8013b4a9	Review fixture/binding before executing: node scripts/run-native-verification-bracket.mjs --scenario builder-combine-draft --case append-derived-edit	Native controls; independent rows; Cancel/Apply where applicable; edit/removal/restoration; reload; scoped requests; action-to-render budget
CASE-022	registered-case	builder-combine-draft/group-pivot	diagnostics-failure	Keep all four request-only records fatal. A bounded local Playwright reproduction of the exact semantic-inventory POST followed by same-frame reload saw server arrival and an unfinished connection close while Page, Context, and CDP emitted no terminal. That proves this route can lose terminal observations during reload; it does not prove these retained requests reached the server or were canceled. Do not change the collector, extend the drain, or waive navigation from this result. If a future required run is made, capture request-ID-bound server arrival/response-or-close evidence beside native events.	The 511742 report has 142 owned requests: 135 finished, 3 failed, and 4 pending. Request-307 and request-804 are semantic-inventory; request-805 is configured-column-context; request-806 is construction-capabilities. Each has only a native request event and no response/status/terminal after restoration. A local same-route POST/reload reproduction confirmed a browser event-observation gap is possible, but there is no request-specific server evidence for these exact four records. The three distinct failures remain schema-fields request-133 and request-160 (ERR_ABORTED during the two raw-field Apply actions) and reconcile request-426 (ERR_ABORTED). The native gate failed; no terminal is inferred.	The shared Group/Pivot native-ledger readiness correction is integrated in commit 511742bdce1766501d2c13dd1b95a18e500c057d; source patch SHA-256 fb655b9e930eca654c0793f6a47d68268129b50b2c8100dbdee56c672ec82dc1. The registered focused group passed and the retained three-scope regression set passed 19/19. Full browser execution confirms the lifecycle checks but leaves the strict final drain unresolved.	After the exact pending terminal source is established and any demonstrated collector defect is corrected, rerun builder-combine-draft/group-pivot with a fresh independent Basic project/Explorer under a frozen source/API bracket. Preserve all 21 checks and require all owned requests to terminate; do not infer completion from restoration navigation.	/root/collection_group_prepare/case060_exists_equals	This readiness patch establishes harness accounting only, not lifecycle behavior or published/CDA coverage. It adds no second recorder or shared fixture changes; the pending request gate remains strict.	Basic fixture project loom_dev_verify_mv129mqf-0a12da2, generation devloop-v1, Explorer verify-qf-0a12da2-draft-combine-group-pivot; target validation is environment-only and runtime dataset identity is not checked. Frozen source 8f7773e5107bc6be7c1405a6d02ac454c631dbef93bd254665383a7bf85a1f4b/1739, docs 3fab57ef79b70d61911b5ddc600898af9cb130ada597d14c268a6601ef38829f/315; API identity `cfd86de2a22f2586e172f27c0508785e58c8698559a44ca4bc2919743e04ea05:cfd86de2a22f2586e172f27c0508785e58c8698559a44ca4bc2919743e04ea05:1244a8806b7a455f7dd9b1c90855cfb93f7f031ae0a885b14fe98b1b82e2e05b`; owned mounts and health-before/after passed 3/3. Environment-only target validation; runtime dataset identity is unchecked.	Summary /private/tmp/loom-verification-brackets/case022-511742bd/run-builder-combine-draft-group-pivot-upzUvi/summary.json SHA-256 9e1e12c8c865ac92a95c8d487bdf5b28f0874f0240a3c05288cd661bf54cb02b; report /private/tmp/loom-verification-brackets/case022-511742bd/run-builder-combine-draft-group-pivot-upzUvi/playwright-results/draft-combine-Builder-Comb-76f8b-ply-edit-removal-and-reload/attachments/loom-verification-report-json-93ccf698c933d7eb1e6349f9b66422c3062e47c8.json SHA-256 ab09012cd03dd42a7f7ace9c76ec4c3c70d6d5d652f15c862a3c2bcb7cecd662. 21/21 checks; 142 total/135 finished/3 failed/4 pending; one 71 ms render checkpoint; strict gate failed. Local bounded Playwright repro script /private/tmp/playwright-navigation-abort-repro/repro-case022-semantic-inventory.mjs SHA-256 b7d0de8dcc9d5625e9a781458a1fc52192a9aea83d3baa42b0733167f61be844; output /private/tmp/playwright-navigation-abort-repro/case022-semantic-inventory-post-reload.json SHA-256 9fc87bf61c75648bc619848c93428f2d4e5af5638260da4e6cbf87938c573b06. Local server saw exact POST arrival and unfinished close; Page/Context/CDP had only request/Network.requestWillBeSent. This is mechanism evidence, not proof for the four retained requests.	node scripts/run-native-verification-bracket.mjs --scenario builder-combine-draft --case group-pivot --target-from-environment --grep 'GROUP-to-PIVOT current-draft Join supports cancel, apply, edit, removal, and reload$'	Native controls; independent rows; Cancel/Apply where applicable; edit/removal/restoration; reload; scoped requests; action-to-render budget
CASE-023	registered-case	builder-combine-draft/group-pivot-append	evidence-review	Inspect exact retained lifecycle evidence and consequential source changes; reuse valid scoped proof or name missing checks before scheduling a browser.	Basic synthetic fixture only; real CDA and published-source variants remain separate.	R0	pending-readiness	unassigned	Independent fixture; complete contract; reviewed patch and focused checks; exact selection; frozen source	Distinct disposable QA Explorer; validate fixture/target identity before concurrent launch	registry:APPEND over unpublished Observation GROUP and DiagnosticReport GROUP→PIVOT siblings; docs/verification/playwright/runtime/current-draft-group-pivot-append-epoch143-report.json	Review fixture/binding before executing: node scripts/run-native-verification-bracket.mjs --scenario builder-combine-draft --case group-pivot-append	Native controls; independent rows; Cancel/Apply where applicable; edit/removal/restoration; reload; scoped requests; action-to-render budget
CASE-024	registered-case	builder-combine-draft/membership	closed-scoped	Reuse the Epoch66 basic-fixture Membership lifecycle; the exact exercised Membership path has no relevant source behavior change.	Basic-fixture Membership is scoped closed. Real-CDA behavior, published-source inputs, and restricted-authorization Membership remain separate.	R0	pending-readiness	unassigned	Independent fixture; complete contract; reviewed patch and focused checks; exact selection; frozen source	Distinct disposable QA Explorer; validate fixture/target identity before concurrent launch	registry:MEMBERSHIP over two unpublished grouped ID sources with INCLUDE, EXCLUDE edit, removal, restoration, and reload; 50/50 required checks match Epoch66. Report docs/verification/playwright/runtime/current-draft-membership-epoch66-report.json SHA-256 f3bf90e4dae2f914f2b0b808f813354bb11390c0d2cf6514dd7c4130e41762f5; closure docs/verification/playwright/runtime/current-draft-membership-epoch66-closure.json SHA-256 bc9cf82c480005d2584ed5934e9b367f42fb18661bf72e2b268e94cf6edbdd65. Project loom_dev_verify_muw9wqty-312c32a, generation fixture-v1, Explorer verify-ty-312c32a-draft-combine-membership. Source fingerprint b2ac66dec27775ab525776c55ab242701693216f0f5390742c8b16292a21a25d across 1503 files was unchanged before/after. Source review: draftMembershipWorkflow, configureMembership, and membershipKeyMetadataEvidence match Epoch66; changed preview branches are diagnostic-only/default mode, candidate gating defaults false, removal callbacks are unused, and ConstructionCombineEditor label behavior for this explicitly named cohort remains unchanged.	No rerun for the basic-fixture contract: Epoch66 report remains applicable to the exercised path. Reopen only for a relevant behavior change or separate real-CDA/published-source/restricted-authorization proof.	Native controls; independent rows; Cancel/Apply where applicable; edit/removal/restoration; reload; scoped requests; action-to-render budget
CASE-025	registered-case	builder-combine/join	evidence-review	Inspect exact retained lifecycle evidence and consequential source changes; reuse valid scoped proof or name missing checks before scheduling a browser.	Basic/published fixture only; CDA current-draft Join is separately registered.	R0	pending-readiness	unassigned	Independent fixture; complete contract; reviewed patch and focused checks; exact selection; frozen source	Distinct disposable QA Explorer; validate fixture/target identity before concurrent launch	exact scenario/case command	Review fixture/binding before executing: node scripts/run-native-verification-bracket.mjs --scenario builder-combine --case join	Native controls; independent rows; Cancel/Apply where applicable; edit/removal/restoration; reload; scoped requests; action-to-render budget
CASE-026	registered-case	builder-combine/append	diagnostics-failure	Keep the three request-only records and seven ERR_ABORTED failures fatal. Finish the shared exact-owner/native-navigation lifecycle correction with a real Playwright event regression, then rerun this exact published Append case only after the correction is reviewed.	The f563bbd basic-fixture run passed 45/45 checks, 97 actions, and 17 render checkpoints (max 853.64 ms; max action 879 ms), but the strict ledger failed: semantic-inventory, configured-column-context, and construction-capabilities stayed request-only; seven requests ended ERR_ABORTED (four schema-fields, three capabilities). This does not establish current-draft Append or real-CDA Append.	R0	rerun after shared terminal-lifecycle correction	/root/collection_group_prepare/case014_evidence	Exact registered builder-combine/append selection; fresh disposable basic-fixture project/Explorer; current source/API fingerprint; strict terminal gate. No pending/abort waiver.	Distinct disposable QA Explorer; validate fixture/target identity before concurrent launch	Summary /private/tmp/loom-verification-brackets/case026-f563bbd/run-builder-combine-append-aPEM4b/summary.json SHA-256 a1ffdbf72301ed7124493690f016498387a8881dd756f5b53d4b468300591fce; report /private/tmp/loom-verification-brackets/case026-f563bbd/run-builder-combine-append-aPEM4b/playwright-results/append-APPEND-preview-apply-edit-cancel-removal-and-reload/attachments/loom-verification-report-json-cf2d02c49cd5ff61276d9b48979a311e64cf9654.json. Source f4ab9738/1729, docs 8cb61830/313, API identity unchanged, mounts and health before/after PASS. Fresh project loom_dev_verify_mv0v9dc1-e166bff, Explorer verify-c1-e166bff-combine.	Review fixture/binding before executing: node scripts/run-native-verification-bracket.mjs --scenario builder-combine --case append	Native controls; independent rows; Cancel/Apply where applicable; edit/removal/restoration; reload; scoped requests; action-to-render budget
CASE-027	registered-case	builder-combine-nullable/lifecycle	diagnostics-failure	Keep the two request-only records and four ERR_ABORTED failures fatal. Complete the owner-scoped pagehide/native-navigation correction and its real browser event regression; then rerun the exact nullable lifecycle only after focused review. Do not infer termination from request replacement or page navigation.	The latest 9d8d37ef/1727 run passed 63/63 registered checks and 27 render checkpoints (max 859 ms), but its 104-entry strict ledger ended with four ERR_ABORTED failures (two schema-fields, two construction-capabilities) and two pending requests: semantic-inventory feature-catalog-db69526e-954a-4ec7-a0a0-bb8dc22140c5 (request-655) and capabilities cda-request-ece61a95-208f-4a70-bf32-17ea15bf8ebf (request-657). Environment target is project/generation scoped; runtime dataset identity remains unchecked.	R0	rerun after shared owner-scoped native-navigation correction	/root/collection_group_prepare/case014_evidence	One owner-scoped correction/test batch shared with CASE-010/020/026; preserve native Playwright terminal authority, exact project/Explorer scope, persisted-page negative, wrong-scope negative, and 5 s budget. No request waiver.	Distinct disposable QA Explorer; validate fixture/target identity before concurrent launch	Summary /private/tmp/loom-verification-brackets/case027-9048d508-rerun/run-builder-combine-nullable-lifecycle-ltCrQ3/summary.json SHA-256 e50a8153f7cc5d5be655634b5701b0d3108b64adf611d036ed5c12284b90f77a; report /private/tmp/loom-verification-brackets/case027-9048d508-rerun/run-builder-combine-nullable-lifecycle-ltCrQ3/playwright-results/nullable-combine-nullable--69d1b-NULL-non-equality-lifecycle/attachments/loom-verification-report-json-e66f8cca80d117f459056c1b1483a5ccab95736b.json. Source 9d8d37ef/1727, docs 8cb61830/313, API identity unchanged, mounts and health before/after PASS. Fresh basic fixture; runtime dataset identity unchecked.	After caller correction and focused review, run exact registered case under a fresh freeze: node scripts/run-native-verification-bracket.mjs --scenario builder-combine-nullable --case lifecycle	Native controls; independent rows; Cancel/Apply where applicable; edit/removal/restoration; reload; scoped requests; action-to-render budget
CASE-028	registered-case	viewer-query/output	evidence-unmapped	Map exact owned and custom-output report evidence to the registered checks or leave it unverified. Keep facets, sort, pagination, row details, custom actions, and exports as separate contracts.	Do not infer Viewer result recovery from other Builder/query rows.	R0	pending-readiness	unassigned	Use a disposable Viewer output and fault-inject one result-query request, restoring the route in cleanup.; Retain the output identity and visible rows after Retry.	Distinct disposable QA Explorer; validate fixture/target identity before concurrent launch	Canonical worklist has no exact report mapped to this case. Registry coverage labels runtime load and query failure/Retry implemented, but that status is not retained case evidence.	Review fixture/binding before executing: node scripts/run-native-verification-bracket.mjs --scenario viewer-query --case output	Native controls; independent rows; Cancel/Apply where applicable; edit/removal/restoration; reload; scoped requests; action-to-render budget
CASE-029	registered-case	standalone-misc/compound-coded-group-basic	evidence-review	Inspect exact retained lifecycle evidence and consequential source changes; reuse valid scoped proof or name missing checks before scheduling a browser.	Historical synthetic evidence; no current-source identity was retained in the matched inventory row.	R0	pending-readiness	unassigned	Independent fixture; complete contract; reviewed patch and focused checks; exact selection; frozen source	Distinct disposable QA Explorer; validate fixture/target identity before concurrent launch	scenario-level report reference; no case acceptance key	Review fixture/binding before executing: node scripts/run-native-verification-bracket.mjs --scenario standalone-misc --case compound-coded-group-basic	Native controls; independent rows; Cancel/Apply where applicable; edit/removal/restoration; reload; scoped requests; action-to-render budget
CASE-030	registered-case	cda-filter-browser/filter-lifecycle	closed-scoped	Reuse this exact current-source Filter lifecycle closure; rerun only if relevant lifecycle behavior or target scope changes.	No remaining gap inside the registered Filter lifecycle scope. Runtime dataset identity and restricted-authorization exclusion remain unproven.	f563bbd-current-strict	f563bbd-current-strict-2026-10-09	R0	Source applicability reviewed through 57ceb78b; root-only report branch has no CDA behavior effect.	Owned CDA target config bound to loom_dev_cda_fhir/cda-fhir-v1; independent raw oracle scoped to project/generation; runtime dataset identity not checked.	Current sanitized report docs/verification/playwright/runtime/cda-filter-lifecycle-f563-current-report.json SHA-256 55eac75e0b6c708fa93ed16172a0cb1ec2ce35ebec6e0188a38b79172f4cf538; retained summary /private/tmp/loom-verification-brackets/case030-current-strict/run-cda-filter-browser-filter-lifecycle-coltSD/summary.json SHA-256 5eeeb749eb1f1fcb73d9af0953097f3f554b79af982a6fcb92bdaac4a6762e8d; raw domain report /private/tmp/loom-verification-brackets/case030-current-strict/run-cda-filter-browser-filter-lifecycle-coltSD/playwright-results/standalone-cda-other-CDA-f-1afeb-d-remove-a-typed-CDA-filter/attachments/cda-domain-report-json-516a409a3dfe19ed1ff19065207fae5ae9c99ec3.json SHA-256 d79d5f4bb6c911b3f8e0769d7a3068f4f43cf183eafc83aa7e1799dc1db85e9b. 9/9 registered checks, 30/30 assertions, 52/52 native requests terminal with HTTP 200, 14 action-to-settled checkpoints max 1990ms, 19 actions max 208ms. Epoch114 remains historical.	node scripts/run-native-verification-bracket.mjs --scenario cda-filter-browser --case filter-lifecycle --target .codex/owned-cda-target.json	Exact registered Filter lifecycle passed on f563 source; source/docs/API/mount/health unchanged; no runtime dataset identity claim.
CASE-031	registered-case	cda-filter-browser/composite-group-filter	closed	Retain exact scoped accepted evidence. Reopen only for a concrete behavior change or missing proof, not a different HEAD.	Z0UQtM 20/20; root accepted full scoped Group-filter lifecycle	closed	not-required	unassigned	Independent fixture; complete contract; reviewed patch and focused checks; exact selection; frozen source	Distinct disposable QA Explorer; validate fixture/target identity before concurrent launch	/private/var/folders/v_/j3zplgbs155cgwtqjftj377nd_4gyt/T/loom-verification-brackets/run-cda-filter-browser-composite-group-filter-Z0UQtM/summary.json SHA-256 7f4b8efc2a621f09fa09f78796d0c9686c8697a92cce4a0002c90898929ce798	node scripts/run-native-verification-bracket.mjs --scenario cda-filter-browser --case composite-group-filter --target .codex/owned-cda-target.json	Native controls; independent rows; Cancel/Apply where applicable; edit/removal/restoration; reload; scoped requests; action-to-render budget
CASE-032	registered-case	cda-root-rebase/preserve-patient-values-through-observation-and-restore	diagnostics-failure	Keep CASE-032 open. The 394c3d0 run reached 4/8 checks and failed its strict error gate on a terminal schema-fields ERR_ABORTED after Close operation editor. Preserve the raw failure; no probe signal or owner-retirement evidence was captured. The same isolated CASE-013 owner is adding pre-navigation probe installation to both callers; review focused tests before any same-case rerun.	The exact same-object request `schema-fields-4fd76703-0db4-4d87-a9e9-eaaffc9437a1` / playwright-67 is POST /authoring/v2/schema-fields, with request then requestfailed ERR_ABORTED and no status/response. It started without an active action at 47,429 ms and failed 300 ms later; the failure action is Close operation editor, but there is no main-frame navigation, no abort-probe event, and no exact signal/owner-retirement proof. Four later checks did not run.	The current CASE-013/032 correction is one bounded same-owner caller batch in an isolated worktree: install the existing probe before the first app navigation in each workflow and add real-caller tests. No shared helper/classifier edits or cancellation waiver; focused review is pending.	After the missing probe observation is explained and any reviewed correction is integrated, rerun the same target-bound case with a fresh Explorer and unique evidence. Preserve the exact route oracle, full 8-check lifecycle, five-second budgets, and strict native/error gate.	/root/collection_group_prepare/case060_exists_equals	Target-bound configuration and focused preflight passed for loom_dev_cda_fhir/cda-fhir-v1. The workflow creates one fresh random Explorer and temporary table, removes only the table, and leaves the Explorer. Runtime dataset identity is not checked. CASE-013 and CASE-032 use distinct fresh Explorers and artifacts; strict network gates remain fatal.	Owned CDA project loom_dev_cda_fhir, generation cda-fhir-v1, Explorer cda-root-rebase-1791559895232. Source 86e3938d00eac71100694f4e8d6d7d20826ee90e80cd2c83a0be1138d531209f/1,741 and docs eb2e6e21e63567654263971b8d3d86d468fa0b510312d89aa5ebffb9250f14c8/315 were unchanged across the bracket; API identity unchanged; after-capture and health-after 3/3 passed. Runtime dataset identity remains not checked.	394c3d0 run: summary /private/tmp/loom-verification-brackets/case032-394c3d0/run-cda-root-rebase-preserve-patient-values-through-observation-and-restore-Puv0rb/summary.json; domain report /private/tmp/loom-verification-brackets/case032-394c3d0/run-cda-root-rebase-preserve-patient-values-through-observation-and-restore-Puv0rb/playwright-results/standalone-cda-other-CDA-r-d3316-e-original-route-and-values/attachments/cda-domain-report-json-36051eb6c027259ea4c246adbacf9203f1a32fe3.json SHA-256 80ac2cd9243c365a864f2cca64344a532e9d033cd36efe715dc46ec4dbd2cd2e. Four of eight checks reached; first strict failure was the exact request above, requeststarted without action and requestfailed 300 ms later following Close operation editor. Native ledger 67 finished/1 failed/0 pending; nativeAbortProbeEvents=[]; expected=false. Source/API/docs integrity and health passed. Runtime dataset identity not checked.	node scripts/run-native-verification-bracket.mjs --scenario cda-root-rebase --case preserve-patient-values-through-observation-and-restore --target .codex/owned-cda-target.json	Native controls; independent rows; Cancel/Apply where applicable; edit/removal/restoration; reload; scoped requests; action-to-render budget
CASE-033	registered-case	cda-collection-repair-partial/partial-long-route-repair-and-reload	closed-scoped	No additional browser run is required for this scope. Preserve the closure as historical 12/12 native lifecycle plus the promoted current-source production routed-EXISTS cursor regression; do not claim a fresh CDA/browser lifecycle.	The historical 12/12 browser lifecycle remains intact. Current-source predicate/paging applicability is proved by the promoted production AQL cursor test, which passed three root-key pages with exact selected-row IDs. This closes only the routed-EXISTS root-page cursor behavior; no fresh native/CDA lifecycle or broader runtime-dataset identity claim is made.	R0	not-required-unless-proof-missing	/root/collection_group_prepare	Independent fixture; complete contract; reviewed patch and focused checks; exact selection; frozen source	Scoped proof combines the retained 12/12 browser lifecycle with a current-source production AQL cursor regression on a dedicated disposable Arango database; no fresh CDA/browser run.	Historical evidence: docs/BUILDER_VERIFICATION.tsv#228 and /private/var/folders/v_/j3zplgbs155cgwtqjftj377nd_4gyt/T/loom-verification-brackets/run-cda-collection-repair-partial-partial-long-route-repair-and-reload-dlknAS/summary.json SHA-256 29bc06c00dde0ada1cd70e3d5ff698f31c8ec3fda6e5aa05ec20572ce26e1fa2 (12/12 lifecycle). Current-source test promoted in d4f4b27ea6abbb437edf691d5b087bbfdf8f8e45: internal/dataframe/compiler/recipe_paging_routed_exists_arango_test.go SHA-256 f50c3dafa52c348ad32bfbc7a16d29d3cec0b90897ef0b0686b7d6e5b46aabcf; source test commit dc4246b99e536d9aa689fd20baa3c68e018ca06f. Report /private/tmp/case033-routed-exists-20261009-report.json SHA-256 0347c6c83c6dc88993ff774f8f8fef0ceb351b4b79af738c2a959c5c6d2e5ffb; log /private/tmp/case033-routed-exists-20261009.log SHA-256 ccc97671de91c73a0909bfe872e7ed1ba29406581f9516cbd7cc440f7133cadc. Dedicated Arango DB case033_routed_exists_20261009_0c179c8cb127 passed four page/selected-row assertions in 0.038s and was dropped/verified absent. The test ran against source fingerprint 906f28b762c895ba5e6dea20343e7cf71cb79de3be872ef965aa496f6b7bf7ec across 1,721 files; production recipe_paging.go hash a8903e194d67094eefbbb24f38293f516a7991b107337e0f71c6e5601c871b36.	docker exec -e LOOM_TEST_ARANGO_URL=http://arangodb:8529 -e LOOM_TEST_ARANGO_DATABASE=case033_routed_exists_20261009_0c179c8cb127 -w /workspace loom-dev-6d7df93d6a37-loom-api-1 go test -overlay=/tmp/case033-routed-exists-20261009-overlay.json -run '^TestRootPageRoutedExistsKeepsEligibleRootsAcrossCursorAgainstArango$' -count=1 -v ./internal/dataframe/compiler	Scoped closure: retained 12/12 native lifecycle plus promoted production routed-EXISTS cursor regression. This does not prove a fresh CDA/browser lifecycle.
CASE-034	registered-case	cda-starting-collection-handoff/initial-selection-handoff-route-preview-apply-reload	closed-scoped	Reuse accepted initial selection-handoff lifecycle evidence; distinct later collection edits remain separate cases.	Scoped initial handoff verified; runtime dataset identity is configuration-bound and not independently checked globally.	9c7f199-verified	completed-9c7f199	/root/collection_group_prepare	Independent fixture; complete contract; reviewed patch and focused checks; exact selection; frozen source	Distinct disposable QA Explorer; validate fixture/target identity before concurrent launch	docs/BUILDER_VERIFICATION.tsv#197; docs/verification/playwright/runtime/cda-starting-collection-handoff-cH8FxT-summary.json; D5bub2 summary: /private/var/folders/v_/j3zplgbs155cgwtqjftj377nd_4gyt/T/loom-verification-brackets/run-cda-starting-collection-handoff-initial-selection-handoff-route-preview-apply-reload-D5bub2/summary.json. 9/9 checks, 27/27 terminal native requests, five render checkpoints max4763ms, exact bounded two Observation/two Patient oracle and reload; common source/docs/API/mount/health unchanged. Source fingerprint c7d3e5878564cbfc4e76f741f43cbcc9211bb21e544eb8bd9c295ac079e0a5f0.	Review fixture/binding before executing: node scripts/run-native-verification-bracket.mjs --scenario cda-starting-collection-handoff --case initial-selection-handoff-route-preview-apply-reload	Native controls; independent rows; Cancel/Apply where applicable; edit/removal/restoration; reload; scoped requests; action-to-render budget
CASE-035	registered-case	cda-repeated-missing-component-group/missing-component-expanded-group-cancel-restore	closed	Reuse accepted scoped lifecycle evidence; rerun only for concrete changed behavior. Preserve separate fixture/authorization scopes.	Generic report rollup limitations are separate; exact lifecycle proof reviewed from domain report. No broader data-state claim.	B1	58c9-accepted	/root/nested_expand_prepare	Independent fixture; complete contract; reviewed patch and focused checks; exact selection; frozen source	First 1,000 project/generation Observations: one two-item component owner plus three owners with the component property absent. Expected five PRESERVE_PARENT EXPANDED rows and four COUNT_ROWS rows. Literal component:[] is not part of this witness. Use separate owned QA state; confirm shared setup/cleanup before parallel launch.	/private/tmp/loom-verification-brackets/run-cda-repeated-missing-component-group-missing-component-expanded-group-cancel-restore-aqYQNV/summary.json; SHA256 b9aa2e15f9f134aa7ee084ee3a2036a5ecb2b82424c25b2247af3fe369c4ad4c; source 7c9ea26ffc04ec953df29e73c7104207d59765f69b88a032a27840ff62021ee1; 17/17	Review fixture/binding before executing: node scripts/run-native-verification-bracket.mjs --scenario cda-repeated-missing-component-group --case missing-component-expanded-group-cancel-restore	Native controls; independent rows; Cancel/Apply where applicable; edit/removal/restoration; reload; scoped requests; action-to-render budget
CASE-036	registered-case	cda-repeated-empty/preserve-parent-exclude-error-group-count-and-restoration	closed	Retain 61jASL proof only for populated-plus-missing-property witness; literal empty array is WITNESS-001, not established by this pass.	Do not schedule another full lifecycle run for the same selected witness. The 2026-10-08 run passed 16/16, all four dimensions, 34/34 action-to-render checkpoints (max 1,631 ms / 5,000), with no pending owned requests or unexpected errors. It selected one populated component Observation and three missing-property owners; it does not prove a literal component:[] value. Update the draft so it does not describe the current pass as having established that witness.	closed	not-required	unassigned	Independent fixture; complete contract; reviewed patch and focused checks; exact selection; frozen source	Current pass used the exact bounded CDA source and target described in docs/BUILDER_VERIFICATION.tsv line 84; runtime dataset identity was not separately checked. Use separate owned QA state; confirm shared setup/cleanup before parallel launch.	/private/var/folders/v_/j3zplgbs155cgwtqjftj377nd_4gyt/T/loom-verification-brackets/run-cda-repeated-empty-preserve-parent-exclude-error-group-count-and-restoration-61jASL/summary.json	node scripts/run-native-verification-bracket.mjs --scenario cda-repeated-empty --case preserve-parent-exclude-error-group-count-and-restoration --target .codex/owned-cda-target.json	Native controls; independent rows; Cancel/Apply where applicable; edit/removal/restoration; reload; scoped requests; action-to-render budget
CASE-037	registered-case	cda-five-hop-related-expansion/medication-preserve-parent	applicability-rerun	Rerun the exact registered medication-preserve-parent lifecycle on current source and assert output nullable metadata through Apply/reload and the EXCLUDE edit/removal path. Keep the positive Medication-value/multiplicity fixture separate from the null-only real-CDA witness.	Epoch106 proves the 11-check null-preserving/EXCLUDE/removal row lifecycle on its historical source, but its output rows are null-only and it does not inspect the output column nullable flag. Current RelatedExpandEditor.candidateFor sets nullable from emptyPolicy === PRESERVE_PARENT, a changed metadata contract. Epoch106 searched 1,000 roots and found no positive Medication witness; that is not a global absence claim. Epoch145 separately proves Medication-a/Medication-b plus one unmatched parent on a two-root fixture and does not establish positive rows in the real-CDA population.	Source applicability review is complete: report-era RelatedExpandEditor.tsx SHA-256 5f5a2314e3ad5cd29e49ccb959867b7c7a42f372e233ab5efb96d431a392d363; current candidateFor adds nullable based on PRESERVE_PARENT. No product patch proposed; ensure the exact lifecycle checks current metadata.	Run the exact medication-preserve-parent case on current source with a fresh Explorer in the loaded owned CDA project after confirming the registered assertions inspect nullable metadata for PRESERVE_PARENT and EXCLUDE. Preserve epoch106 null-only scope; retain epoch145 positive two-root evidence separately.	/root/nested_expand_prepare/case018_preimages_review	Epoch106 is a null-only 1,000-root real-CDA witness with 57/57 terminal HTTP 200 requests; its row-value contract remains valid only for that historical source. Epoch145 positive multiplicity is a separate two-root fixture. Runtime dataset identity in the historical report was not separately checked.	Exact registered case cda-five-hop-related-expansion/medication-preserve-parent; use loaded owned CDA project and a fresh Explorer. Validate source/generation and raw oracle, and keep the positive fixture as a distinct scope.	Epoch106 report docs/verification/playwright/runtime/zero-column-related-medication-epoch106-report.json SHA-256 dcc1a4447bac24e69b2fabb32bdcade62c0865a93a65c4b2cc76882adec76d86; closure SHA-256 8190ac23bd301ebcd878dcd19f8640c57d12bb4e5e41866d70e48aead28d9928; raw report SHA-256 5e0382fca3af9a1bec902e64532a45ca1d2374920430e08a0306c28517790aa7. Epoch145 positive fixture report SHA-256 e37b74dd7d9fe9c20c1ec42d1723c6a6f8a1a3efa31080c0c9b1f4826f5c417f; separate two-root scope.	Review fixture/binding before executing: node scripts/run-native-verification-bracket.mjs --scenario cda-five-hop-related-expansion --case medication-preserve-parent	Native controls; independent rows; Cancel/Apply where applicable; edit/removal/restoration; reload; scoped requests; action-to-render budget
CASE-038	registered-case	cda-five-hop-related-expansion/medication-positive-fixture	closed	Reuse accepted scoped lifecycle; rerun only for a concrete changed behavior or expanded contract.	14/14; positive isolated Medication fixture only, 23 checkpoints max631ms, 62 terminal requests; not real CDA	B2	accepted-scoped	/root/nested_expand_prepare	Independent fixture; complete contract; reviewed patch and focused checks; exact selection; frozen source	Exact two-root five-hop Medication fixture; expected values [medication-a, medication-b, null]. Keep no-match `medication-preserve-parent` separate. Use separate owned QA state; confirm shared setup/cleanup before parallel launch.	/private/tmp/loom-verification-brackets/run-cda-five-hop-related-expansion-medication-positive-fixture-XiBZNZ/summary.json; summarySHA256=85654e3e229ff99fa5a1127b6b05c2313ffd4e64f3560ac49a5c9f75f215130c; 14/14; positive isolated Medication fixture only, 23 checkpoints max631ms, 62 terminal requests; not real CDA; source7477c9339de416605846b0b10e38d398d5704644e4f95e106c082ac42bd64d42/1702 and API unchanged; foreground evidence accepted.	Review fixture/binding before executing: node scripts/run-native-verification-bracket.mjs --scenario cda-five-hop-related-expansion --case medication-positive-fixture	Native controls; independent rows; Cancel/Apply where applicable; edit/removal/restoration; reload; scoped requests; action-to-render budget
CASE-039	registered-case	cda-related-one-all-specimen-reference/cda-specimen-reference-raw-oracle-one-all-lifecycle	historical-pass-review	Assess consequential source applicability of retained exact specimen-reference ONE/ALL lifecycle; registry mapping already correct, no metadata correction justified.	Epoch126 supports the two named checks only; broader ONE/ALL remains untested and current-source applicability pending.	R0	pending-specific-proof	/root/cohort_presence_prepare	Independent fixture; complete contract; reviewed patch and focused checks; exact selection; frozen source	31 terminal Observation identities; 29 distinct nonnull specimen.reference values and two null/missing values. Do not infer Observation.status ONE→ALL coverage. Use separate owned QA state; confirm shared setup/cleanup before parallel launch.	docs/verification/playwright/runtime/cda-related-one-all-specimen-reference-epoch126-report.json; docs/verification/playwright/runtime/cda-related-one-all-specimen-reference-epoch126-closure.json; docs/BUILDER_VERIFICATION.tsv:217; TeamA exact retained Epoch126 report/closure and registry focused contract reviewed: no mapping correction necessary; no browser rerun or scope expansion.	Review fixture/binding before executing: node scripts/run-native-verification-bracket.mjs --scenario cda-related-one-all-specimen-reference --case cda-specimen-reference-raw-oracle-one-all-lifecycle	Native controls; independent rows; Cancel/Apply where applicable; edit/removal/restoration; reload; scoped requests; action-to-render budget
CASE-040	registered-case	cda-upstream-related-edit-cascade/upstream-edit-cascade	closed-scoped	Reuse this exact current-source upstream Related edit/cascade lifecycle closure; rerun only if relevant lifecycle behavior or target scope changes.	No remaining gap inside the registered upstream edit/cascade correctness lifecycle. Generic usability, persistence, and performance dimensions are untested; runtime dataset identity and restricted authorization remain unproven.	f563bbd-current-strict	f563bbd-current-strict-2026-10-09	R0	Source applicability reviewed through 57ceb78b; root-only report branch has no CDA behavior effect.	Owned CDA target config bound to loom_dev_cda_fhir/cda-fhir-v1; independent raw oracle scoped to project/generation; runtime dataset identity not checked.	Current sanitized report docs/verification/playwright/runtime/cda-upstream-related-edit-cascade-f563-current-report.json SHA-256 d5cefad14c33dd0203e16b68db0e33f9b26d10dff14aeae9bf833505daa6daab; retained summary /private/tmp/loom-verification-brackets/case040-current-strict/run-cda-upstream-related-edit-cascade-upstream-edit-cascade-fgKkms/summary.json SHA-256 6f6596fd5146e548795cc8d05e86d545509c6a557de8ff5b121d881a8ae2a580; raw domain report /private/tmp/loom-verification-brackets/case040-current-strict/run-cda-upstream-related-edit-cascade-upstream-edit-cascade-fgKkms/playwright-results/standalone-cda-cohort-CDA--7c086-rows-then-cascade-remove-it/attachments/cda-domain-report-json-2e6c465a8c2a9df1ac8ecca7b53c1eccfa61f6a1.json SHA-256 fa7003fc2a8c6e7b8217f6369fd24284743ac230cd143f28e4fdc9352ebae459. 12/12 registered checks, 14/14 assertions, 186/186 native requests terminal with HTTP 200. Exact action-to-settled reloads: 1939ms/10 rows after edit and 1848ms/1 restored row with zero steps. Standardized checkpoint count 0; generic dimensions untested. Epoch121 remains historical.	node scripts/run-native-verification-bracket.mjs --scenario cda-upstream-related-edit-cascade --case upstream-edit-cascade --target .codex/owned-cda-target.json	Exact registered upstream edit/cascade lifecycle passed on f563 source; source/docs/API/mount/health unchanged; no generic performance or runtime dataset identity claim.
CASE-041	registered-case	standalone-reshape-related-unpivot/related-unpivot	closed-scoped	Closed-scoped for the exact registered related/unpivot/filter lifecycle and native request terminal inventory at the 84105 checkpoint. Runtime dataset identity and other authorization/performance dimensions remain separate and unproven.	The exact case passed 17/17 required checks and 80/80 assertions. All 152/152 owned native requests have matching requestfinished chronology; no failures or pending requests. Thirty-one domain action-to-settled checkpoints completed within budget (maximum 1,734 ms). The selected raw scope had 3 source rows, 4 candidate paths and 9 edges; output contained the three expected Unpivot tuples. This does not prove runtime dataset identity, restricted-authorization exclusion, or broader performance dimensions.	The committed three-path native terminal capture and exact-request-object guard were exercised by the full registered lifecycle at source c842f40ec101b4f049be353f95269e90f0681a8681f56ad18ecb4d226fabf9a1/1735. Exact selected scope passed; no broad CDA identity claim.	Closed-scoped for standalone-reshape-related-unpivot/related-unpivot on the loaded owned CDA project and a fresh Explorer. Preserve the selected raw scope; no claim beyond this case.	/root/collection_group_prepare	The report identifies project loom_dev_cda_fhir, generation cda-fhir-v1, and a fresh Explorer. The raw route result and native terminal chronology are exact for this case. Runtime dataset identity and restricted-authorization exclusion were not checked.	Owned CDA project loom_dev_cda_fhir / cda-fhir-v1; fresh Explorer qa-reshape-related-unpivot-12e8153a-6373-4b80-bad0-5fa377432a6b. Frozen source c842f40ec101b4f049be353f95269e90f0681a8681f56ad18ecb4d226fabf9a1/1735 and docs eef08cbd7c66f3a7690f5b5c31135cd2d569d6ea52335ff9a925834a59b2ec78/315 matched before/after; API identity/mounts unchanged, health 3/3. Runtime dataset identity not checked.	Summary /private/tmp/loom-verification-brackets/case041-84105c525/run-standalone-reshape-related-unpivot-related-unpivot-7gHgTO/summary.json SHA-256 8e0ca7d03a71efbe6294921ecbb66511eaf253dce342731f4ea1763008e3d7c9; report /private/tmp/loom-verification-brackets/case041-84105c525/run-standalone-reshape-related-unpivot-related-unpivot-7gHgTO/playwright-results/standalone-reshape-standal-1fcd7-ted-unpivot-related-unpivot/attachments/cda-domain-report-json-16fa5dcd51d81552a3c1d5174d5df493e06c044a.json SHA-256 228f4e0c9d121d1b50e94e3324f3c02e3e1d318ac9be55258ecd788fb918b974. 17/17 checks, 80 assertions, 152/152 native requests terminal, 31 checkpoints max 1,734 ms. Closed only for the selected scope.	node scripts/run-native-verification-bracket.mjs --scenario standalone-reshape-related-unpivot --case related-unpivot --target .codex/owned-cda-target.json	Native controls; independent rows; Cancel/Apply where applicable; edit/removal/restoration; reload; scoped requests; action-to-render budget
CASE-042	registered-case	standalone-reshape-related-field-after-unpivot-gender-all/related-field-after-unpivot-gender-all	fixture-investigation	Find a qualifying populated Patient.gender witness in a new bounded scoped read, or leave the exact case blocked by data availability. Do not claim global absence.	Keep as fixture investigation, not failed product behavior. The scoped first 2,000 Specimen prefix found zero populated Patient.gender values; the failed report was pre-UI with zero native actions/requests. Do not rerun the browser until a populated witness exists.	F1	pending-readiness	unassigned	Independent fixture; complete contract; reviewed patch and focused checks; exact selection; frozen source. The current bounded blocker is a populated Patient.gender witness, not case registration.	Project loom_dev_cda_fhir, generation cda-fhir-v1, sorted first 2,000 Specimen rows; all had a scoped Patient with nonempty ID, but no gender value in that prefix. Use separate owned QA state; confirm shared setup/cleanup before parallel launch.	docs/verification/playwright/runtime/cda-related-patient-gender-all-after-unpivot-20261007-witness-unavailable.json (SHA-256 5e56fde39b2736a0994f4588ede2d43e86957ca156b4217f69b359a87693bb44); /private/tmp/loom-verification-runs/run-standalone-reshape-related-field-after-unpivot-gender-all-related-field-after-unpivot-gender-all-u7yreG/summary.json; /private/tmp/loom-verification-runs/run-standalone-reshape-related-field-after-unpivot-gender-all-related-field-after-unpivot-gender-all-u7yreG/playwright-results/standalone-reshape-standal-2e6c7-ld-after-unpivot-gender-all/cda-report.json	Review fixture/binding before executing: node scripts/run-native-verification-bracket.mjs --scenario standalone-reshape-related-field-after-unpivot-gender-all --case related-field-after-unpivot-gender-all	Native controls; independent rows; Cancel/Apply where applicable; edit/removal/restoration; reload; scoped requests; action-to-render budget
CASE-043	registered-case	standalone-reshape-related-source-after-pivot/related-source-after-pivot	evidence-review	No new browser deliverable for the helper move alone. Keep each field/role/multiplicity scope distinct; retain old fingerprints and accepted helper evidence.	For CASE-044/045/046, root accepted reusing focused helper evidence after `navigateAfterOwnedConstructionCapabilities` relocation; do not schedule a browser solely because these captures predate that relocation. CASE-046 passed 36/36 with 43 render checkpoints (max 2,536 ms / 5,000). Preserve exact two-root witness limits. Check caller/source preimages only if a later change affects these workflows.	R0	pending-readiness	unassigned	Independent fixture; complete contract; reviewed patch and focused checks; exact selection; frozen source	Post-Pivot RELATED_SOURCE witnesses only: coalesced contributors or exact two-root split case; no claim for other role swaps/routes/multiplicities. Use separate owned QA state; confirm shared setup/cleanup before parallel launch.	docs/verification/playwright/runtime/post-pivot-related-source-epoch87-lifecycle-report.json; docs/BUILDER_VERIFICATION.tsv:232; /private/var/folders/v_/j3zplgbs155cgwtqjftj377nd_4gyt/T/loom-verification-brackets/run-standalone-reshape-related-source-after-pivot-related-resource-type-after-pivot-9cbn5j/summary.json; /private/var/folders/v_/j3zplgbs155cgwtqjftj377nd_4gyt/T/loom-verification-brackets/run-standalone-reshape-related-source-after-pivot-related-resource-type-after-pivot-group-split-6Lc9Pz/summary.json	Review fixture/binding before executing: node scripts/run-native-verification-bracket.mjs --scenario standalone-reshape-related-source-after-pivot --case related-source-after-pivot	Native controls; independent rows; Cancel/Apply where applicable; edit/removal/restoration; reload; scoped requests; action-to-render budget
CASE-044	registered-case	standalone-reshape-related-source-after-pivot/related-source-count-after-pivot	evidence-review	No new browser deliverable for the helper move alone. Keep each field/role/multiplicity scope distinct; retain old fingerprints and accepted helper evidence.	For CASE-044/045/046, root accepted reusing focused helper evidence after `navigateAfterOwnedConstructionCapabilities` relocation; do not schedule a browser solely because these captures predate that relocation. CASE-046 passed 36/36 with 43 render checkpoints (max 2,536 ms / 5,000). Preserve exact two-root witness limits. Check caller/source preimages only if a later change affects these workflows.	R0	pending-readiness	unassigned	Independent fixture; complete contract; reviewed patch and focused checks; exact selection; frozen source	Post-Pivot RELATED_SOURCE witnesses only: coalesced contributors or exact two-root split case; no claim for other role swaps/routes/multiplicities. Use separate owned QA state; confirm shared setup/cleanup before parallel launch.	docs/verification/playwright/runtime/post-pivot-related-source-epoch87-lifecycle-report.json; docs/BUILDER_VERIFICATION.tsv:232; /private/var/folders/v_/j3zplgbs155cgwtqjftj377nd_4gyt/T/loom-verification-brackets/run-standalone-reshape-related-source-after-pivot-related-resource-type-after-pivot-9cbn5j/summary.json; /private/var/folders/v_/j3zplgbs155cgwtqjftj377nd_4gyt/T/loom-verification-brackets/run-standalone-reshape-related-source-after-pivot-related-resource-type-after-pivot-group-split-6Lc9Pz/summary.json	node scripts/run-native-verification-bracket.mjs --scenario standalone-reshape-related-source-after-pivot --case related-source-count-after-pivot --target .codex/owned-cda-target.json	Native controls; independent rows; Cancel/Apply where applicable; edit/removal/restoration; reload; scoped requests; action-to-render budget
CASE-045	registered-case	standalone-reshape-related-source-after-pivot/related-resource-type-after-pivot	closed	Retain exact scoped accepted evidence. Reopen only for a concrete behavior change or missing proof, not a different HEAD.	For CASE-044/045/046, root accepted reusing focused helper evidence after `navigateAfterOwnedConstructionCapabilities` relocation; do not schedule a browser solely because these captures predate that relocation. CASE-046 passed 36/36 with 43 render checkpoints (max 2,536 ms / 5,000). Preserve exact two-root witness limits. Check caller/source preimages only if a later change affects these workflows.	closed	not-required	unassigned	Independent fixture; complete contract; reviewed patch and focused checks; exact selection; frozen source	Post-Pivot RELATED_SOURCE witnesses only: coalesced contributors or exact two-root split case; no claim for other role swaps/routes/multiplicities. Use separate owned QA state; confirm shared setup/cleanup before parallel launch.	docs/verification/playwright/runtime/post-pivot-related-source-epoch87-lifecycle-report.json; docs/BUILDER_VERIFICATION.tsv:232; /private/var/folders/v_/j3zplgbs155cgwtqjftj377nd_4gyt/T/loom-verification-brackets/run-standalone-reshape-related-source-after-pivot-related-resource-type-after-pivot-9cbn5j/summary.json; /private/var/folders/v_/j3zplgbs155cgwtqjftj377nd_4gyt/T/loom-verification-brackets/run-standalone-reshape-related-source-after-pivot-related-resource-type-after-pivot-group-split-6Lc9Pz/summary.json	node scripts/run-native-verification-bracket.mjs --scenario standalone-reshape-related-source-after-pivot --case related-resource-type-after-pivot --target .codex/owned-cda-target.json	Native controls; independent rows; Cancel/Apply where applicable; edit/removal/restoration; reload; scoped requests; action-to-render budget
CASE-046	registered-case	standalone-reshape-related-source-after-pivot/related-resource-type-after-pivot-group-split	closed	Retain exact scoped accepted evidence. Reopen only for a concrete behavior change or missing proof, not a different HEAD.	For CASE-044/045/046, root accepted reusing focused helper evidence after `navigateAfterOwnedConstructionCapabilities` relocation; do not schedule a browser solely because these captures predate that relocation. CASE-046 passed 36/36 with 43 render checkpoints (max 2,536 ms / 5,000). Preserve exact two-root witness limits. Check caller/source preimages only if a later change affects these workflows.	closed	not-required	unassigned	Independent fixture; complete contract; reviewed patch and focused checks; exact selection; frozen source	Post-Pivot RELATED_SOURCE witnesses only: coalesced contributors or exact two-root split case; no claim for other role swaps/routes/multiplicities. Use separate owned QA state; confirm shared setup/cleanup before parallel launch.	docs/verification/playwright/runtime/post-pivot-related-source-epoch87-lifecycle-report.json; docs/BUILDER_VERIFICATION.tsv:232; /private/var/folders/v_/j3zplgbs155cgwtqjftj377nd_4gyt/T/loom-verification-brackets/run-standalone-reshape-related-source-after-pivot-related-resource-type-after-pivot-9cbn5j/summary.json; /private/var/folders/v_/j3zplgbs155cgwtqjftj377nd_4gyt/T/loom-verification-brackets/run-standalone-reshape-related-source-after-pivot-related-resource-type-after-pivot-group-split-6Lc9Pz/summary.json	node scripts/run-native-verification-bracket.mjs --scenario standalone-reshape-related-source-after-pivot --case related-resource-type-after-pivot-group-split --target .codex/owned-cda-target.json	Native controls; independent rows; Cancel/Apply where applicable; edit/removal/restoration; reload; scoped requests; action-to-render budget
CASE-047	registered-case	standalone-reshape-group-add-fields/group-add-fields	incomplete-lifecycle	Keep CASE-047 open. The 394c3d0 run passed all 14 required checks and 20 timing checkpoints, but its strict native gate failed at the bounded 5 s drain with one exact request-only schema-fields POST. Require terminal or trusted owner evidence for a newly captured request before closure; do not infer completion or cancellation from reload.	Request index 86, schema-fields-39560bb1-96de-4d2a-a70e-170eaaffa46a / browser playwright-87, is an exact POST to the owned Explorer schema-fields route. It has only a same-object native request event, no status/response/terminal, and no matching native-abort-probe event. The other 120/121 requests finished. Preserve the source-vs-derived output-ID contract.	CASE-018 loader corrections and CASE-047 registered checks are integrated. The exact request/probe seam is under bounded source review; do not infer a cancellation cause or alter the strict drain based on timing.	After any reviewed correction, rerun the exact registered group-add-fields case with a fresh Explorer in the validated CDA project and unique artifacts. Keep the bounded 5 s terminal gate and full lifecycle oracle.	/root/nested_expand_prepare	Use the exact registered case with a fresh independent Explorer and unique artifacts. Preserve the bounded 5 s drain and capture request-specific terminal evidence; do not waive the pending schema-fields request.	Owned CDA project loom_dev_cda_fhir, generation cda-fhir-v1, fresh Explorer qa-reshape-group-add-fields-832908f2-e94e-4009-a740-d92366d4eb19. Frozen source fingerprint 86e3938d00eac71100694f4e8d6d7d20826ee90e80cd2c83a0be1138d531209f/1,741 and docs e27d58e4ee065b8cf91f55fb13ff3decd2237262309a705cb847a230d3337817/315; API identity unchanged, mounts and health-after 3/3 passed. Runtime dataset identity is not explicitly checked.	394c3d0 joint run: summary /private/tmp/loom-verification-brackets/case047-394c3d0-joint013-20261009/run-standalone-reshape-group-add-fields-group-add-fields-tud46H/summary.json SHA-256 46f7a4cd37ca2ccfff11a182e9bf5b61c67d25488936cf1818180b0655a72420; report /private/tmp/loom-verification-brackets/case047-394c3d0-joint013-20261009/run-standalone-reshape-group-add-fields-group-add-fields-tud46H/playwright-results/standalone-reshape-standal-87538-add-fields-group-add-fields/attachments/cda-domain-report-json-9aad94740faacc78123eb0529c38556077bf5c44.json SHA-256 d39206c1453df71fb6157a89ef12a12b078df9dffe8b7c4d4130c798c40e2ba8. Fourteen required checks passed; ledger 121 total, 120 finished and one request-only. Twenty checkpoints maximum 1,448 ms; 40 actions maximum 332 ms. Strict gate failed; no probe match for the unfinished request.	node scripts/run-native-verification-bracket.mjs --scenario standalone-reshape-group-add-fields --case group-add-fields --target .codex/owned-cda-target.json	Native controls; independent rows; Cancel/Apply where applicable; edit/removal/restoration; reload; scoped requests; action-to-render budget
CASE-048	registered-case	standalone-reshape-group-edit-before-related-column/group-edit-before-related-column	evidence-review	Inspect exact retained lifecycle evidence and consequential source changes; reuse valid scoped proof or name missing checks before scheduling a browser.	Restricted authorization and additional expansion routes separate.	R0	pending-readiness	unassigned	Independent fixture; complete contract; reviewed patch and focused checks; exact selection; frozen source. Preserve restricted authorization and additional expansion routes as separate proof obligations.	Distinct disposable QA Explorer; validate fixture/target identity before concurrent launch	BUILDER_VERIFICATION.tsv#141; retain only its historical scoped lifecycle evidence. Current-source applicability and native-terminal proof remain pending; restricted authorization and additional expansion routes are separate scopes.	node scripts/run-native-verification-bracket.mjs --scenario standalone-reshape-group-edit-before-related-column --case group-edit-before-related-column --target .codex/owned-cda-target.json	Native controls; independent rows; Cancel/Apply where applicable; edit/removal/restoration; reload; scoped requests; action-to-render budget
CASE-049	registered-case	standalone-reshape-group-one-conflict/group-one-conflict	evidence-review	Inspect exact retained lifecycle evidence and consequential source changes; reuse valid scoped proof or name missing checks before scheduling a browser.	Summary initially lost checkpoint fields; retained domain timing assertions are complete.	R0	pending-readiness	unassigned	Independent fixture; complete contract; reviewed patch and focused checks; exact selection; frozen source. Reconcile the summary timing fields against the retained domain assertions before any closure claim.	Distinct disposable QA Explorer; validate fixture/target identity before concurrent launch	BUILDER_VERIFICATION.tsv#41; retained domain timing assertions are present, but the summary initially omitted checkpoint fields.	node scripts/run-native-verification-bracket.mjs --scenario standalone-reshape-group-one-conflict --case group-one-conflict --target .codex/owned-cda-target.json	Native controls; independent rows; Cancel/Apply where applicable; edit/removal/restoration; reload; scoped requests; action-to-render budget
CASE-050	registered-case	cda-workspace-combine/group-join	diagnostics-failure	Keep CASE-050 open. A owns the exact schema-fields Close-action timestamp/classifier correction. The five request-only records remain unresolved and fatal. The bounded local exact-route semantic-inventory POST/reload repro establishes only a possible browser event-observation gap; it does not establish these CDA requests reached the server or their terminal state, and the construction-capabilities request is a separate endpoint. Do not change the collector, extend the drain, or rerun the full case solely for this unresolved pending state. If a later required run is made, capture request-ID-bound server arrival/response-or-close evidence.	The QmzQcH run has 175 owned requests: 168 finished, 2 failed, 5 pending; it passed 16/16 checks and 107 actions (max 1,436 ms) but has no standardized render checkpoints. The two schema-fields requests (browser IDs playwright-16 and playwright-53) failed `ERR_ABORTED`; the exact Close-action proof was rejected because the captured action lacked the timestamps required by the classifier. Five request-only items are four semantic-inventory requests (playwright-81, -111, -158, -168) and one construction-capabilities request (playwright-170); each has only a request event. Do not merge these records across requests or infer terminal from navigation. The CASE-022 local POST/reload reproduction shows Page/Context/CDP can emit no terminal after server-observed request close on the same semantic-inventory route; it does not prove any of these five exact CDA requests arrived or closed at the server. Keep all five fatal, including the distinct construction-capabilities request.	The shared probe/capture correction and classifier/report-projection changes are integrated by commits d3736f87e8c69da3edb1f054a6b8994fb7511480 and 511742bdce1766501d2c13dd1b95a18e500c057d. The exact registered focused group passed in the 511742 bracket; the browser run still exposes a missing Close-action timing field and five request-only records. The earlier precheck-only Docker-denied attempt is setup overhead, not a browser result.	After the shared schema-fields action-timing correction and the bounded pending-record capture diagnosis are integrated, rerun the exact registered group-join case in a fresh Explorer in the loaded owned CDA project under a frozen source/API bracket. Require exact native terminal inventory; do not waive abort or pending entries.	/root/collection_group_prepare	Current QmzQcH run uses the loaded CDA project loom_dev_cda_fhir / cda-fhir-v1 and fresh Explorer cda-cdj-9d72151d-94af-4fea-a9ab-0193334eff6e. Target validation is environment-only/unbound and runtime dataset identity is unchecked. The current schema-fields Close-classification gap is missing required start/finish timestamps on the captured action records; A owns that attribution path. The five current request-only entries remain unresolved and fatal. The earlier 84105 frame-source-options browser ID playwright-20 expected marker and Explorer belong only to the historical run, not this bracket.	Owned CDA project loom_dev_cda_fhir, generation cda-fhir-v1, Explorer cda-cdj-9d72151d-94af-4fea-a9ab-0193334eff6e. Target validation remains environment-only/unbound and runtime dataset identity is unchecked. Frozen source 8f7773e5107bc6be7c1405a6d02ac454c631dbef93bd254665383a7bf85a1f4b/1739, docs 3fab57ef79b70d61911b5ddc600898af9cb130ada597d14c268a6601ef38829f/315; API identity `cfd86de2a22f2586e172f27c0508785e58c8698559a44ca4bc2919743e04ea05:cfd86de2a22f2586e172f27c0508785e58c8698559a44ca4bc2919743e04ea05:1244a8806b7a455f7dd9b1c90855cfb93f7f031ae0a885b14fe98b1b82e2e05b`; owned mounts and health-before/after passed 3/3. Environment-only target validation; runtime dataset identity is unchecked.	Summary /private/tmp/loom-verification-brackets/case050-511742bd/run-cda-workspace-combine-group-join-QmzQcH/summary.json SHA-256 5fc3c9dd92e739a6cfd8b0ca3dddb3dfe0aaa4c983d07ce1085cdbebd9589ac6; report /private/tmp/loom-verification-brackets/case050-511742bd/run-cda-workspace-combine-group-join-QmzQcH/playwright-results/cda-current-draft-group-jo-424dc-the-current-draft-lifecycle/attachments/cda-domain-report-json-d20a86f58c8fd5bd54448d37884ce963bdc6d924.json SHA-256 b373dfcbb1e934c24a79832614abf1591b7882741896ff44c6eedc205ce0db98. 16/16 checks; 175 total/168 finished/2 failed/5 pending; 107 actions, max 1,436 ms, 0 standardized render checkpoints; strict gate failed. Related mechanism-only repro: /private/tmp/playwright-navigation-abort-repro/case022-semantic-inventory-post-reload.json SHA-256 9fc87bf61c75648bc619848c93428f2d4e5af5638260da4e6cbf87938c573b06; exact CASE-022 semantic-inventory POST path/method, local server saw arrival/unfinished close while Page, Context, and CDP emitted no terminal. Not proof of the five CASE-050 requests.	node scripts/run-native-verification-bracket.mjs --scenario cda-workspace-combine --case group-join --target-from-environment --grep 'two independent native Observation Groups join through the current draft lifecycle$'	Native controls; independent rows; Cancel/Apply where applicable; edit/removal/restoration; reload; scoped requests; action-to-render budget
CASE-051	registered-case	cda-workspace-combine/group-pivot-join	evidence-review	Inspect exact retained lifecycle evidence and consequential source changes; reuse valid scoped proof or name missing checks before scheduling a browser.	Exact subject/first-code composition only; other transition classes separate.	R0	pending-readiness	unassigned	Independent fixture; complete contract; reviewed patch and focused checks; exact selection; frozen source	Distinct disposable QA Explorer; validate fixture/target identity before concurrent launch	registry:owned CDA current-draft Group-to-Pivot KEY_JOIN Cancel, Apply, LEFT-to-INNER edit, removal, restoration, and reload lifecycle; docs/verification/playwright/runtime/current-draft-cda-group-pivot-join-epoch93-lifecycle-report.json	Review fixture/binding before executing: node scripts/run-native-verification-bracket.mjs --scenario cda-workspace-combine --case group-pivot-join	Native controls; independent rows; Cancel/Apply where applicable; edit/removal/restoration; reload; scoped requests; action-to-render budget
CASE-052	registered-case	cda-workspace-combine/nullable-code-join	evidence-review	Rerun the exact registered case after ConceptCatalog cancellation-signal fix 86273ede8; require terminal outcomes for all owned requests, especially the four prior semantic-inventory reads and construction-capabilities request. Keep pending requests fatal.	G9KQei historical functional assertions pass, but strict request completion is unverified: 5 of 121 native request records lack completedAt/status/failure (four feature-catalog reads and playwright-116 construction-capabilities). The coordinator summary reports zero pending requests, so use the raw request inventory. Exact six-ID MISSING-key case only; explicit JSON null remains separate.	R0	pending-readiness	unassigned	Independent fixture; complete contract; reviewed patch and focused checks; exact selection; frozen source	Distinct disposable QA Explorer; validate fixture/target identity before concurrent launch	G9KQei summary /private/var/folders/v_/j3zplgbs155cgwtqjftj377nd_4gyt/T/loom-verification-brackets/run-cda-workspace-combine-nullable-code-join-G9KQei/summary.json SHA-256 c73618c4d810d7d77879315b74a9038487396a56da382bf2c790626e172643c4; domain report /private/var/folders/v_/j3zplgbs155cgwtqjftj377nd_4gyt/T/loom-verification-brackets/run-cda-workspace-combine-nullable-code-join-G9KQei/playwright-results/cda-current-draft-nullable-647a7-missing-code-Join-semantics/attachments/cda-domain-report-json-2edda61450bbc17b23b295f10ec5812633edc591.json SHA-256 dd6b8430de4d8b334ac5b55f7c5887201110f24ca8344fcdcd17adc22f96f3d4. Raw witness: exact six scoped IDs; INNER 4 rows, LEFT 5. Historical source commit a922bcdb7fcc7177073cf65da0d59714c28d68e4/fingerprint 8e00f72cda287a82b88adf0ad20dbaa65ad4643773262431f36ff7c6da672b4c (1,642 files); run integrity passed. Post-run source fix 86273ede8 forwards the ConceptCatalog cancellation signal to both semantic-inventory reads. The raw report has 121 native requests; five have no terminal completion (four feature-catalog IDs listed in the report and playwright-116 for construction-capabilities). The functional report says 37/37 checks and 187/187 assertions passed, but strict request-terminal closure is unverified. Timing review: 56 distinct finite timing labels; 45 of 83 action records have completed after phases and 38 lack one (max action elapsed 1,375 ms). Of 56 timing labels, 35 map to after-phase actions and 21 have no after phase. These after predicates check the configured UI-ready state (including selected output/receipt and expected row count for saved/proposal previews); exact row-cell comparisons are asserted immediately after the timed action. Summary renderCheckpointCount=0 is a mapping gap. Source/docs/API/mount/health were unchanged for that historical run.	node scripts/run-native-verification-bracket.mjs --scenario cda-workspace-combine --case nullable-code-join --target .codex/owned-cda-target.json	Native controls; independent rows; Cancel/Apply where applicable; edit/removal/restoration; reload; scoped requests; action-to-render budget
CASE-053	registered-case	cda-current-draft-upstream-append/upstream-append	closed	Retain exact scoped accepted evidence. Reopen only for a concrete behavior change or missing proof, not a different HEAD.	4nlXSv 26/26; accepted exact Patient.id and disjoint Observation.status=final current-draft APPEND lifecycle	closed	not-required	unassigned	Independent fixture; complete contract; reviewed patch and focused checks; exact selection; frozen source	Distinct disposable QA Explorer; validate fixture/target identity before concurrent launch	registry:real-CDA exact-population Group→DERIVE→APPEND with upstream edit, Cancel/Apply, dependent receipt recompute, removal, restoration, and reload; docs/verification/playwright/runtime/current-draft-cda-upstream-append-epoch78-report.json	Review fixture/binding before executing: node scripts/run-native-verification-bracket.mjs --scenario cda-current-draft-upstream-append --case upstream-append	Native controls; independent rows; Cancel/Apply where applicable; edit/removal/restoration; reload; scoped requests; action-to-render budget
CASE-054	registered-case	cda-current-draft-upstream-append/patient-membership-handoff	historical-pass-review	Retain historical 10/10 lifecycle; reconcile relevant compiler/source applicability before current-source closure. Do not rerun solely for metadata.	Registry already implemented; historical Patient membership 2→1→2 and APPEND rows 4→3→4 pass. Same spec/workflow/oracle/PopulationPanel hashes; different aggregate fingerprint is historical evidence, not current-fingerprint proof.	R0	not-required-unless-proof-missing	/root/collection_group_prepare	Independent fixture; complete contract; reviewed patch and focused checks; exact selection; frozen source	Distinct disposable QA Explorer; validate fixture/target identity before concurrent launch	docs/BUILDER_VERIFICATION.tsv#234; scripts/verify-ui/registry.mjs#cda-current-draft-upstream-append/patient-membership-handoff; rU1DTE retained summary and domain report (referenced by TSV row 55); retained summary SHA256 6c867171270d89c442bb1b6a97be503fa21c6394f036f10b8d95db49e6ef6c67	node scripts/run-native-verification-bracket.mjs --scenario cda-current-draft-upstream-append --case patient-membership-handoff --target .codex/owned-cda-target.json	Native controls; independent rows; Cancel/Apply where applicable; edit/removal/restoration; reload; scoped requests; action-to-render budget
CASE-055	registered-case	cda-current-draft-diagnostic-report-append/diagnostic-report-append	fixture-investigation	Wait until the bounded generation contains four eligible, distinct DiagnosticReport identifiers across the two disjoint pairs; capture a scoped witness before running the lifecycle.	fixture gap, not a demonstrated product failure	F1	pending-readiness	unassigned	Independent fixture; complete contract; reviewed patch and focused checks; exact selection; frozen source; Existing browser callbacks at cda-current-draft-diagnostic-report-append-workflow.mjs:574,585 capture Node normalized; explicit serialization correction required independently of data witness.	Distinct disposable QA Explorer; validate fixture/target identity before concurrent launch	docs/verification/playwright/runtime/cda-current-draft-diagnostic-report-append-witness-availability-20261008.json	Review fixture/binding before executing: node scripts/run-native-verification-bracket.mjs --scenario cda-current-draft-diagnostic-report-append --case diagnostic-report-append	Native controls; independent rows; Cancel/Apply where applicable; edit/removal/restoration; reload; scoped requests; action-to-render budget
CASE-056	registered-case	cda-current-draft-membership/membership	incomplete-lifecycle	Keep CASE-056 open. The authoritative J8ni5x run has three request-only semantic-inventory entries and 0/161 native terminal chronologies. The three separate expected-cancellation records do not cover these requests. Preserve them as fatal until exact terminal evidence exists; published-source and restricted-authorization Membership remain separate.	The latest authoritative report has 161 owned requests, 155 with HTTP 200/completedAt, three request-only semantic-inventory requests (Playwright IDs 80, 116, 140), and three distinct expected cancellation failures (IDs 35, 68, 154). None of the 161 records has nativeEventChronology. Do not conflate the expected cancellations with the three pending requests.	R0	pending-terminal-evidence	unassigned	Independent fixture; complete contract; reviewed patch and focused checks; exact selection; frozen source	Distinct disposable QA Explorer; validate fixture/target identity before concurrent launch	BUILDER_VERIFICATION.tsv#168; authoritative J8ni5x raw report /private/var/folders/v_/j3zplgbs155cgwtqjftj377nd_4gyt/T/loom-verification-brackets/run-cda-current-draft-membership-membership-J8ni5x/playwright-results/cda-current-draft-membersh-28043--Observation-ID-populations/attachments/cda-domain-report-json-ba81b521d18f5c27b3d34dccdf2934083636ac86.json SHA-256 6b08978fe86589220584d61a2385a7682cdf6f5f5dffd5add19368e5d3ff8e8d. 0/161 terminal chronologies; three request-only semantic-inventory entries remain distinct from the three expected cancellation failures.	node scripts/run-native-verification-bracket.mjs --scenario cda-current-draft-membership --case membership --target .codex/owned-cda-target.json	Native controls; independent rows; Cancel/Apply where applicable; edit/removal/restoration; reload; scoped requests; action-to-render budget
CASE-057	registered-case	cda-published-upstream-append/published-append	closed	Reuse accepted scoped lifecycle; rerun only for a concrete changed behavior or expanded contract.	34/34; scoped published CDA Append multiset/null padding and full lifecycle, five checkpoints max1367ms, 87 terminal requests	B3	accepted-scoped	/root/nested_expand_prepare	Independent fixture; complete contract; reviewed patch and focused checks; exact selection; frozen source	Published source APPEND only: four Observation.status=final rows plus two Patient FHIR IDs. Do not merge with basic/current-draft APPEND. Use separate owned QA state; confirm shared setup/cleanup before parallel launch.	/private/tmp/loom-verification-brackets/run-cda-published-upstream-append-published-append-HwJ2CI/summary.json; summarySHA256=66037a9993ae7ab01c9c30c04b9a1485bba4457586dcb0dd4206036551879359; 34/34; scoped published CDA Append multiset/null padding and full lifecycle, five checkpoints max1367ms, 87 terminal requests; source7477c9339de416605846b0b10e38d398d5704644e4f95e106c082ac42bd64d42/1702 and API unchanged; foreground evidence accepted.	Review fixture/binding before executing: node scripts/run-native-verification-bracket.mjs --scenario cda-published-upstream-append --case published-append	Native controls; independent rows; Cancel/Apply where applicable; edit/removal/restoration; reload; scoped requests; action-to-render budget
CASE-058	registered-case	cda-related-one-all-zero-observation/zero-patient-observation-one-all-stable-parent-lifecycle	closed	Reuse scoped verified lifecycle while relevant source remains applicable; rerun only for concrete changed behavior.	No remaining gap in this exact scoped CDA lifecycle; does not establish global witness absence or other contributor operations.	58c9-corrections	next-frozen-affected	/root/collection_group_prepare	Accepted commits a2ff608ae and1dc3bfa747; lead scoped promotion preserving dirty source; common source/API freeze; exact affected complete browser rerun.	Bounded sorted project/generation Patient prefix and exact Patient→Observation relationship; query result establishes only the reported 680 witness roots, not global cardinality. Use separate owned QA state; confirm shared setup/cleanup before parallel launch.	/private/tmp/loom-query-probe-zero-patient-observation-20261007-qpt.report.json (SHA-256 3a0e436ba4500777fc83ca4a398c10bdac3c40fe821ea2bf04bd1708c694b86a); BUILDER_VERIFICATION.tsv:223; /private/tmp/loom-teamB-batch.patch; integrated focused suites, drift0/0 and exact-one Playwright list selections pass; no browser.; foreground TeamB readiness PASS after full owned diff review; route signed-metadata correction and report-owned failure timing retention; integrated focused31/31, exact-one native listings; no browser.; nextbatch /private/tmp/loom-focused-plan-preflight-589398.patch SHA256 f80811a8bfabfedd0f3353eec3e665a2d1a8bc458e81515a50451128a19b5f95; rootsourceaccepted,9/9focusedplanner, canonical74/74; no browserproof.; Root accepted scoped1dc3bfa74714-file correction batch; exact reviewed hashes and coded-only registry hunk checked; amended focused checks pass, full runner58/59 startup flake + serial SIGINT1/1. Browser pending.; Current38c33 reviewed full pass /private/var/folders/v_/j3zplgbs155cgwtqjftj377nd_4gyt/T/loom-verification-brackets/run-cda-related-one-all-zero-observation-zero-patient-observation-one-all-stable-parent-lifecycle-v6cqOS/summary.json; 11 checks; actual render max1609ms; source/API and final common freeze unchanged.	Review fixture/binding before executing: node scripts/run-native-verification-bracket.mjs --scenario cda-related-one-all-zero-observation --case zero-patient-observation-one-all-stable-parent-lifecycle	Native controls; independent rows; Cancel/Apply where applicable; edit/removal/restoration; reload; scoped requests; action-to-render budget
CASE-059	registered-case	cda-related-one-all-zero-observation/zero-patient-observation-exclude-policy-edit-cancel-apply-restoration	closed-scoped	Closed-scoped for the zero-Observation Patient policy lifecycle only. Preserve this exact scope; populated Medication multiplicity, restricted authorization, and adjacent policy modes remain separate.	No remaining gap within the selected zero-Observation policy lifecycle. This evidence does not prove populated Medication values/multiplicity, restricted authorization, or unrelated ONE/ALL modes.	R0	closed-scoped	/root/collection_group_prepare	Independent fixture; complete contract; reviewed patch and focused checks; exact selection; frozen source	One scoped Patient with zero direct Observation matches; saved PRESERVE_PARENT→EXCLUDE policy edit, Cancel/Apply/reload, removal and exact Patient restoration. Use separate owned QA state; confirm shared setup/cleanup before parallel launch.	Accepted scoped evidence: summary /private/var/folders/v_/j3zplgbs155cgwtqjftj377nd_4gyt/T/loom-verification-brackets/run-cda-related-one-all-zero-observation-zero-patient-observation-exclude-policy-edit-cancel-apply-restoration-ekJuZB/summary.json SHA-256 7930e94c5717d11736b97ba6404e7aa21408fedd68d9503ca762ed83fdbd1af7; raw report /private/var/folders/v_/j3zplgbs155cgwtqjftj377nd_4gyt/T/loom-verification-brackets/run-cda-related-one-all-zero-observation-zero-patient-observation-exclude-policy-edit-cancel-apply-restoration-ekJuZB/playwright-results/standalone-cda-rows-CDA-ze-53206--PRESERVE-PARENT-to-EXCLUDE/cda-report.json SHA-256 154b95c4d0a5a5c18b8de0700717c7a34a235b15bab394b4fd331517e721e1ac. 9/9 checks, 180/180 native requestfinished chronologies, no pending/errors; one Patient with independently reread zero incoming Observation edges; PRESERVE_PARENT null→EXCLUDE edit, Cancel/Apply/reload/removal/restoration; seven checkpoints max 3,715 ms. Current editor/lifecycle source matches the exercised behavior.	node scripts/run-native-verification-bracket.mjs --scenario cda-related-one-all-zero-observation --case zero-patient-observation-exclude-policy-edit-cancel-apply-restoration --target .codex/owned-cda-target.json	Native controls; independent rows; Cancel/Apply where applicable; edit/removal/restoration; reload; scoped requests; action-to-render budget
CASE-060	registered-case	cda-contributor-exists/contributor-exists	closed	Reuse accepted contributor EXISTS full lifecycle evidence unless relevant behavior changes; coded-column diagnostics belong to GAP005.	No gap within accepted contributor EXISTS lifecycle scope. Existing16/16 current-source pass retained.	B2	58c9-accepted	/root/collection_group_prepare	Independent fixture; complete contract; reviewed patch and focused checks; exact selection; frozen source	Fresh UUID QA Explorer and own per-Explorer selection ID; scoped raw-source reads only; no publication/materialization/delete; isolated per-test artifacts. Functional cases may run concurrently after fresh state verification; timings provisional.	/private/tmp/loom-verification-brackets/qa-wave-58c9cae1/exists/run-cda-contributor-exists-contributor-exists-RuMYcN/summary.json; SHA256 30a713001a322c4da865e304fabb50d56e230d4fecbf598495e3a99e1450a3c3; source 7c9ea26ffc04ec953df29e73c7104207d59765f69b88a032a27840ff62021ee1; 16/16; Current38c33 reviewed full pass /private/var/folders/v_/j3zplgbs155cgwtqjftj377nd_4gyt/T/loom-verification-brackets/run-cda-contributor-exists-contributor-exists-nt1lBW/summary.json; 16 checks; actual render max2484ms; source/API and final common freeze unchanged.	Review fixture/binding before executing: node scripts/run-native-verification-bracket.mjs --scenario cda-contributor-exists --case contributor-exists	Native controls; independent rows; Cancel/Apply where applicable; edit/removal/restoration; reload; scoped requests; action-to-render budget
CASE-061	registered-case	cda-cohort-fields/cohort-fields	diagnostics-failure	Resolve or explain the unfinished schema-fields cursor request #38 without treating the navigation timing as proof of cancellation; retain both exact selection/Apply-to-grid render checkpoints within the 5 s budget and keep runtime identity qualification explicit.	Latest d4fe lifecycle report passes all 8/8 registered checks and records two render checkpoints (maximum 764ms), but schema-fields request #38 has no terminal event before the bounded drain. It begins 153ms before same-Page document navigation after request #37 completed. A separate browser-context probe shows explicit AbortController aborts surface terminal Page and Context events, while the navigation-owned socket close remains request-only; the original request is unresolved, not proven safely canceled.	15e8e090 CASE-061 follow-up	Vfxk2X; source freeze released after matching after-capture	/root/cohort_presence_prepare	Promoted ConceptCatalog signal forwarding is present in the tested source. Resolve the pending cursor request on the same registered bracket; no runtime dataset identity claim.	Fresh QA Explorer cohort-add-fields-browser-1791530016213; raw oracle selected exactly two Specimen IDs from project loom_dev_cda_fhir / generation cda-fhir-v1. Environment-only target validation: registry binding unbound and runtime dataset identity not checked.	Summary /private/tmp/loom-verification-brackets/case061-d4fe4b1a-next/run-cda-cohort-fields-cohort-fields-Vfxk2X/summary.json (SHA-256 da62108631f2e0796380d8697e510e02656139bfc05e4c08ea7e9795050bef09); domain /private/tmp/loom-verification-brackets/case061-d4fe4b1a-next/run-cda-cohort-fields-cohort-fields-Vfxk2X/playwright-results/standalone-cda-fields-CDA-cohort-fields-CDA-cohort-fields/attachments/cda-domain-report-json-8e9e247166a100e3a12b640158e8cd2951a7f5fe.json (SHA-256 d62343f50ca9f85fa5742d17740d835e11a0b906b784701651752f00f4f33f86). Unfinished request #38, requestId schema-fields-44260862-642e-48e0-8497-7abab4dcf2cf, browserRequestId playwright-38, POST /api/v1/projects/loom_dev_cda_fhir/explorers/cohort-add-fields-browser-1791531849540/authoring/v2/schema-fields; request #37 completed first. Corroborating probe /private/tmp/case061-browsercontext-probe-result.json: explicit AbortController abort yielded Page+Context requestfailed; document navigation closed the server socket while collectors retained request-only chronology. Source fingerprint cea306d4b7facfa627b3b15af4a7d54595ff858f79538296ea507e786ba09769/1714 files; integrity PASS; health 3/3. Environment-only target, registry binding unbound, runtime dataset identity unchecked; raw oracle selected two Specimen IDs from loom_dev_cda_fhir/cda-fhir-v1.	node scripts/run-native-verification-bracket.mjs --scenario cda-cohort-fields --case cohort-fields --target-from-environment --grep 'CDA cohort fields'	Preserve the eight checks and full Cancel/Apply/reload/remove/restoration contract. Resolve or explicitly account for request #38 and retain both render checkpoints within 5s. Keep runtime identity qualification explicit.
CASE-062	registered-case	cda-named-cohort-related-presence/related-presence-including-empty-group	closed	Reuse accepted scoped lifecycle; rerun only for a concrete changed behavior or expanded contract.	13/13; scoped CDA named-group Presence 2members/6Observations true and empty0/0 false; 92 terminal requests	B1	accepted-scoped	/root/cohort_presence_prepare	Review and promote the staged selector fix only through the assigned integration owner.; Use exact registered target identity and an isolated QA Explorer; capture the next terminal summary and full domain report.	Fresh Explorer and own immutable selection/group revisions; protected bootstrap untouched; no FHIR source or publication mutation; separate testInfo output paths. Record accumulation is cleanup gap, not automatic functional conflict. Verify revision IDs and any shared mutable catalog dependency before parallel launch; timing provisional.	/private/var/folders/v_/j3zplgbs155cgwtqjftj377nd_4gyt/T/loom-verification-brackets/run-cda-named-cohort-related-presence-related-presence-including-empty-group-r5RWbp/summary.json; summarySHA256=e54e921ef59cb8e53be286d8ccf3f0f4288a2b1766ff225c424941379912b709; 13/13; scoped CDA named-group Presence 2members/6Observations true and empty0/0 false; 92 terminal requests; source7477c9339de416605846b0b10e38d398d5704644e4f95e106c082ac42bd64d42/1702 and API unchanged; foreground evidence accepted.	node scripts/run-native-verification-bracket.mjs --scenario cda-named-cohort-related-presence --case related-presence-including-empty-group --target .codex/owned-cda-target.json	Native controls; independent rows; Cancel/Apply where applicable; edit/removal/restoration; reload; scoped requests; action-to-render budget
CASE-063	registered-case	cda-named-cohort-related-presence/related-presence-nonempty-zero-match	fixture-investigation	Find a nonempty Specimen group with zero matching Observations using a separate bounded witness investigation; do not replay the known unreachable lifecycle.	First2000 scoped Specimens yielded no required zero-match witness; 1/13 checks, zero native requests; no global absence or product failure established.	F1	pending-readiness	unassigned	A valid nonempty named Group member with zero related matches and an independent exact scoped raw reread.	Project/generation-scoped first 2,000 Specimens; absence applies only to that prefix. Use separate owned QA state; confirm shared setup/cleanup before parallel launch.	/private/var/folders/v_/j3zplgbs155cgwtqjftj377nd_4gyt/T/loom-verification-brackets/run-cda-named-cohort-related-presence-related-presence-nonempty-zero-match-L2L79S/summary.json; integrityPASS frozen7477, boundedabsence	node scripts/run-native-verification-bracket.mjs --scenario cda-named-cohort-related-presence --case related-presence-nonempty-zero-match --target .codex/owned-cda-target.json	Native controls; independent rows; Cancel/Apply where applicable; edit/removal/restoration; reload; scoped requests; action-to-render budget
CASE-064	registered-case	cda-group-numeric-filter/numeric-filter-after-group	evidence-review	Inspect exact retained lifecycle evidence and consequential source changes; reuse valid scoped proof or name missing checks before scheduling a browser.	Other aggregate types/operators/populations separate.	R0	pending-readiness	unassigned	Independent fixture; complete contract; reviewed patch and focused checks; exact selection; frozen source	Distinct disposable QA Explorer; validate fixture/target identity before concurrent launch	BUILDER_VERIFICATION.tsv#28	node scripts/run-native-verification-bracket.mjs --scenario cda-group-numeric-filter --case numeric-filter-after-group --target .codex/owned-cda-target.json	Native controls; independent rows; Cancel/Apply where applicable; edit/removal/restoration; reload; scoped requests; action-to-render budget
CASE-065	registered-case	cda-authored-expand-filter/expand-filter-upstream-edit-cascade	closed-scoped	Reuse the accepted current-contract native lifecycle for this exact EXPAND→Filter/upstream-edit/cascade-removal composition; rerun only if relevant behavior or contract changes.	No remaining gap in this exact component-list EXPAND→Filter/upstream-edit/cascade-removal lifecycle; 13/13 current required checks pass. Other list cardinalities, empty/missing-item policies, predicates, and compositions remain separate.	R0	0487-fresh-native	/root/cohort_presence_prepare	Independent fixture; complete contract; reviewed patch and focused checks; exact selection; frozen source	Fresh authored-expand Explorer `cda-authored-expand-1791528650118` in the owned CDA project/generation; case-scoped immutable Selection revision and raw source reads. Target config binding was validated; runtime dataset identity was not checked.	Summary `/private/tmp/loom-verification-brackets/case065-nextwave-0487f0c4/run-cda-authored-expand-filter-expand-filter-upstream-edit-cascade-BTFihL/summary.json` SHA-256 `2464b3fd1e9b42890b1956e21d2a9414732d70510fc07ad80f9dceb8a040c1c2`; domain report SHA-256 `f3cbbba199a4907dd74f60a6b678933cbb7a8fa54a4e0f7311591f0a43a8f2c1`. 13/13, 68 assertions, 53 actions, 25 render checkpoints max 2,010 ms; 85/85 terminal requests; 3 Observation/6 item independent scoped raw oracle; source b8505b56036ae40cc340cabc88f15138b8f3e56e6522755995bc7e08448ae774/1713 files, docs 04de4b6d4862e813d8d01294b89e0446ed46e349bf8ea590261a0bd8d98216ad/313 files and API identity unchanged; mounts and health-before/after PASS. Runtime dataset identity unchecked.	node scripts/run-native-verification-bracket.mjs --scenario cda-authored-expand-filter --case expand-filter-upstream-edit-cascade --target .codex/owned-cda-target.json	Exact authored component-list EXPAND→Filter lifecycle passed through proposal, Cancel/Apply, reload, upstream edit, dependent cascade removal, and exact RECORDS restoration. This is scoped to this registered composition; other cardinalities/policies/predicates remain separate.
CASE-066	registered-case	cda-authored-nested-expand/nested-coding-expand-lifecycle	fixture-investigation	Find the required data shape using a bounded independent source check; record searched scope and do not infer global absence.	Fixture gap for this exact shape only; single-per-component and empty-parent gaps are distinct. Do not claim global absence.	F1	pending-readiness	unassigned	Independent fixture; complete contract; reviewed patch and focused checks; exact selection; frozen source	Distinct disposable QA Explorer; validate fixture/target identity before concurrent launch	/private/tmp/loom-nested-expand-query-evidence-20261008.json SHA-256 c2f4b6dfe56e6a701945d9aa23f3f06e7b009e7fc89a3f3106ac1eedeaf09ade	node scripts/run-native-verification-bracket.mjs --scenario cda-authored-nested-expand --case nested-coding-expand-lifecycle --target .codex/owned-cda-target.json	Native controls; independent rows; Cancel/Apply where applicable; edit/removal/restoration; reload; scoped requests; action-to-render budget
CASE-067	registered-case	cda-authored-nested-expand/nested-coding-expand-lifecycle-single-per-component	closed-scoped	Reuse the retained current-contract lifecycle for this exact single-coding-per-component witness; rerun only if relevant branch behavior or contract changes.	No remaining gap in the single-per-component case. The all-empty-parent branch and multi-coding lifecycle are separate, unproven variants.	R0	retained-applicability-review	/root/cohort_presence_prepare	Independent fixture; complete contract; reviewed patch and focused checks; exact selection; frozen source	The retained raw oracle is project/generation scoped to loom_dev_cda_fhir/cda-fhir-v1 and selects one Observation with two single-coding components. The original target check recorded runtimeDatasetIdentity as not-checked; do not generalize beyond the recorded scoped witness.	Retained summary `/private/tmp/loom-verification-brackets/run-cda-authored-nested-expand-nested-coding-expand-lifecycle-single-per-component-Y9qccZ/summary.json` SHA-256 `f30e8a67b9be7b116a16d5ad99e1ba1bcb740fd95ad89a31498e53c6206a2f83`; domain report `/private/tmp/loom-verification-brackets/run-cda-authored-nested-expand-nested-coding-expand-lifecycle-single-per-component-Y9qccZ/playwright-results/standalone-cda-nested-expa-94556-ply-edit-reload-and-restore/attachments/cda-domain-report-json-4a1ca02909f8f49a37f8f88f4d99a46a3004f64b.json` SHA-256 `edb22969004b52a80cdddf37ff991233791e37d3bf962dd4d536d461f7c42bea`. 17/17 current checks; 68/68 owned requests terminal; 20 render checkpoints max 1,872 ms. Current single-per-component branch has the same bounded raw query/literal oracle and saved-preview helper; changed code is limited to the multi-coding branch and additive helpers. Runtime dataset identity remains unchecked.	node scripts/run-native-verification-bracket.mjs --scenario cda-authored-nested-expand --case nested-coding-expand-lifecycle-single-per-component --target .codex/owned-cda-target.json	The exact single-per-component lifecycle is supported by retained current-contract evidence; this does not close the full multi-coding lifecycle or optional all-empty-parent variant.
GAP-001	unmapped-feature	raw ONE disagreement for two Patient IDs	closed-scoped	Reuse basic-fixture ONE422 unchangeddraft → same-editor ALL exactIDs Apply/reload proof unless relevant source changes; edit/removal and CDA remain separate scope.	No gap in registered basic Patient ONE→ALL repair scope; environment-only target, no CDA or edit/removal claim.	9800b8cdd-corrections	after-next-consolidated-review	/root/cohort_presence_prepare	Next captured saved workspace/snapshot/raw ONE choice; actual HTTP proposal decode/compile/preview route regression in isolated worktree preserving dirty server tests. Full candidate receipt currently hidden.	Basic devloop fixture only. Separate bracket process seeds unique retained loom_dev_verify_<runID> project and bootstrap/case Explorers; no compose restart/build or project teardown. Shared named dev-stack API/ports read-only; source/API freeze common. Independent functional QA allowed after acceptance with distinct artifacts; concurrent timing provisional, failures confirm serially.	scripts/verify-ui/registry.mjs:303; workflow29701c30e and spec8f7cae7c527df44363b775fcdc06ce2952a1c441; guarded syntax/diff pass; no browser proof.; TeamA source QA launcher inspection: --target-from-environment, createRunContext/createFreshVerificationFixture, unique project seeding, no teardown.; Final corrected TeamA /private/tmp/loom-teamA-final.diff SHA256 ca9d07d0ff2fc16ad30578dd1d0dc747931259aae430885ff60ac45a64f78ce8; registered checks-only and exact --list passed; root source readiness accepted.; Root accepted scoped1dc3bfa74714-file correction batch; exact reviewed hashes and coded-only registry hunk checked; amended focused checks pass, full runner58/59 startup flake + serial SIGINT1/1. Browser pending.; Exact raw request telemetry promoted36ff2768a73f0a5d8600745a55b3ef3e2561cbbc; three-path root diff review, lead4/4 focused checks, preserved injected fault/timing capture. Browser diagnosis pending.; 9h26eM frozen integrityPASS,1/6required, exact raw wire and409body retained; /private/tmp/loom-verification-brackets/run-patient-one-9800b8cdd/run-builder-authoring-patient-one-disagreement-9h26eM/summary.json; Root source review accepted exact two-path169239e92e9b3db6f0c553590eaeb0172a894b39 conditional on lead current-preimage/focused review. Actual production preview attributes confirmed; stale digest regression retained. Internal receipt OutputFingerprints unavailable; diagnostic capture is not product fix.; Capture promoted b1cc4214e2d4c94feeb87681ad88c51f9f4e4b7c, exact2paths; integrated guarded3/3 and syntax/diffPASS. No backend fix/lifecycle closure claimed.; Owning worker traced proposeConstructionChoiceDirect -> ProposeConstructionChoice -> previewAuthoringDirect -> compileValidatedReceiptResolution/PreviewOutput. Existing exact-batch unit test stops before preview; no route regression currently covers failing boundary. New saved-state capture exposes base receipt, not hidden candidate Bundle/OutputFingerprints.; lsneaR4ad31 actual409RECEIPT_RECOMPILE_REQUIRED/output_execution402ms, preOneSavedStateArtifactSHA c63ec4ff7d78e3d6fc6e0a98bc07740bf07c32ae2fdb34dcc641cbf9d0a130cc inline savedCOUNT_ROWSGroup/readyreceipt/draft3;1/6required,no pending/integrityPASS. Productfailureconfirmed,rootcausepending; historicalcandidatefingerprint not needed to exercise actual route anew.; Root reviewed509f65c25eae068da492a1c8ff4f5ee79cb299b3 at /private/tmp/loom-patient-one-route-diagnosis-20261008: exact5paths, renderer/server packagesPASS, production receiptJSONroundtrip/validation/HTTP route, unchangedONEdraft. Test DB adapter explicit, no liveArango claim.; Promoted37bab2e9fe38012ae2f0186ec2c356842073be93 exact5paths, cleanownedpaths/unrelateddirtypreserved. Full native samecase pending.; v8cpcP nativePASS6/6 at37bab source862c3360/API24c744 unchanged,15action-render checksmax943ms, pending0/errors0, commonafterhealth3/3PASS. /private/var/folders/v_/j3zplgbs155cgwtqjftj377nd_4gyt/T/loom-verification-brackets/run-builder-authoring-patient-one-disagreement-v8cpcP/summary.json	node scripts/run-native-verification-bracket.mjs --scenario builder-authoring --case patient-one-disagreement --target-from-environment	Complete native lifecycle and independent correctness, persistence and render proof
GAP-002	unmapped-feature	Observation.status ONE to ALL repair	ready-integration-checks	Acquire bounded independent many-status witness for exact registered observation-status-one-to-all-same-chooser-lifecycle; validate target and complete native case after reviewed freeze.	Case is registered with row-lifecycle checks; bounded many-status witness and current-source complete runtime proof remain pending.	C1	after-consolidated-review	/root/collection_group_prepare	Driver/contract implementation can complete independently. Before real CDA QA, require bounded independent distinct Observation.status witness; retained first2000 Patient scan found none, not global absence. Keep fixture gap explicit.	Separate QA Explorer and explicit fixture identity	scripts/verify-ui/registry.mjs:309; /private/tmp/loom-teamB-batch.patch; integrated focused suites, drift0/0 and exact-one Playwright list selections pass; no browser.; foreground TeamB readiness PASS after full owned diff review; route signed-metadata correction and report-owned failure timing retention; integrated focused31/31, exact-one native listings; no browser.; TeamB current registry reconciliation confirms prior14-path integration wording obsolete; no repeated artifact integration required.	No valid command until exact case is registered.	Complete native lifecycle and independent correctness, persistence and render proof
GAP-003	unmapped-feature	component-array repeated source rows	diagnosis-active	Diagnose original browser-page/collector terminal boundary with faithful regression; exact captured endpoint replay succeeds, so do not repeat generic endpoint diagnostics or waive pending request.	Production collector replay preserves request-only event as pending; no delivered terminal event or actual cancellation proven. Accepted capabilities waiter does not resolve schema request.	38c33-corrections	after-next-consolidated-review	/root/nested_expand_prepare	Same owner correction/reviewer; reuse existing request-navigation helper if valid. No blanket cancellation waiver and no unmeasured delay.	Separate QA Explorer and explicit fixture identity	scripts/verify-ui/registry.mjs:310; /private/tmp/loom-repeated-readiness-9df1afc.patch; focused lifecycle13/13, row oracle3/3, render budget1/1; coverage40/41 with known shared unresolved-feature assertion awaiting combined registry. No browser pass.; nextbatch /private/tmp/loom-focused-plan-preflight-589398.patch SHA256 f80811a8bfabfedd0f3353eec3e665a2d1a8bc458e81515a50451128a19b5f95; rootsourceaccepted,9/9focusedplanner, canonical74/74; no browserproof.; Root accepted scoped1dc3bfa74714-file correction batch; exact reviewed hashes and coded-only registry hunk checked; amended focused checks pass, full runner58/59 startup flake + serial SIGINT1/1. Browser pending.; Accepted combined C diagnostic artifact47bdebf95fbe6babe27cfd2fcf16e3aadcdc3e55d83517cc13a9e20de9abec0a, sevenpaths; Pivot11/11collector35/35focused. Precleanup DOM/options and redacted Page/request identity; gates preserved. Promotion/browserpending.; Diagnostic batch promoted16092c47fc4dca157ecc3456f7ddf238f8d6c9fd; owningPage/requestURLskeyredacted, pendingfatal; nextsamecaserunpending.; V4JASm at9c7f199: 15/15 functional checks, fatal unfinished schema-fields request43. Exact captured payload read-only replay HTTP200/786ms, 50fields and cursor, proves current endpoint response only. Probe /private/tmp/loom-verification-brackets/source-freeze-9c7f199/after-final/schema-fields-probe.json.; Collector event-contract regression integrated withbc188d1b: production listener flush observes delayed terminals, close-only event remains fatal. EventEmitter stand-in does not explain original request43.	node scripts/run-native-verification-bracket.mjs --scenario cda-repeated-rows --case component-array-source-expand-field-remove-and-row-restoration --target .codex/owned-cda-target.json	Complete native lifecycle and independent correctness, persistence and render proof
GAP-004	unmapped-feature	integer/string coded Pivot	harness-failure	Resolve the strict native-request and cancellation-attribution failures on the reviewed current source, then rerun the registered integer and string CDA Pivot cases under a fresh freeze. Preserve the fatal request gate; do not use later replacement requests as terminal proof.	Both latest 39d coded-Pivot runs passed 8/9 checks; the strict native-request gate failed. Integer retains semantic-inventory #83 and construction-capabilities #85/#93 as request-only, plus an unexpected #101 `ERR_ABORTED`. String retains construction-capabilities #85/#93 as request-only and #101 `ERR_ABORTED`; semantic-inventory #83 returned 200 and `requestfinished`, but response-body capture failed after navigation. Configured-column-context #105 completed with 200 and `requestfinished` in both reports; `bodyNotRead` is intentional allowlist behavior. CDA targets bind project and generation, while runtime dataset identity remains unchecked.	eeb62ede-corrections	after-next-consolidated-review	/root/nested_expand_prepare	Final reviewed source freeze and proven independent QA Explorers/setup effects; bounded fixture retains five-second budget.	Separate QA Explorer per run; target .codex/owned-cda-target.json binds the CDA project/generation, but runtime dataset identity was not independently checked.	Latest 39d integer summary /private/tmp/loom-verification-brackets/pivot-39d416-integer/run-standalone-reshape-coded-pivot-coded-pivot-integer-xkW6tT/summary.json (SHA-256 8dafbf1f94d0ace0c1843c5f30c9e98d9ddb0555baef44b895521316d6360577); domain /private/tmp/loom-verification-brackets/pivot-39d416-integer/run-standalone-reshape-coded-pivot-coded-pivot-integer-xkW6tT/playwright-results/standalone-reshape-standal-1295a-integer-coded-pivot-integer/attachments/cda-domain-report-json-f64037dc91b5095708c97e66f0f1d6ccc6a13d7f.json (SHA-256 f2ba5dca07a1aae5a4dcf09e9d3abb9a5dc32373ac2e64a9cab9445455ef5a71). Latest string summary /private/tmp/loom-verification-brackets/pivot-39d416-string/run-standalone-reshape-coded-pivot-coded-pivot-string-vR5nCR/summary.json (SHA-256 04bafb63578f44964617231558b3a22cecb750b7ceb017b951963afdd867c909); domain /private/tmp/loom-verification-brackets/pivot-39d416-string/run-standalone-reshape-coded-pivot-coded-pivot-string-vR5nCR/playwright-results/standalone-reshape-standal-3ee65-t-string-coded-pivot-string/attachments/cda-domain-report-json-64cc910a8732a8c26ba3c04d9b7955764756424b.json (SHA-256 283aaa8b6894110b71e09c0e472a4a18ebfd1ee6f8dd9bf2a9771de99c19ea24). Both reports use source fingerprint 1a0b103e74c79f84f29f7ae3968c063c95be04ce24b9dd19875e2264f68eaff6/1716 files and the exact API identity 24c7447e75b9768eaa50b5b65482b55d34c470fcd26e5c17a3a2a1431a260a8c:24c7447e75b9768eaa50b5b65482b55d34c470fcd26e5c17a3a2a1431a260a8c:de5e6f089f7ef07bda9178422bf2e9b28783523cc45abfe749d1c415348d9838, with integrity PASS. Runtime dataset identity was not checked.	node scripts/run-native-verification-bracket.mjs --scenario standalone-reshape-coded-pivot --case coded-pivot-integer --target .codex/owned-cda-target.json; run coded-pivot-string separately with the same scenario/target	Complete native lifecycle and independent correctness, persistence and render proof
GAP-005	unmapped-feature	saved coded source column	closed-scoped	Reuse basic-fixture coded-source full lifecycle at5bf83065 unless related behavior changes; CDA acceptance remains separate.	No remaining failure in exact six-Observation Height basic-fixture lifecycle; broader CDA/source-family coverage is unproved.	38c33-corrections	after-next-consolidated-review	/root/cohort_presence_prepare	Same coded owner, exact retained full request census; legacy UI dirty preimages. Strict no-unexpected-errors and five-second budget retained.	Basic devloop fixture only. Separate bracket process seeds unique retained loom_dev_verify_<runID> project and bootstrap/case Explorers; no compose restart/build or project teardown. Shared named dev-stack API/ports read-only; source/API freeze common. Independent functional QA allowed after acceptance with distinct artifacts; concurrent timing provisional, failures confirm serially.	scripts/verify-ui/registry.mjs:317; commit491b954282bc9fae67b739efddb0ace2f29b0d2f; six-ID Height oracle172.5/180/four-null audited; syntax/diff pass; actual native UI unrun.; TeamA source QA launcher inspection: --target-from-environment, createRunContext/createFreshVerificationFixture, unique project seeding, no teardown.; Final corrected TeamA /private/tmp/loom-teamA-final.diff SHA256 ca9d07d0ff2fc16ad30578dd1d0dc747931259aae430885ff60ac45a64f78ce8; registered checks-only and exact --list passed; root source readiness accepted.; Root accepted scoped1dc3bfa74714-file correction batch; exact reviewed hashes and coded-only registry hunk checked; amended focused checks pass, full runner58/59 startup flake + serial SIGINT1/1. Browser pending.; Root accepted /private/tmp/coded-source-route-null-38c.patch SHA256 dfcd5408c4c0159f9fe24caf5fa9fa843a7588e363120c1785821cdead7cb649: complete token→command→canonical[]→reload regression plus legacy null-ID preservation; focused Go pass, no browser proof.; New-frame fix promoted180db80cd1c47b7d79cdfd7de49549ba7a2a1ab4; three focused Go frame regressions passed0.431s. Legacy nullable-DTO repair remains isolated work, native new-frame acceptance pending.; F3oXvX summary /private/tmp/loom-verification-brackets/team-a-7645bfc79/coded-source-column/run-builder-coded-source-column-coded-source-column-F3oXvX/summary.json; integrityPASS, no pending requests; three aborts frame-source-options and capabilities drafts4/5.; /private/tmp/loom-verification-brackets/coded-source-column-3889f2bb-attempt2/run-builder-coded-source-column-coded-source-column-YA9Rh1/summary.json sourceab7161f6/APIintegrityPASS; commonafterhealth3/3PASS; setup1msmissingCDAalias separately.; Promotede8d787dfbf18afb32972a7e2bfb89f576f15a189 exact3paths SHA89f36797; immutable validatedproof snapshots + sanitized126capture, focused51/51includingcrossreport regressions. Request126fatal/fullcaseunverified.; /private/tmp/loom-verification-artifacts/team-a-coded-source-e8d787df-bracket/run-builder-coded-source-column-coded-source-column-sDfkRR/summary.json frozene1ae integrityPASS. Retainedemptycapture is harness gap, abortownership remainsunproved.; g8Ok6k5bf83065 registered12/12,46assertions,zeroerrors/pending, fullselect/Apply/edit/reload/remove/reload independent6IDs/Heightoracle. HeaderID/omittedquery frame126 acceptedonlyexact200replacementproof; capabilityproofs surviveproductionclone/strip. Commonafterfreeze sourceb4b220b4/1713, API24c744/de5e unchangedhealth3/3PASS. Summary /private/tmp/loom-verification-brackets/gap005-wave-5bf83065/run-builder-coded-source-column-coded-source-column-g8Ok6k/summary.json. Environment-only/unbound basicfixture, notCDAproof.	node scripts/run-native-verification-bracket.mjs --scenario builder-coded-source-column --case coded-source-column --target-from-environment	Complete native lifecycle and independent correctness, persistence and render proof
GAP-006	unmapped-feature	EQUALS contributor rule	closed	Reuse scoped verified lifecycle while relevant source remains applicable; rerun only for concrete changed behavior.	No remaining gap in this exact scoped CDA lifecycle; does not establish global witness absence or other contributor operations.	C1	after-consolidated-review	/root/collection_group_prepare	Exact user path; independent oracle; registry contract; focused readiness check	Fresh UUID QA Explorer and own per-Explorer selection ID; scoped raw-source reads only; no publication/materialization/delete; isolated per-test artifacts. Functional cases may run concurrently after fresh state verification; timings provisional.	scripts/verify-ui/registry.mjs:320; /private/tmp/loom-teamB-case060-owned.patch; exact EQUALS multiset contract3/3, EXISTS4/4, syntax/diff pass; registry-binding assertion awaits lead registration.; /private/tmp/loom-teamB-batch.patch; integrated focused suites, drift0/0 and exact-one Playwright list selections pass; no browser.; foreground TeamB readiness PASS after full owned diff review; route signed-metadata correction and report-owned failure timing retention; integrated focused31/31, exact-one native listings; no browser.; nextbatch /private/tmp/loom-focused-plan-preflight-589398.patch SHA256 f80811a8bfabfedd0f3353eec3e665a2d1a8bc458e81515a50451128a19b5f95; rootsourceaccepted,9/9focusedplanner, canonical74/74; no browserproof.; Current38c33 reviewed full pass /private/var/folders/v_/j3zplgbs155cgwtqjftj377nd_4gyt/T/loom-verification-brackets/run-cda-contributor-equals-contributor-equals-OMYqtG/summary.json; 14 checks; actual render max2044ms; source/API and final common freeze unchanged.	No valid command until exact case is registered.	Complete native lifecycle and independent correctness, persistence and render proof
SCOPE-001	goal-scope	visible features, transition classes and scope invariants	inventory-audit	Reconcile visible controls and row/column/source/collection transitions; add bounded missing contracts for auth, membership, project, generation, publication and export.	Registered cases are not proof the full user goal inventory is complete. Viewer exports have API/helper tests but no established native export contract; review whether this is part of the goal feature inventory. Stale 22-case runner snapshot must not replace live 67-case registry.	R0	inventory-reviewed	foreground; presence_selector source inventory	Source feature inventory and existing evidence; no permutation expansion	Record auth/project/generation; separate basic fixture from CDA	docs/BUILDER_SURFACE_INVENTORY.md; source-reviewed dirty fd14 snapshot, no runtime proof	Reconcile combined registry additions, then assign bounded native Viewer export and existing Builder surface gaps; preserve all listed transition classes.	Every feature and transition class has an exact contract and evidence status; unresolved decisions/blockers explicit.
WITNESS-001	missing-data-shape	literal Observation.component empty array	fixture-investigation	Find literal component:[] through a bounded independent scoped source check. Extend an exact lifecycle contract only when that witness exists; otherwise retain the precise data gap.	61jASL selected populated components and missing-property owners. It did not prove literal component:[]; do not conflate missing, null and empty array.	F1	pending-witness	unassigned	Independent literal-empty witness and an exact lifecycle contract before browser execution	Current pass used the exact bounded CDA source and target described in docs/BUILDER_VERIFICATION.tsv line 84; runtime dataset identity was not separately checked. Use separate owned QA state; confirm shared setup/cleanup before parallel launch.	/private/var/folders/v_/j3zplgbs155cgwtqjftj377nd_4gyt/T/loom-verification-brackets/run-cda-repeated-empty-preserve-parent-exclude-error-group-count-and-restoration-61jASL/summary.json	No additional browser command until the literal-empty witness and registered contract are established.	Native controls; independent rows; Cancel/Apply where applicable; edit/removal/restoration; reload; scoped requests; action-to-render budget
