location,import_path,package_name,kind,responsibility,production_files,test_files,other_files,generated_files,production_loc,test_loc,exported_symbol_count,exported_symbols,internal_dependencies,test_dependencies,production_importers,test_only_importers,external_dependencies,runtime_signals,compatibility_signals,decision_evidence,test_scope,audit_status
.,github.com/calypr/loom,main,executable,Start the default Loom server process through the internal server composition root.,main.go,—,go.mod,—,7,0,0,—,internal/server,—,—,—,—,—,—,executable boundary; compare orchestration with sibling commands before combining,go test .,inventory complete; semantic disposition pending
cmd/arango-fhir-proto,github.com/calypr/loom/cmd/arango-fhir-proto,main,executable,"Provide operator commands for FHIR loading, catalog diagnostics, generation repair, and activation.",main.go,main_test.go,—,—,594,166,0,—,internal/catalog; internal/catalog/arango; internal/dataset; internal/dataset/arango; internal/ingest; internal/store/arango,—,—,—,—,—,legacy=4,executable boundary; compare orchestration with sibling commands before combining,go test ./cmd/arango-fhir-proto,inventory complete; semantic disposition pending
cmd/arango-fhir-server,github.com/calypr/loom/cmd/arango-fhir-server,main,executable,Start the explicit Loom HTTP server binary.,main.go,—,—,—,7,0,0,—,internal/server,—,—,—,—,—,—,executable boundary; compare orchestration with sibling commands before combining,go test ./cmd/arango-fhir-server,inventory complete; semantic disposition pending
cmd/dataframe-profile,github.com/calypr/loom/cmd/dataframe-profile,main,executable,Run and compare developer-facing dataframe profiling workloads.,main.go,—,—,—,322,0,0,—,conformance/compiler; generated/graphql/graph/model; internal/api/graphql/graph/query; internal/dataframe/compiler; internal/dataframe/compiler/ir; internal/dataframe/recipe; internal/dataframe/semantic; internal/store/arango,—,—,—,—,—,legacy=1,executable boundary; compare orchestration with sibling commands before combining,go test ./cmd/dataframe-profile,inventory complete; semantic disposition pending
cmd/dataframe-query,github.com/calypr/loom/cmd/dataframe-query,main,executable,Execute a checked-in GraphQL dataframe request and report response timing and diagnostics.,main.go,main_test.go,—,—,241,81,0,—,—,—,—,—,—,—,compatibility=1,executable boundary; compare orchestration with sibling commands before combining,go test ./cmd/dataframe-query,inventory complete; semantic disposition pending
cmd/explorer-config-v2-convert,github.com/calypr/loom/cmd/explorer-config-v2-convert,main,executable,Convert legacy Explorer configuration input into the V2 authoring representation offline.,main.go,—,—,—,377,0,0,—,internal/dataframe/recipe; internal/explorer; internal/explorer/authoringv2,—,—,—,—,—,legacy=1,executable boundary; compare orchestration with sibling commands before combining,go test ./cmd/explorer-config-v2-convert,inventory complete; semantic disposition pending
cmd/generate,github.com/calypr/loom/cmd/generate,main,executable,"Generate FHIR models, schema metadata, validation, extraction, and GraphQL artifacts from source schemas.",extraction.go; graphql.go; helpers.go; main.go; metadata.go; model.go; names.go; resources.go; schema.go; validation.go,extraction_test.go; graphql_test.go; metadata_test.go; model_test.go; resources_test.go; root_test.go; schema_fixture_test.go,fhir_helpers.go.tmpl,—,1668,394,9,Definition; EdgeDocument; Link; Property; Result; Schema; TargetHints; TargetSchema; TemplatePointers,—,—,—,—,—,go:embed,compatibility=1,executable boundary; compare orchestration with sibling commands before combining; runtime/build signals present; static importer counts are insufficient for deletion,go test ./cmd/generate,inventory complete; semantic disposition pending
cmd/gqlgenfix,github.com/calypr/loom/cmd/gqlgenfix,main,executable,Post-process gqlgen output to enforce Loom-specific generated-code invariants.,main.go,main_test.go,—,—,108,40,1,MarshalJSON,—,—,—,—,—,—,—,executable boundary; compare orchestration with sibling commands before combining,go test ./cmd/gqlgenfix,inventory complete; semantic disposition pending
cmd/loom-acceptance,github.com/calypr/loom/cmd/loom-acceptance,main,executable,Run the locked real-data acceptance scenario and emit machine-readable verification artifacts.,main.go,—,—,—,119,0,0,—,internal/acceptance,—,—,—,—,—,—,executable boundary; compare orchestration with sibling commands before combining,go test ./cmd/loom-acceptance,inventory complete; semantic disposition pending
conformance/compiler,github.com/calypr/loom/conformance/compiler,compilerfixture,conformance,Load and exercise the canonical dataframe compiler oracle corpus for conformance and performance checks.,types.go,benchmark_test.go; corpus_coverage_test.go; gdc_fixture_test.go; generated_semantics_coverage_test.go; physical_plan_cost_test.go; policy_ablation_test.go; run_test.go; schema_roots_test.go; types_test.go,—,—,111,1214,4,Expected; Fixture; LoadDir; Validate,internal/dataframe/recipe,internal/dataframe/compiler; internal/dataframe/compiler/ir; internal/dataframe/execution; internal/dataframe/recipe; internal/dataframe/semantic; internal/dataframe/spec; internal/fhir/schema; internal/store/arango,cmd/dataframe-profile,—,—,—,—,non-runtime conformance boundary,go test ./conformance/compiler,inventory complete; semantic disposition pending
generated/fhir,github.com/calypr/loom/generated/fhir,fhir,generated,"Expose generated FHIR resource models and their extraction, validation, and GraphQL helpers.",extract.go; graphql.go; helpers.go; model.go; resources.go; validate.go,—,—,extract.go; graphql.go; helpers.go; model.go; resources.go; validate.go,72020,0,155,Address; Age; Annotation; Attachment; Availability; AvailabilityAvailableTime; AvailabilityNotAvailableTime; BodyStructure; BodyStructureIncludedStructure; BodyStructureIncludedStructureBodyLandmarkOrientation; BodyStructureIncludedStructureBodyLandmarkOrientationDistanceFromLandmark; CodeableConcept; CodeableReference; Coding; ConcreteResource; Condition; ConditionParticipant; ConditionStage; ContactDetail; ContactPoint; Count; DataRequirement; DataRequirementCodeFilter; DataRequirementDateFilter; DataRequirementSort; DataRequirementValueFilter; DiagnosticReport; DiagnosticReportMedia; DiagnosticReportSupportingInfo; Directory; Distance; DocumentReference; DocumentReferenceAttester; DocumentReferenceContent; DocumentReferenceContentProfile; DocumentReferenceRelatesTo; Dosage; DosageDoseAndRate; Duration; EdgeDocument; Expression; ExtendedContactDetail; Extension; ExtractEdges; FHIRComments; FHIRPrimitiveExtension; FamilyMemberHistory; FamilyMemberHistoryCondition; FamilyMemberHistoryParticipant; FamilyMemberHistoryProcedure; GetID; GetResourceType; Group; GroupCharacteristic; GroupMember; HumanName; Identifier; ImagingStudy; ImagingStudySeries; ImagingStudySeriesInstance; ImagingStudySeriesPerformer; IsFHIRResource; MarshalJSON; Medication; MedicationAdministration; MedicationAdministrationDosage; MedicationAdministrationPerformer; MedicationBatch; MedicationIngredient; MedicationRequest; MedicationRequestDispenseRequest; MedicationRequestDispenseRequestInitialFill; MedicationRequestSubstitution; MedicationStatement; MedicationStatementAdherence; Meta; Money; Narrative; NewConcreteResource; Observation; ObservationComponent; ObservationReferenceRange; ObservationTriggeredBy; Organization; OrganizationQualification; ParameterDefinition; Patient; PatientCommunication; PatientContact; PatientLink; Period; Practitioner; PractitionerCommunication; PractitionerQualification; PractitionerRole; Procedure; ProcedureFocalDevice; ProcedurePerformer; Quantity; Range; Ratio; RatioRange; Reference; RelatedArtifact; ResearchStudy; ResearchStudyAssociatedParty; ResearchStudyComparisonGroup; ResearchStudyLabel; ResearchStudyObjective; ResearchStudyOutcomeMeasure; ResearchStudyProgressStatus; ResearchStudyRecruitment; ResearchSubject; ResearchSubjectProgress; Resource; Result; SampledData; Signature; Specimen; SpecimenCollection; SpecimenContainer; SpecimenFeature; SpecimenProcessing; Substance; SubstanceDefinition; SubstanceDefinitionCharacterization; SubstanceDefinitionCode; SubstanceDefinitionMoiety; SubstanceDefinitionMolecularWeight; SubstanceDefinitionName; SubstanceDefinitionNameOfficial; SubstanceDefinitionProperty; SubstanceDefinitionRelationship; SubstanceDefinitionSourceMaterial; SubstanceDefinitionStructure; SubstanceDefinitionStructureRepresentation; SubstanceIngredient; Task; TaskInput; TaskOutput; TaskPerformer; TaskRestriction; Timing; TimingRepeat; TriggerDefinition; UnmarshalJSON; UsageContext; Validate; ValidateAndExtract; ValidateFhirBinary; ValidateFhirDate; ValidateFhirDateTime; ValidateFhirTime; ValidateFhirURI; ValidateFhirUUID,internal/fhir/schema,—,generated/graphql/graph/executor; internal/api/graphql/graph/resolver; internal/dataframe/recipe; internal/dataframe/spec; internal/ingest,—,github.com/bytedance/sonic; github.com/google/uuid,1 exported interface(s),—,"generated boundary; change its source/generator, not emitted code; runtime/build signals present; static importer counts are insufficient for deletion",go test ./generated/fhir,inventory complete; semantic disposition pending
generated/fhirschema,github.com/calypr/loom/generated/fhirschema,fhirschema,generated,Expose generated raw FHIR schema metadata tables.,generated.go,—,—,generated.go,48359,0,3,Definition; Property; Traversal,—,—,internal/fhir/schema,—,—,—,—,"generated boundary; change its source/generator, not emitted code",go test ./generated/fhirschema,inventory complete; semantic disposition pending
generated/graphql/graph/executor,github.com/calypr/loom/generated/graphql/graph/executor,executor,generated,Provide gqlgen-generated GraphQL executable schema and execution plumbing.,fhir_schema.generated.go; prelude.generated.go; root_.generated.go; schema.generated.go,—,—,fhir_schema.generated.go; prelude.generated.go; root_.generated.go; schema.generated.go,155252,0,328,Address; AddressResolver; Age; AgeResolver; Annotation; AnnotationResolver; Attachment; AttachmentResolver; Availability; AvailabilityAvailableTime; AvailabilityAvailableTimeResolver; AvailabilityNotAvailableTime; AvailabilityNotAvailableTimeResolver; AvailabilityResolver; BodyStructure; BodyStructureIncludedStructure; BodyStructureIncludedStructureBodyLandmarkOrientation; BodyStructureIncludedStructureBodyLandmarkOrientationDistanceFromLandmark; BodyStructureIncludedStructureBodyLandmarkOrientationDistanceFromLandmarkResolver; BodyStructureIncludedStructureBodyLandmarkOrientationResolver; BodyStructureIncludedStructureResolver; BodyStructureResolver; CodeableConcept; CodeableConceptResolver; CodeableReference; CodeableReferenceResolver; Coding; CodingResolver; Complexity; ComplexityRoot; Condition; ConditionParticipant; ConditionParticipantResolver; ConditionResolver; ConditionStage; ConditionStageResolver; Config; ContactDetail; ContactDetailResolver; ContactPoint; ContactPointResolver; Count; CountResolver; DataRequirement; DataRequirementCodeFilter; DataRequirementCodeFilterResolver; DataRequirementDateFilter; DataRequirementDateFilterResolver; DataRequirementResolver; DataRequirementSort; DataRequirementSortResolver; DataRequirementValueFilter; DataRequirementValueFilterResolver; DataframeAggregateResult; DataframeAggregationsResult; DataframeColumn; DataframeCompilerPlanDiagnostics; DataframeMaterialization; DataframeOptimizationDecision; DataframeOptimizationPolicy; DataframePageInfo; DataframeQueryDiagnostics; DataframeRecipeArangoAssessment; DataframeRecipeColumn; DataframeRecipeExecution; DataframeRecipeExecutionOutput; DataframeRecipeExpansionExplanation; DataframeRecipeExplainCollectionScan; DataframeRecipeExplainIndexLocation; DataframeRecipeExplainIndexSummary; DataframeRecipeExplainPlanEstimate; DataframeRecipeExplainWarning; DataframeRecipeExplanation; DataframeRecipeExpressionExplanation; DataframeRecipeOptimizationDecision; DataframeRecipeOptimizationExplanation; DataframeRecipeOptimizationRuleState; DataframeRecipeOutputExplanation; DataframeRecipeOutputValidation; DataframeRecipePhysicalExplanation; DataframeRecipePhysicalOutputExplanation; DataframeRecipePreflight; DataframeRecipePreview; DataframeRecipePreviewOutput; DataframeRecipeResult; DataframeRecipeResultOutput; DataframeRecipeRevision; DataframeRecipeValidation; DataframeRichSourceReuse; DataframeRowConnection; DataframeSelector; DiagnosticReport; DiagnosticReportMedia; DiagnosticReportMediaResolver; DiagnosticReportResolver; DiagnosticReportSupportingInfo; DiagnosticReportSupportingInfoResolver; DirectiveRoot; Directory; Distance; DistanceResolver; DocumentReference; DocumentReferenceAttester; DocumentReferenceAttesterResolver; DocumentReferenceContent; DocumentReferenceContentProfile; DocumentReferenceContentProfileResolver; DocumentReferenceContentResolver; DocumentReferenceRelatesTo; DocumentReferenceRelatesToResolver; DocumentReferenceResolver; Dosage; DosageDoseAndRate; DosageDoseAndRateResolver; DosageResolver; Duration; DurationResolver; Exec; Expression; ExpressionResolver; ExtendedContactDetail; ExtendedContactDetailResolver; Extension; ExtensionResolver; FHIRPrimitiveExtension; FHIRPrimitiveExtensionResolver; FamilyMemberHistory; FamilyMemberHistoryCondition; FamilyMemberHistoryConditionResolver; FamilyMemberHistoryParticipant; FamilyMemberHistoryParticipantResolver; FamilyMemberHistoryProcedure; FamilyMemberHistoryProcedureResolver; FamilyMemberHistoryResolver; FhirDataframeResult; FhirGraphNode; FhirGraphPageInfo; FhirGraphPath; FhirGraphQueryExplanation; FhirGraphQueryResult; FhirGraphRelationship; Group; GroupCharacteristic; GroupCharacteristicResolver; GroupMember; GroupMemberResolver; GroupResolver; HumanName; HumanNameResolver; Identifier; IdentifierResolver; ImagingStudy; ImagingStudyResolver; ImagingStudySeries; ImagingStudySeriesInstance; ImagingStudySeriesInstanceResolver; ImagingStudySeriesPerformer; ImagingStudySeriesPerformerResolver; ImagingStudySeriesResolver; MarshalJSON; Medication; MedicationAdministration; MedicationAdministrationDosage; MedicationAdministrationDosageResolver; MedicationAdministrationPerformer; MedicationAdministrationPerformerResolver; MedicationAdministrationResolver; MedicationBatch; MedicationBatchResolver; MedicationIngredient; MedicationIngredientResolver; MedicationRequest; MedicationRequestDispenseRequest; MedicationRequestDispenseRequestInitialFill; MedicationRequestDispenseRequestInitialFillResolver; MedicationRequestDispenseRequestResolver; MedicationRequestResolver; MedicationRequestSubstitution; MedicationRequestSubstitutionResolver; MedicationResolver; MedicationStatement; MedicationStatementAdherence; MedicationStatementAdherenceResolver; MedicationStatementResolver; Meta; MetaResolver; Money; MoneyResolver; Mutation; MutationResolver; Narrative; NarrativeResolver; NewExecutableSchema; Observation; ObservationComponent; ObservationComponentResolver; ObservationReferenceRange; ObservationReferenceRangeResolver; ObservationResolver; ObservationTriggeredBy; ObservationTriggeredByResolver; Organization; OrganizationQualification; OrganizationQualificationResolver; OrganizationResolver; ParameterDefinition; ParameterDefinitionResolver; Patient; PatientCommunication; PatientCommunicationResolver; PatientContact; PatientContactResolver; PatientLink; PatientLinkResolver; PatientResolver; Period; PeriodResolver; Practitioner; PractitionerCommunication; PractitionerCommunicationResolver; PractitionerQualification; PractitionerQualificationResolver; PractitionerResolver; PractitionerRole; PractitionerRoleResolver; Procedure; ProcedureFocalDevice; ProcedureFocalDeviceResolver; ProcedurePerformer; ProcedurePerformerResolver; ProcedureResolver; Quantity; QuantityResolver; QueryResolver; Range; RangeResolver; Ratio; RatioRange; RatioRangeResolver; RatioResolver; Reference; ReferenceResolver; RelatedArtifact; RelatedArtifactResolver; ResearchStudy; ResearchStudyAssociatedParty; ResearchStudyAssociatedPartyResolver; ResearchStudyComparisonGroup; ResearchStudyComparisonGroupResolver; ResearchStudyLabel; ResearchStudyLabelResolver; ResearchStudyObjective; ResearchStudyObjectiveResolver; ResearchStudyOutcomeMeasure; ResearchStudyOutcomeMeasureResolver; ResearchStudyProgressStatus; ResearchStudyProgressStatusResolver; ResearchStudyRecruitment; ResearchStudyRecruitmentResolver; ResearchStudyResolver; ResearchSubject; ResearchSubjectProgress; ResearchSubjectProgressResolver; ResearchSubjectResolver; ResolverRoot; Resource; ResourceResolver; SampledData; SampledDataResolver; Schema; Signature; SignatureResolver; Specimen; SpecimenCollection; SpecimenCollectionResolver; SpecimenContainer; SpecimenContainerResolver; SpecimenFeature; SpecimenFeatureResolver; SpecimenProcessing; SpecimenProcessingResolver; SpecimenResolver; Substance; SubstanceDefinition; SubstanceDefinitionCharacterization; SubstanceDefinitionCharacterizationResolver; SubstanceDefinitionCode; SubstanceDefinitionCodeResolver; SubstanceDefinitionMoiety; SubstanceDefinitionMoietyResolver; SubstanceDefinitionMolecularWeight; SubstanceDefinitionMolecularWeightResolver; SubstanceDefinitionName; SubstanceDefinitionNameOfficial; SubstanceDefinitionNameOfficialResolver; SubstanceDefinitionNameResolver; SubstanceDefinitionProperty; SubstanceDefinitionPropertyResolver; SubstanceDefinitionRelationship; SubstanceDefinitionRelationshipResolver; SubstanceDefinitionResolver; SubstanceDefinitionSourceMaterial; SubstanceDefinitionSourceMaterialResolver; SubstanceDefinitionStructure; SubstanceDefinitionStructureRepresentation; SubstanceDefinitionStructureRepresentationResolver; SubstanceDefinitionStructureResolver; SubstanceIngredient; SubstanceIngredientResolver; SubstanceResolver; Task; TaskInput; TaskInputResolver; TaskOutput; TaskOutputResolver; TaskPerformer; TaskPerformerResolver; TaskResolver; TaskRestriction; TaskRestrictionResolver; Timing; TimingRepeat; TimingRepeatResolver; TimingResolver; TriggerDefinition; TriggerDefinitionResolver; UsageContext; UsageContextResolver,generated/fhir; generated/graphql/graph/model,—,internal/api/graphql/graph; internal/api/graphql/graph/resolver,—,github.com/99designs/gqlgen/graphql; github.com/99designs/gqlgen/graphql/introspection; github.com/vektah/gqlparser/v2; github.com/vektah/gqlparser/v2/ast,138 exported interface(s),—,"generated boundary; change its source/generator, not emitted code; runtime/build signals present; static importer counts are insufficient for deletion",go test ./generated/graphql/graph/executor,inventory complete; semantic disposition pending
generated/graphql/graph/model,github.com/calypr/loom/generated/graphql/graph/model,model,generated,Provide gqlgen-generated GraphQL transport model types.,models.go,—,—,models.go,1332,0,95,DataframeAggregateInput; DataframeAggregateResult; DataframeAggregationSpecInput; DataframeAggregationsInput; DataframeAggregationsResult; DataframeColumn; DataframeCompilerPlanDiagnostics; DataframeDatasetInput; DataframeFilterInput; DataframeMaterialization; DataframeMaterializationState; DataframeOptimizationDecision; DataframeOptimizationPolicy; DataframePageInfo; DataframeQueryDiagnostics; DataframeRecipeArangoAssessment; DataframeRecipeBindingsInput; DataframeRecipeColumn; DataframeRecipeExecution; DataframeRecipeExecutionOutput; DataframeRecipeExecutionState; DataframeRecipeExpansionExplanation; DataframeRecipeExplainCollectionScan; DataframeRecipeExplainIndexLocation; DataframeRecipeExplainIndexSummary; DataframeRecipeExplainPlanEstimate; DataframeRecipeExplainWarning; DataframeRecipeExplanation; DataframeRecipeExpressionExplanation; DataframeRecipeOptimizationDecision; DataframeRecipeOptimizationExplanation; DataframeRecipeOptimizationRuleState; DataframeRecipeOutputExplanation; DataframeRecipeOutputValidation; DataframeRecipePhysicalExplanation; DataframeRecipePhysicalOutputExplanation; DataframeRecipePreflight; DataframeRecipePreview; DataframeRecipePreviewOutput; DataframeRecipeResult; DataframeRecipeResultOutput; DataframeRecipeRevision; DataframeRecipeValidation; DataframeRichSourceReuse; DataframeRowConnection; DataframeRowsInput; DataframeSelector; DataframeSelectorInput; DataframeSortInput; ExplainDataframeRecipeInput; FHIRResource; FHIRResourceType; FhirAggregateInput; FhirAggregateOperation; FhirCatalogProjectionInput; FhirCodeValueInput; FhirColumnNaming; FhirDataframeInput; FhirDataframeResult; FhirFieldPredicateInput; FhirFieldPredicateOperation; FhirFieldSelectInput; FhirFieldSelectorInput; FhirFilterInput; FhirFilterOperator; FhirFilterQuantifier; FhirFilterValueInput; FhirFilterValueKind; FhirGraphNode; FhirGraphPageInfo; FhirGraphPath; FhirGraphQueryExplanation; FhirGraphQueryInput; FhirGraphQueryResult; FhirGraphRelationship; FhirGraphTraversalInput; FhirPivotDiscoveryInput; FhirPivotInput; FhirRepresentativeSliceInput; FhirTraversalMatchMode; FhirTraversalStepInput; FhirValueMode; IsValid; MarshalGQL; MarshalJSON; Mutation; PreflightDataframeRecipeInput; PreviewDataframeRecipeInput; Query; RegisterDataframeRecipeRevisionInput; RunDataframeRecipeInput; String; UnmarshalGQL; UnmarshalJSON; ValidateDataframeRecipeInput,—,—,cmd/dataframe-profile; generated/graphql/graph/executor; internal/api/graphql/graph/dataframe; internal/api/graphql/graph/query; internal/api/graphql/graph/resolver,—,—,1 exported interface(s),—,"generated boundary; change its source/generator, not emitted code; runtime/build signals present; static importer counts are insufficient for deletion",go test ./generated/graphql/graph/model,inventory complete; semantic disposition pending
generated/loomapi,github.com/calypr/loom/generated/loomapi,loomapi,generated,"Provide OpenAPI-generated HTTP request, response, and strict-server contracts.",api.gen.go,—,—,api.gen.go,4505,0,375,APIVersion; Action; ActionColumn; ActivateDatasetGeneration; ActivateDatasetGeneration200JSONResponse; ActivateDatasetGeneration400JSONResponse; ActivateDatasetGeneration401JSONResponse; ActivateDatasetGeneration403JSONResponse; ActivateDatasetGeneration409JSONResponse; ActivateDatasetGeneration500JSONResponse; ActivateDatasetGeneration503JSONResponse; ActivateDatasetGenerationParams; ActivateDatasetGenerationRequestObject; ActivateDatasetGenerationResponseObject; ApplyCommandsRequest; ApplyCommandsResponse; ApplyExplorerBuilderCommands; ApplyExplorerBuilderCommands200JSONResponse; ApplyExplorerBuilderCommands400JSONResponse; ApplyExplorerBuilderCommands401JSONResponse; ApplyExplorerBuilderCommands403JSONResponse; ApplyExplorerBuilderCommands409JSONResponse; ApplyExplorerBuilderCommands422JSONResponse; ApplyExplorerBuilderCommands500JSONResponse; ApplyExplorerBuilderCommands503JSONResponse; ApplyExplorerBuilderCommandsJSONRequestBody; ApplyExplorerBuilderCommandsRequestObject; ApplyExplorerBuilderCommandsResponseObject; AsLegacyErrorBody; AsLegacyErrorResponseError0; AuthoringBadRequest; AuthoringBadRequestJSONResponse; AuthoringCapability; AuthoringCapabilityKind; AuthoringCapabilityOperations; AuthoringClientClosedRequest; AuthoringClientClosedRequestJSONResponse; AuthoringCommand; AuthoringCommandInitialPresentation; AuthoringCommandType; AuthoringConflict; AuthoringConflictJSONResponse; AuthoringFeatures; AuthoringForbidden; AuthoringForbiddenJSONResponse; AuthoringGatewayTimeout; AuthoringGatewayTimeoutJSONResponse; AuthoringInternalError; AuthoringInternalErrorJSONResponse; AuthoringNotFound; AuthoringNotFoundJSONResponse; AuthoringPayloadTooLarge; AuthoringPayloadTooLargeJSONResponse; AuthoringTooManyRequests; AuthoringTooManyRequestsJSONResponse; AuthoringUnavailable; AuthoringUnavailableJSONResponse; AuthoringUnprocessable; AuthoringUnprocessableJSONResponse; BuilderState; BuilderStateKind; BuilderStateLifecycleState; CandidateSearchRequest; CandidateSearchResponse; CandidateSearchResponseKind; Catalog; CatalogCandidate; CatalogEdge; CatalogNode; ChartPresentation; Column; ColumnSource; ColumnSourceKind; ColumnSourceProjectionMode; CommandResult; CommandResultType; CompileResponse; CompileResponseKind; ContractColumn; CreateDatasetGeneration; CreateDatasetGeneration200JSONResponse; CreateDatasetGeneration400JSONResponse; CreateDatasetGeneration401JSONResponse; CreateDatasetGeneration403JSONResponse; CreateDatasetGeneration409JSONResponse; CreateDatasetGeneration415JSONResponse; CreateDatasetGeneration422JSONResponse; CreateDatasetGeneration500JSONResponse; CreateDatasetGeneration503JSONResponse; CreateDatasetGenerationMultipartBody; CreateDatasetGenerationMultipartRequestBody; CreateDatasetGenerationRequestObject; CreateDatasetGenerationResponseObject; CreateExplorer; CreateExplorer201JSONResponse; CreateExplorer400JSONResponse; CreateExplorer401JSONResponse; CreateExplorer403JSONResponse; CreateExplorer409JSONResponse; CreateExplorer422JSONResponse; CreateExplorer500JSONResponse; CreateExplorerJSONRequestBody; CreateExplorerRequestObject; CreateExplorerResponseObject; Diagnostic; Document; DocumentKind; ErrorBody; ErrorResponse; ExecuteDataframeGraphQL; ExecuteDataframeGraphQL200JSONResponse; ExecuteDataframeGraphQL400JSONResponse; ExecuteDataframeGraphQL401JSONResponse; ExecuteDataframeGraphQL422JSONResponse; ExecuteDataframeGraphQL500JSONResponse; ExecuteDataframeGraphQLJSONRequestBody; ExecuteDataframeGraphQLRequestObject; ExecuteDataframeGraphQLResponseObject; ExecuteGraphQL; ExecuteGraphQL200JSONResponse; ExecuteGraphQL400JSONResponse; ExecuteGraphQL401JSONResponse; ExecuteGraphQL422JSONResponse; ExecuteGraphQL500JSONResponse; ExecuteGraphQLJSONRequestBody; ExecuteGraphQLRequestObject; ExecuteGraphQLResponseObject; ExplorerId; ExplorerMetadata; FiberServerOptions; FileActions; FilterPresentation; FixedFilter; FromLegacyErrorBody; FromLegacyErrorResponseError0; Generation; Get; GetApolloSandbox; GetApolloSandbox200TexthtmlResponse; GetApolloSandbox401JSONResponse; GetApolloSandbox404JSONResponse; GetApolloSandboxRequestObject; GetApolloSandboxResponseObject; GetExplorer; GetExplorer200JSONResponse; GetExplorer401JSONResponse; GetExplorer403JSONResponse; GetExplorer404JSONResponse; GetExplorer500JSONResponse; GetExplorerAuthoringCapability; GetExplorerAuthoringCapability200JSONResponse; GetExplorerAuthoringCapability401JSONResponse; GetExplorerAuthoringCapability403JSONResponse; GetExplorerAuthoringCapability500JSONResponse; GetExplorerAuthoringCapabilityRequestObject; GetExplorerAuthoringCapabilityResponseObject; GetExplorerBuilder; GetExplorerBuilder200JSONResponse; GetExplorerBuilder401JSONResponse; GetExplorerBuilder403JSONResponse; GetExplorerBuilder404JSONResponse; GetExplorerBuilder409JSONResponse; GetExplorerBuilder500JSONResponse; GetExplorerBuilder503JSONResponse; GetExplorerBuilderRequestObject; GetExplorerBuilderResponseObject; GetExplorerRequestObject; GetExplorerResponseObject; GetGraphQLPlayground; GetGraphQLPlayground200TexthtmlResponse; GetGraphQLPlayground401JSONResponse; GetGraphQLPlayground404JSONResponse; GetGraphQLPlaygroundRequestObject; GetGraphQLPlaygroundResponseObject; GetHealth; GetHealth200JSONResponse; GetHealth503JSONResponse; GetHealthRequestObject; GetHealthResponseObject; GetLiveness; GetLiveness200JSONResponse; GetLivenessRequestObject; GetLivenessResponseObject; GetReadiness; GetReadiness200JSONResponse; GetReadiness503JSONResponse; GetReadinessRequestObject; GetReadinessResponseObject; GetRecipeExecution; GetRecipeExecution200JSONResponse; GetRecipeExecution401JSONResponse; GetRecipeExecution403JSONResponse; GetRecipeExecution404JSONResponse; GetRecipeExecutionRequestObject; GetRecipeExecutionResponseObject; GetSpec; GetSpecJSON; GetSwagger; GraphQLBadRequest; GraphQLBadRequestJSONResponse; GraphQLInternalError; GraphQLInternalErrorJSONResponse; GraphQLUnprocessable; GraphQLUnprocessableJSONResponse; HTMLTexthtmlResponse; HandlerMiddlewareFunc; LegacyBadRequest; LegacyBadRequestJSONResponse; LegacyConflict; LegacyConflictJSONResponse; LegacyErrorBody; LegacyErrorResponse; LegacyErrorResponseError0; LegacyErrorResponse_Error; LegacyForbidden; LegacyForbiddenJSONResponse; LegacyInternalError; LegacyInternalErrorJSONResponse; LegacyNotFound; LegacyNotFoundJSONResponse; LegacyUnavailable; LegacyUnavailableJSONResponse; LegacyUnprocessable; LegacyUnprocessableJSONResponse; ListExplorers; ListExplorers200JSONResponse; ListExplorers401JSONResponse; ListExplorers403JSONResponse; ListExplorers500JSONResponse; ListExplorersRequestObject; ListExplorersResponseObject; MarshalJSON; MergeLegacyErrorBody; MergeLegacyErrorResponseError0; MiddlewareFunc; NewStrictHandler; Output; PathToRawSpec; PreviewExplorer; PreviewExplorer200JSONResponse; PreviewExplorer400JSONResponse; PreviewExplorer401JSONResponse; PreviewExplorer403JSONResponse; PreviewExplorer404JSONResponse; PreviewExplorer409JSONResponse; PreviewExplorer413JSONResponse; PreviewExplorer422JSONResponse; PreviewExplorer429JSONResponse; PreviewExplorer499JSONResponse; PreviewExplorer500JSONResponse; PreviewExplorer503JSONResponse; PreviewExplorer504JSONResponse; PreviewExplorerJSONRequestBody; PreviewExplorerRequestObject; PreviewExplorerResponseObject; PreviewRequest; PreviewResponse; PreviewResponseKind; Project; ProjectionMode; PublicationOutput; PublishExplorer; PublishExplorer200JSONResponse; PublishExplorer400JSONResponse; PublishExplorer401JSONResponse; PublishExplorer403JSONResponse; PublishExplorer404JSONResponse; PublishExplorer409JSONResponse; PublishExplorer422JSONResponse; PublishExplorer500JSONResponse; PublishExplorer503JSONResponse; PublishExplorerJSONRequestBody; PublishExplorerRequestObject; PublishExplorerResponseObject; PublishRepositoryExplorerConfig; PublishRepositoryExplorerConfig200JSONResponse; PublishRepositoryExplorerConfig400JSONResponse; PublishRepositoryExplorerConfig401JSONResponse; PublishRepositoryExplorerConfig403JSONResponse; PublishRepositoryExplorerConfig409JSONResponse; PublishRepositoryExplorerConfig422JSONResponse; PublishRepositoryExplorerConfig500JSONResponse; PublishRepositoryExplorerConfig503JSONResponse; PublishRepositoryExplorerConfigJSONRequestBody; PublishRepositoryExplorerConfigParams; PublishRepositoryExplorerConfigRequestObject; PublishRepositoryExplorerConfigResponseObject; PublishRequest; PublishResponse; PublishResponseKind; RawJSON; ReceiptOutput; ReconcileExplorerBuilder; ReconcileExplorerBuilder200JSONResponse; ReconcileExplorerBuilder400JSONResponse; ReconcileExplorerBuilder401JSONResponse; ReconcileExplorerBuilder403JSONResponse; ReconcileExplorerBuilder404JSONResponse; ReconcileExplorerBuilder409JSONResponse; ReconcileExplorerBuilder422JSONResponse; ReconcileExplorerBuilder500JSONResponse; ReconcileExplorerBuilder503JSONResponse; ReconcileExplorerBuilderJSONRequestBody; ReconcileExplorerBuilderRequestObject; ReconcileExplorerBuilderResponseObject; ReconcileRequest; RegisterHandlers; RegisterHandlersWithOptions; RouteNode; RoutePolicy; SearchExplorerCandidates; SearchExplorerCandidates200JSONResponse; SearchExplorerCandidates400JSONResponse; SearchExplorerCandidates401JSONResponse; SearchExplorerCandidates403JSONResponse; SearchExplorerCandidates409JSONResponse; SearchExplorerCandidates500JSONResponse; SearchExplorerCandidates503JSONResponse; SearchExplorerCandidatesJSONRequestBody; SearchExplorerCandidatesRequestObject; SearchExplorerCandidatesResponseObject; ServerInterface; ServerInterfaceWrapper; ServiceBadRequest; ServiceBadRequestJSONResponse; ServiceConflict; ServiceConflictJSONResponse; ServiceErrorBody; ServiceErrorResponse; ServiceForbidden; ServiceForbiddenJSONResponse; ServiceInternalError; ServiceInternalErrorJSONResponse; ServiceNotFound; ServiceNotFoundJSONResponse; ServiceUnauthorized; ServiceUnauthorizedJSONResponse; ServiceUnavailable; ServiceUnavailableJSONResponse; ServiceUnprocessable; ServiceUnprocessableJSONResponse; ServiceUnsupportedMediaType; ServiceUnsupportedMediaTypeJSONResponse; Set; SharedFilterBinding; StrictHandlerFunc; StrictMiddlewareFunc; StrictServerInterface; Tab; TablePresentation; TablePresentationCellRenderer; UnmarshalJSON; Valid; VisitActivateDatasetGenerationResponse; VisitApplyExplorerBuilderCommandsResponse; VisitCreateDatasetGenerationResponse; VisitCreateExplorerResponse; VisitExecuteDataframeGraphQLResponse; VisitExecuteGraphQLResponse; VisitGetApolloSandboxResponse; VisitGetExplorerAuthoringCapabilityResponse; VisitGetExplorerBuilderResponse; VisitGetExplorerResponse; VisitGetGraphQLPlaygroundResponse; VisitGetHealthResponse; VisitGetLivenessResponse; VisitGetReadinessResponse; VisitGetRecipeExecutionResponse; VisitListExplorersResponse; VisitPreviewExplorerResponse; VisitPublishExplorerResponse; VisitPublishRepositoryExplorerConfigResponse; VisitReconcileExplorerBuilderResponse; VisitSearchExplorerCandidatesResponse; Workspace,internal/explorer/authoringv2,—,internal/server,—,github.com/getkin/kin-openapi/openapi3; github.com/gofiber/fiber/v3; github.com/oapi-codegen/runtime; github.com/oapi-codegen/runtime/types,23 exported interface(s),legacy=10; deprecated=1; compatibility=1,"generated boundary; change its source/generator, not emitted code; runtime/build signals present; static importer counts are insufficient for deletion",go test ./generated/loomapi,inventory complete; semantic disposition pending
internal/acceptance,github.com/calypr/loom/internal/acceptance,acceptance,domain/library,"Fetch and cache the locked FHIR fixture, drive the real-data acceptance scenario, and verify its outputs and performance evidence.",fixture.go; performance.go; runner.go; scenario.go,fixture_test.go; performance_test.go; scenario_test.go,—,—,1972,655,41,Acquire; Close; ComparePerformance; ComparePerformanceReportFiles; ComparePerformanceRuns; ComputedDigest; Config; Connections; DefaultLimits; Fetcher; FixtureDigest; FixtureLock; Lease; Limits; LoadLock; Namespace; New; Oracle; PerformanceComparisonReport; PerformanceFailure; PerformanceObservation; PerformanceStageSeconds; PerformanceSuspicion; RefreshLock; Report; ResourceLock; Run; RunID; RunScenario; RunSpec; Runner; ScenarioConfig; ScenarioResult; SelectionRule; StageReport; StaticTarget; Target; Validate; ValidatedFixture; WriteLock; WritePerformanceComparison,internal/dataframe/publication; internal/dataframe/publication/arango; internal/store/arango; internal/store/clickhouse,internal/dataframe/publication; internal/explorer/authoringv2,cmd/loom-acceptance,—,—,2 exported interface(s),compatibility=1,one production importer (cmd/loom-acceptance); inspect ownership/inline potential; runtime/build signals present; static importer counts are insufficient for deletion,go test ./internal/acceptance,inventory complete; semantic disposition pending
internal/api/bulk/load,github.com/calypr/loom/internal/api/bulk/load,load,transport adapter,Adapt multipart HTTP generation uploads and activation requests to ingest and dataset services.,errors.go; generation_staging.go; handler.go; operations.go; service.go,errors_test.go; operations_test.go; service_test.go,—,—,399,350,15,ActivateDatasetGeneration; Config; CreateDatasetGeneration; DataframeReleaseStore; GenerationActivator; GenerationLoadRequest; GenerationLoadResult; GenerationLoader; Handler; IngestRunner; NewHandler; NewService; RunGeneration; Service; ServiceConfig,internal/authscope; internal/dataframe/errors; internal/dataframe/publication; internal/dataset; internal/ingest,internal/authscope; internal/dataframe/errors; internal/dataframe/publication; internal/dataset; internal/ingest,internal/server,—,github.com/gofiber/fiber/v3,2 exported interface(s),—,one production importer (internal/server); inspect ownership/inline potential; runtime/build signals present; static importer counts are insufficient for deletion,go test ./internal/api/bulk/load,completed/keep
internal/api/graphql/graph,github.com/calypr/loom/internal/api/graphql/graph,graphqlapi,transport adapter,"Own GraphQL HTTP handler construction, error presentation, and generated executor binding.",doc.go; errors.go; handler.go,aggregate_http_integration_test.go; errors_test.go; handler_test.go; http_integration_test.go,—,—,288,831,8,Flush; Header; NewApolloSandboxHandler; NewHandler; NewPlaygroundHandler; RouteConfig; Write; WriteHeader,generated/graphql/graph/executor; internal/api/graphql/graph/resolver; internal/api/http; internal/dataframe/errors,internal/api/graphql/graph; internal/api/graphql/graph/query; internal/api/graphql/graph/resolver; internal/api/http; internal/authscope; internal/catalog; internal/dataframe/errors; internal/dataframe/execution; internal/dataframe/publication; internal/dataframe/published; internal/dataset,internal/server,internal/api/graphql/graph,github.com/99designs/gqlgen/graphql; github.com/99designs/gqlgen/graphql/handler; github.com/99designs/gqlgen/graphql/playground; github.com/gofiber/fiber/v3/middleware/adaptor; github.com/vektah/gqlparser/v2/gqlerror,—,—,one production importer (internal/server); inspect ownership/inline potential,go test ./internal/api/graphql/graph,completed/keep
internal/api/graphql/graph/dataframe,github.com/calypr/loom/internal/api/graphql/graph/dataframe,dataframe,transport adapter,"Adapt published ClickHouse dataframe discovery, row, aggregate, and export operations to GraphQL.",aggregates.go; export.go; model.go; rows.go; service.go,aggregates_test.go; export_test.go; filter_test.go; model_test.go; service_test.go,—,—,1084,316,17,AggregateInput; AggregateRowsResult; AggregationsInput; AggregationsJSON; ColumnFromPhysical; ColumnModel; Config; Dataset; ExportDataframe; Model; NewService; PersistedFailure; ProjectDatasets; Rows; Service; WithOperationContext; Write,generated/graphql/graph/model; internal/api/http; internal/authscope; internal/dataframe/errors; internal/dataframe/publication; internal/dataframe/published,generated/graphql/graph/model; internal/authscope; internal/dataframe/errors; internal/dataframe/published,internal/api/graphql/graph/resolver,—,—,—,legacy=8,one production importer (internal/api/graphql/graph/resolver); inspect ownership/inline potential,go test ./internal/api/graphql/graph/dataframe,inventory complete; semantic disposition pending
internal/api/graphql/graph/query,github.com/calypr/loom/internal/api/graphql/graph/query,queryapi,transport adapter,Resolve and authorize Arango-backed FHIR dataframe and graph query requests for GraphQL.,active_generation.go; doc.go; errors.go; fhir_service.go; fieldrefs.go; graph_service.go; helpers.go; input_resolution.go; introspection.go; recipe_discovery.go; recipe_mapping.go; recipe_resolve.go; service.go; types.go,active_generation_test.go; auth_scope_test.go; errors_test.go; fhir_service_test.go; fieldrefs_test.go; graph_service_test.go; introspection_test.go; recipe_mapping_test.go,—,—,1917,741,29,Config; ExplainFHIRGraph; FHIRGraphExplanation; FHIRGraphNode; FHIRGraphPageInfo; FHIRGraphPath; FHIRGraphQuery; FHIRGraphRelationship; FHIRGraphResult; FHIRGraphTraversal; FHIRListRequest; FHIRListResult; FHIRReadContext; FieldHint; FieldPredicate; FieldSelector; Fields; Introspect; IntrospectionRequest; IntrospectionResponse; ListFHIR; ListFHIRInContext; NewService; RecipeBundleFromInput; RelatedResourceHints; ResourceHints; Run; RunFHIRGraph; Service,generated/graphql/graph/model; internal/authscope; internal/catalog; internal/dataframe/compiler; internal/dataframe/compiler/ir; internal/dataframe/errors; internal/dataframe/execution; internal/dataframe/recipe; internal/dataframe/recipe/schema; internal/dataframe/semantic; internal/dataframe/spec; internal/dataset; internal/fhir/schema,generated/graphql/graph/model; internal/authscope; internal/catalog; internal/dataframe/errors; internal/dataframe/execution; internal/dataframe/recipe; internal/dataframe/semantic; internal/dataset,cmd/dataframe-profile; internal/api/graphql/graph/resolver; internal/server,internal/api/graphql/graph,—,—,—,broad surface (14 production files); inspect cohesion,go test ./internal/api/graphql/graph/query,inventory complete; semantic disposition pending
internal/api/graphql/graph/resolver,github.com/calypr/loom/internal/api/graphql/graph/resolver,resolver,transport adapter,Implement gqlgen field resolvers and map GraphQL values to query and lifecycle services.,dataframe_diagnostics.go; fhir_reference_loader.go; fhir_resolver_helpers.go; fhir_schema.resolvers.go; graph_resolvers.go; graphql_output_helpers.go; operation_context.go; recipe_control_graphql.go; recipe_execution_reader.go; recipe_revision_model.go; resolver.go; schema.resolvers.go,fhir_reference_loader_test.go; output_mapping_test.go; recipe_control_test.go,—,fhir_schema.resolvers.go; schema.resolvers.go,5380,293,362,AbatementDateTime; AbatementString; Active; Actual; ActualComparisonGroup; ActualNumber; Address; Age; AgeString; Alias; AllDay; AllowedBoolean; AmountString; Annotation; AsNeeded; AssignedComparisonGroup; Attachment; AuthorString; AuthoredOn; Availability; AvailabilityAvailableTime; AvailabilityNotAvailableTime; AvailableEndTime; AvailableStartTime; BirthDate; BodyStructure; BodyStructureIncludedStructure; BodyStructureIncludedStructureBodyLandmarkOrientation; BodyStructureIncludedStructureBodyLandmarkOrientationDistanceFromLandmark; BornDate; BornString; Citation; City; Code; CodeMap; CodeableConcept; CodeableReference; Coding; CollectedDateTime; Combined; Comment; Comparator; Conclusion; Condition; ConditionParticipant; ConditionStage; ContactDetail; ContactPoint; ContentType; ContributedToDeath; Count; CountMax; Country; Creation; Currency; Data; DataRequirement; DataRequirementCodeFilter; DataRequirementDateFilter; DataRequirementSort; DataRequirementValueFilter; DataframeAggregate; DataframeAggregations; DataframeDataset; DataframeRecipeExecution; DataframeRecipeRevision; DataframeRecipeRevisions; DataframeRows; Date; DateAsserted; DayOfWeek; DaysOfWeek; DeceasedBoolean; DeceasedDate; DeceasedDateTime; DeceasedString; Description; DescriptionSummary; DiagnosticReport; DiagnosticReportMedia; DiagnosticReportSupportingInfo; Dimensions; Direction; Display; Distance; District; Div; DoNotPerform; DocStatus; DocumentReference; DocumentReferenceAttester; DocumentReferenceContent; DocumentReferenceContentProfile; DocumentReferenceRelatesTo; Documentation; Dosage; DosageDoseAndRate; Duration; DurationMax; DurationUnit; EffectiveDateTime; EffectiveInstant; End; EndDate; EstimatedAge; Event; Exclude; ExpirationDate; Expiry; ExplainDataframeRecipe; ExplainFhirGraph; Expression; ExtendedContactDetail; Extension; FHIRPrimitiveExtension; Factor; Family; FamilyMemberHistory; FamilyMemberHistoryCondition; FamilyMemberHistoryParticipant; FamilyMemberHistoryProcedure; FhirComments; FhirGraph; Frames; Frequency; FrequencyMax; Gender; Given; Group; GroupCharacteristic; GroupMember; Hash; Height; HumanName; Identifier; ImagingStudy; ImagingStudySeries; ImagingStudySeriesInstance; ImagingStudySeriesPerformer; ImplicitRules; Inactive; Instance; InstantiatesCanonical; InstantiatesURI; Intent; Interval; IntervalUnit; IsActive; IsDefining; IsSubPotent; Issued; Label; Language; LastModified; LastUpdated; Limit; Line; LinkID; LotNumber; LowerLimit; Max; Medication; MedicationAdministration; MedicationAdministrationDosage; MedicationAdministrationPerformer; MedicationBatch; MedicationIngredient; MedicationRequest; MedicationRequestDispenseRequest; MedicationRequestDispenseRequestInitialFill; MedicationRequestSubstitution; MedicationStatement; MedicationStatementAdherence; Membership; Meta; Min; MolecularFormula; MolecularFormulaByMoiety; Money; MultipleBirthBoolean; MultipleBirthInteger; MustSupport; Mutation; Name; Narrative; NewAuthorizedRecipeExecutionReader; NewResolver; Number; NumberOfInstances; NumberOfRepeatsAllowed; NumberOfSeries; Observation; ObservationComponent; ObservationReferenceRange; ObservationTriggeredBy; OccurenceDateTime; OccurrenceDateTime; OccurrenceString; Offset; Offsets; OnsetDateTime; OnsetString; Organization; OrganizationQualification; Pages; ParameterDefinition; Path; Patient; PatientCommunication; PatientContact; PatientInstruction; PatientLink; PerformedDateTime; PerformedString; Period; PeriodMax; PeriodUnit; PostalCode; Practitioner; PractitionerCommunication; PractitionerQualification; PractitionerRole; Preferred; Prefix; PreflightDataframeRecipe; PreviewDataframeRecipe; Priority; Procedure; ProcedureFocalDevice; ProcedurePerformer; Profile; ProjectDataframeDatasets; PublicationDate; PublicationStatus; Quantity; Query; Range; Rank; Ratio; RatioRange; Reason; ReceivedTime; RecipeAuthorizer; RecipeControl; RecipeExecution; RecipeExecutionOutput; RecipeExecutionReader; RecipeExecutionStore; Recorded; RecordedDate; Reference; RegisterDataframeRecipeRevision; RelatedArtifact; RenderedDosageInstruction; Repetitions; Reported; ReportedBoolean; Representation; ResearchStudy; ResearchStudyAssociatedParty; ResearchStudyComparisonGroup; ResearchStudyLabel; ResearchStudyObjective; ResearchStudyOutcomeMeasure; ResearchStudyProgressStatus; ResearchStudyRecruitment; ResearchSubject; ResearchSubjectProgress; Resolver; ResolverConfig; Resource; RunDataframeRecipe; RunFhirDataframe; SampledData; SearchParam; Sequence; SigFormat; Signature; Size; Source; Specimen; SpecimenCollection; SpecimenContainer; SpecimenFeature; SpecimenProcessing; Start; StartDate; Started; State; Status; StatusChanged; StatusDate; SubscriptionTopic; Substance; SubstanceDefinition; SubstanceDefinitionCharacterization; SubstanceDefinitionCode; SubstanceDefinitionMoiety; SubstanceDefinitionMolecularWeight; SubstanceDefinitionName; SubstanceDefinitionNameOfficial; SubstanceDefinitionProperty; SubstanceDefinitionRelationship; SubstanceDefinitionSourceMaterial; SubstanceDefinitionStructure; SubstanceDefinitionStructureRepresentation; SubstanceIngredient; Suffix; System; TargetFormat; TargetNumber; Task; TaskInput; TaskOutput; TaskPerformer; TaskRestriction; Text; Time; TimeDateTime; TimeOfDay; Timing; TimingDate; TimingDateTime; TimingRepeat; Title; TriggerDefinition; Type; UID; URL; Unit; UpperLimit; UsageContext; Use; UserSelected; ValidateDataframeRecipe; Value; ValueBase64Binary; ValueBoolean; ValueCanonical; ValueCode; ValueDate; ValueDateTime; ValueDecimal; ValueID; ValueInstant; ValueInteger; ValueInteger64; ValueMarkdown; ValueOid; ValuePositiveInt; ValueSet; ValueString; ValueTime; ValueURI; ValueURL; ValueUUID; ValueUnsignedInt; Version; VersionID; When; Width; WithOperationContext,generated/fhir; generated/graphql/graph/executor; generated/graphql/graph/model; internal/api/graphql/graph/dataframe; internal/api/graphql/graph/query; internal/authscope; internal/dataframe/compiler/ir; internal/dataframe/errors; internal/dataframe/execution; internal/dataframe/publication; internal/dataframe/published; internal/dataframe/recipe; internal/dataframe/recipe/exec; internal/dataframe/semantic; internal/dataset; internal/fhir/schema,generated/fhir; generated/graphql/graph/model; internal/api/graphql/graph/query; internal/authscope; internal/dataframe/errors; internal/dataframe/execution; internal/dataframe/publication; internal/dataframe/recipe; internal/dataframe/semantic; internal/dataframe/spec,internal/api/graphql/graph; internal/server,—,github.com/99designs/gqlgen/graphql; github.com/vektah/gqlparser/v2/ast,3 exported interface(s),—,broad surface (12 production files); inspect cohesion; mixed handwritten/generated package (2 generated file(s)); preserve regeneration boundary; runtime/build signals present; static importer counts are insufficient for deletion,go test ./internal/api/graphql/graph/resolver,inventory complete; semantic disposition pending
internal/api/http,github.com/calypr/loom/internal/api/http,httpapi,transport adapter,"Own shared Fiber server setup, middleware, request IDs, errors, health, and readiness behavior.",doc.go; errors.go; middleware.go; request_id.go; routes.go; server.go,errors_test.go; http_test.go; request_id_test.go,—,—,540,261,15,App; ContextWithRequestID; ErrorResponse; HTTPConfig; HTTPErrorBody; HTTPServer; Health; Liveness; Logger; MapDataframeError; MappedError; NewHTTPServer; Readiness; RequestIDFromContext; StatusForErrorCode,internal/authscope; internal/dataframe/errors,internal/authscope; internal/dataframe/errors,internal/api/graphql/graph; internal/api/graphql/graph/dataframe; internal/server,—,github.com/gofiber/fiber/v3; github.com/google/uuid,—,—,no automatic consolidation signal; perform semantic review,go test ./internal/api/http,inventory complete; semantic disposition pending
internal/authscope,github.com/calypr/loom/internal/authscope,authscope,domain/library,"Represent request principals and resolve authorized project, generation, and resource scopes.",authentication.go; doc.go; fence_resource_access.go; principal.go; scope_resolver.go,authentication_test.go; scope_test.go,—,—,854,335,34,AllowAllAuthorizer; Authenticate; Authenticator; AuthorizeProject; AuthorizeReadProject; AuthorizeWrite; Authorizer; BasicAuthenticator; BearerTokenAuthenticator; CalyprAuthenticator; Clone; ContextWithPrincipal; FenceUserAccessClient; GetAllowedResources; InvalidateGeneration; InvalidateProject; NewFenceUserAccessClient; NewFenceUserAccessClientWithTTL; NewScopeResolver; NormalizeAuthResourcePath; Permission; Principal; PrincipalFromContext; ReadScope; ReadScopeMode; ResolveReadScope; ResolveReadScopeForGeneration; ResolveWriteScopeForGeneration; ResourceAccessClient; ScopeAuthorizer; ScopeResolver; ScopeResolverConfig; StaticAuthenticator; Unrestricted,internal/catalog; internal/projectid,internal/catalog,internal/api/bulk/load; internal/api/graphql/graph/dataframe; internal/api/graphql/graph/query; internal/api/graphql/graph/resolver; internal/api/http; internal/dataframe/compiler/capability; internal/dataframe/compiler/lower; internal/dataframe/recipe; internal/dataframe/semantic; internal/explorer/lifecycle; internal/server,internal/api/graphql/graph; internal/dataframe/execution,—,3 exported interface(s),legacy=3,runtime/build signals present; static importer counts are insufficient for deletion,go test ./internal/authscope,inventory complete; semantic disposition pending
internal/catalog,github.com/calypr/loom/internal/catalog,catalog,domain/library,"Own persistence-neutral observed FHIR field, pivot, relationship, and capability facts.",auth_scope.go; cache.go; capability_evidence.go; generation.go; helpers.go; limits.go; rebuild.go; relationships.go; types.go; write_profiler.go,auth_scope_test.go; cache_test.go; capability_evidence_test.go; generation_test.go; relationships_test.go; write_profiler_test.go,—,—,1821,749,55,AuthResourcePathOptions; Cache; CapabilityEvidence; CapabilityEvidenceOptions; CapabilityEvidenceReader; DefaultProfileLimits; DiscoverFields; DiscoverReferences; Documents; EffectiveAuthResourcePathsUnrestricted; EvidenceDiagnostic; EvidenceStatus; ExplicitAuthResourcePathsUnrestricted; ExtensionValueObservation; FieldCatalogDocument; FieldEnrichmentDigest; FieldEnrichmentObservation; FieldEnrichmentOptions; FieldEnrichmentResult; HasDatasetGeneration; InvalidRelationship; InvalidateAll; InvalidateProject; Merge; MergeRelationshipCounts; NewCache; NewProfilerForGenerationWithLimits; NewShapePlanCacheWithLimit; NormalizeDatasetGeneration; NormalizeProfileLimits; ObservePayload; PopulatedField; PopulatedFieldOptions; PopulatedReference; PopulatedReferenceOptions; ProfileLimits; Profiler; ReadCapabilityEvidence; RelationshipAuditOptions; RelationshipAuditSummary; RelationshipCatalogDocument; RelationshipCatalogDocuments; RelationshipCountsFromRawEdges; RelationshipKey; RelationshipObservation; RelationshipObservationDigest; RelationshipObservationOptions; RelationshipObservationResult; RelationshipRebuildOptions; RelationshipRebuildSummary; ResourceInventoryDigest; ResourceInventoryObservation; ResourceInventoryOptions; ResourceInventoryResult; ShapePlanCache,internal/fhir/schema,internal/fhir/schema,cmd/arango-fhir-proto; internal/api/graphql/graph/query; internal/authscope; internal/catalog/arango; internal/ingest; internal/server,internal/api/graphql/graph,github.com/bytedance/sonic,1 exported interface(s),legacy=11; migration=1; compatibility=1,runtime/build signals present; static importer counts are insufficient for deletion,go test ./internal/catalog,inventory complete; semantic disposition pending
internal/catalog/arango,github.com/calypr/loom/internal/catalog/arango,arango,storage adapter,Persist and retrieve catalog facts in ArangoDB.,codec.go; evidence.go; fields.go; relationships.go; resources.go; store.go,store_test.go,—,—,917,269,16,AccumulateRelationshipCatalog; AuditRelationshipEdges; DiscoverExistingAuthResourcePaths; DiscoverFieldEnrichment; DiscoverFields; DiscoverReferences; DiscoverRelationshipObservations; DiscoverResourceInventory; New; ReadFieldEnrichment; ReadRelationshipObservations; ReadResourceInventory; RebuildRelationshipCatalog; Store; WriteFieldCatalog; WriteRelationshipCatalog,internal/catalog; internal/fhir/schema; internal/store/arango,internal/catalog; internal/store/arango,cmd/arango-fhir-proto; internal/ingest; internal/server,—,github.com/bytedance/sonic,—,compatibility=1,storage adapter; preserve interface and persisted-data contracts,go test ./internal/catalog/arango,inventory complete; semantic disposition pending
internal/dataframe/compiler,github.com/calypr/loom/internal/dataframe/compiler,compiler,domain/library,"Orchestrate semantic planning, physical lowering, optimization, rendering, and compiled-query assembly.",api.go; clone_helpers.go; compiled_query.go; graph_execution.go; ir_helpers.go; optimizer.go; output.go; recipe_execution.go,filter_semantics_test.go; filter_test.go; generic_physical_plan_test.go; grain_test.go; physical_diagnostics_test.go; physical_lowering_test.go; physical_optimize_test.go; physical_plan_test.go; physical_render_test.go; physical_required_match_test.go; physical_scope_test.go; plan_test_helpers_test.go; selection_semantics_test.go; semantic_validation_test.go,—,—,355,2447,5,CompileRecipeOutputWithPolicy; CompileResolvedGraphQueryWithPolicy; CompileResolvedRecipePlanWithPolicy; CompiledQuery; PublicOutputColumns,internal/dataframe/compiler/ir; internal/dataframe/compiler/lower; internal/dataframe/compiler/optimize; internal/dataframe/compiler/render/aql; internal/dataframe/recipe; internal/dataframe/semantic; internal/dataframe/spec,internal/dataframe/compiler/ir; internal/dataframe/compiler/lower; internal/dataframe/compiler/optimize; internal/dataframe/compiler/render/aql; internal/dataframe/expression; internal/dataframe/semantic; internal/dataframe/spec,cmd/dataframe-profile; internal/api/graphql/graph/query; internal/dataframe/execution,conformance/compiler,—,—,legacy=1,no automatic consolidation signal; perform semantic review,go test ./internal/dataframe/compiler,inventory complete; semantic disposition pending
internal/dataframe/compiler/capability,github.com/calypr/loom/internal/dataframe/compiler/capability,capability,domain/library,Probe which dataframe language capabilities the compiler can prove and support.,probe.go,probe_test.go,—,—,622,138,16,CandidateCapability; CandidateRequest; Chart; Filter; Options; ProbeCandidate; ProbeRoot; ProbeTraversal; Rendered; Result; RootCapability; RootRequest; Scope; Traversal; TraversalCapability; TraversalRequest,internal/authscope; internal/dataframe/compiler/ir; internal/dataframe/compiler/lower; internal/dataframe/compiler/optimize; internal/dataframe/compiler/render/aql; internal/dataframe/expression; internal/dataframe/recipe; internal/dataframe/semantic; internal/dataframe/spec; internal/fhir/schema,internal/authscope; internal/dataframe/recipe; internal/dataframe/spec,internal/server,—,—,—,—,one production importer (internal/server); inspect ownership/inline potential,go test ./internal/dataframe/compiler/capability,inventory complete; semantic disposition pending
internal/dataframe/compiler/ir,github.com/calypr/loom/internal/dataframe/compiler/ir,ir,domain/library,"Define typed physical operations, values, scope proofs, policies, and validation.",clone.go; dataset_generation.go; diagnostics.go; doc.go; navigation.go; physical_operations.go; physical_types.go; physical_validation.go; physical_validation_expr.go; physical_validation_refs.go; physical_validation_shapes.go; physical_values.go; policy.go; prefix.go; scope.go; selector_helpers.go,unnest_test.go,—,—,3739,105,92,AddDecision; CanonicalExecutionPhysicalPlan; ClonePhysicalExpression; ClonePhysicalOperation; ClonePhysicalOperations; ClonePhysicalPlan; ClonePhysicalPredicateExpression; ClonePhysicalSubplan; CompilerPlanDiagnostics; DatasetGenerationBindValue; DecomposePhysicalTraversalPrefixAt; DefaultPhysicalOptimizationPolicy; Error; EstimatePreparedSelectorWork; EstimateTraversalSharingWork; NewPhysicalOptimizationReport; NormalizeDatasetGeneration; PhysicalAggregate; PhysicalAggregateOperation; PhysicalCall; PhysicalCardinality; PhysicalDerivedLet; PhysicalExpression; PhysicalExpressionKind; PhysicalExpressionLet; PhysicalExpressionProjection; PhysicalExtract; PhysicalFilter; PhysicalGraphReturn; PhysicalKeySet; PhysicalKeyedMap; PhysicalLimit; PhysicalLiteral; PhysicalMapReduction; PhysicalNullBehavior; PhysicalObject; PhysicalObjectKeys; PhysicalObjectLookup; PhysicalOperation; PhysicalOperationKind; PhysicalOptimizationDecision; PhysicalOptimizationPolicy; PhysicalOptimizationReport; PhysicalOptimizationRule; PhysicalOptimizationRuleState; PhysicalPathExtend; PhysicalPathNode; PhysicalPathRelationship; PhysicalPathSeed; PhysicalPivotMap; PhysicalPlan; PhysicalPlanDiagnostics; PhysicalPredicate; PhysicalPredicateExpression; PhysicalPredicateKind; PhysicalPreparedField; PhysicalPreparedReference; PhysicalPreparedSet; PhysicalProjection; PhysicalReturn; PhysicalRootScan; PhysicalScopeWindowEnd; PhysicalSelectorExecutionMode; PhysicalSet; PhysicalSetKind; PhysicalSetOutput; PhysicalSetOutputField; PhysicalSetProjection; PhysicalSetProjectionField; PhysicalSlice; PhysicalSort; PhysicalSource; PhysicalSubplan; PhysicalTraversal; PhysicalTraversalDecision; PhysicalTraversalDirection; PhysicalTraversalPrefix; PhysicalTraversalPrefixDecomposition; PhysicalTraversalPrefixError; PhysicalTraversalPrefixRejectionReason; PhysicalTraversalStrategy; PhysicalTraversalSubset; PhysicalUnnest; PhysicalUnnestJoinMode; PhysicalValue; RichConsumerGroup; RichSourceReuse; RuleEnabled; TotalConsumers; Validate; ValidateGenericPhysicalPlanScope; WithRule,internal/dataframe/spec; internal/fhir/schema,—,cmd/dataframe-profile; internal/api/graphql/graph/query; internal/api/graphql/graph/resolver; internal/dataframe/compiler; internal/dataframe/compiler/capability; internal/dataframe/compiler/lower; internal/dataframe/compiler/optimize; internal/dataframe/compiler/render/aql; internal/dataframe/execution; internal/server,conformance/compiler,—,—,legacy=6; compatibility=3,broad surface (16 production files); inspect cohesion,go test ./internal/dataframe/compiler/ir,inventory complete; semantic disposition pending
internal/dataframe/compiler/lower,github.com/calypr/loom/internal/dataframe/compiler/lower,lower,domain/library,Lower logical FHIR dataframe plans into storage-aware physical IR.,auth_scope.go; child_sets.go; doc.go; filter_literal.go; graph_plan.go; helpers.go; plan_orchestration.go; recipe_compile.go; recipe_dynamic_columns.go; recipe_expression.go; recipe_expression_lowering.go; recipe_schema.go; required_match.go; root_projection.go; storage_route.go; traversal.go,graph_plan_test.go; recipe_expression_test.go; recipe_output_test.go; recipe_semantic_path_test.go; traversal_test.go,—,—,2966,1177,12,BuildGenericPhysicalPlanWithPolicy; BuildGraphPhysicalPlan; BuildPhysicalTraversal; CompileResolvedGraphPlan; CompileResolvedRecipePlan; CompiledOutputColumn; CompiledRecipe; CompiledRecipeOutput; DynamicColumnMetadata; LowerRecipeExpression; TraversalLoweringRequest; TraversalLoweringResult,internal/authscope; internal/dataframe/compiler/ir; internal/dataframe/expression; internal/dataframe/recipe; internal/dataframe/semantic; internal/dataframe/spec; internal/fhir/schema,internal/authscope; internal/dataframe/compiler/ir; internal/dataframe/compiler/render/aql; internal/dataframe/expression; internal/dataframe/recipe; internal/dataframe/semantic; internal/dataframe/spec; internal/fhir/schema,internal/dataframe/compiler; internal/dataframe/compiler/capability; internal/dataframe/execution; internal/server,internal/dataframe/compiler/render/aql,—,—,legacy=3; compatibility=1,broad surface (16 production files); inspect cohesion,go test ./internal/dataframe/compiler/lower,inventory complete; semantic disposition pending
internal/dataframe/compiler/optimize,github.com/calypr/loom/internal/dataframe/compiler/optimize,optimize,domain/library,Apply explainable semantics-preserving rewrites to validated physical IR.,doc.go; optimize.go,optimize_test.go,—,—,410,122,1,OptimizePhysicalPlanWithPolicy,internal/dataframe/compiler/ir,internal/dataframe/compiler/ir,internal/dataframe/compiler; internal/dataframe/compiler/capability; internal/dataframe/execution,—,—,—,—,no automatic consolidation signal; perform semantic review,go test ./internal/dataframe/compiler/optimize,inventory complete; semantic disposition pending
internal/dataframe/compiler/render/aql,github.com/calypr/loom/internal/dataframe/compiler/render/aql,aql,domain/library,Render validated physical IR as deterministic parameterized AQL.,calls.go; collections.go; doc.go; graph_render.go; navigation_layout.go; navigation_render.go; predicates.go; render.go; selector.go; selectors.go; validation.go; values.go,call_test.go; graph_test.go; unnest_test.go,—,—,2541,321,2,RenderPhysicalPlan; RenderedPhysicalPlan,internal/dataframe/compiler/ir; internal/dataframe/spec,internal/dataframe/compiler/ir; internal/dataframe/compiler/lower; internal/dataframe/compiler/render/aql; internal/dataframe/semantic; internal/dataframe/spec,internal/dataframe/compiler; internal/dataframe/compiler/capability,internal/dataframe/compiler/lower; internal/dataframe/compiler/render/aql; internal/dataframe/execution,—,—,—,broad surface (12 production files); inspect cohesion,go test ./internal/dataframe/compiler/render/aql,inventory complete; semantic disposition pending
internal/dataframe/errors,github.com/calypr/loom/internal/dataframe/errors,dataframeerrors,domain/library,Define and normalize stable structured dataframe errors for transport presentation.,errors.go,errors_test.go,—,—,429,163,20,AsUserError; Code; Details; Error; ErrorCode; ErrorOption; FieldPath; IsRetryableCode; NewError; Normalize; PublicMessage; Retryable; SanitizePersistedFailure; Unwrap; UserError; WithCause; WithDetails; WithFieldPath; WithRetryable; Wrap,—,—,internal/api/bulk/load; internal/api/graphql/graph; internal/api/graphql/graph/dataframe; internal/api/graphql/graph/query; internal/api/graphql/graph/resolver; internal/api/http; internal/dataframe/execution; internal/dataframe/publication; internal/dataframe/publication/clickhouse; internal/dataframe/published; internal/server,—,—,1 exported interface(s),legacy=1,small shared semantic contract; compare direct callers before inlining; runtime/build signals present; static importer counts are insufficient for deletion,go test ./internal/dataframe/errors,inventory complete; semantic disposition pending
internal/dataframe/execution,github.com/calypr/loom/internal/dataframe/execution,execution,domain/library,"Prepare, authorize, execute, explain, and post-process compiled dataframe requests.",control.go; control_explain_types.go; control_types.go; engine.go; execution_service.go; explain.go; helpers.go; named_uuid.go; postquery.go; service.go; types.go,auth_scope_test.go; engine_test.go; execution_test.go; explain_test.go; helpers_test.go; identity_test.go; named_uuid_test.go; postquery_test.go,—,—,1706,771,54,AssessmentFromArango; CompileResolvedBundle; CompiledQuery; CompiledQueryFingerprint; CompilerPlanDiagnostics; Config; Control; DynamicColumnCheck; DynamicDriftError; Engine; Error; Explain; ExplainAssessment; ExplainCollectionScan; ExplainIndexLocation; ExplainIndexSummary; ExplainPhysical; ExplainPlanEstimate; ExplainWarning; Materialize; MaterializeBundle; MaterializeResolvedBundle; MaterializeVersion; New; NewService; OutputRows; OutputStream; PhysicalExplanation; PhysicalOutputExplanation; Preview; PreviewBundle; PreviewOutput; PreviewRequest; PreviewResolvedBundle; PreviewSummary; QueryDiagnostics; QueryRows; ResolutionError; Resolve; ResolveBundle; ResolveVersion; Resolved; Result; RowIdentity; Run; RunCompiled; Service; ServiceConfig; Stream; StreamResult; Streams; Unwrap; Validate; Validation,internal/dataframe/compiler; internal/dataframe/compiler/ir; internal/dataframe/compiler/lower; internal/dataframe/compiler/optimize; internal/dataframe/errors; internal/dataframe/recipe; internal/dataframe/recipe/exec; internal/dataframe/semantic; internal/dataframe/spec; internal/store/arango,internal/authscope; internal/dataframe/compiler; internal/dataframe/compiler/ir; internal/dataframe/compiler/lower; internal/dataframe/compiler/render/aql; internal/dataframe/errors; internal/dataframe/recipe; internal/dataframe/recipe/exec; internal/dataframe/semantic; internal/dataframe/spec,internal/api/graphql/graph/query; internal/api/graphql/graph/resolver; internal/explorer/lifecycle; internal/server,conformance/compiler; internal/api/graphql/graph,github.com/google/uuid,—,legacy=2; deprecated=1,no automatic consolidation signal; perform semantic review,go test ./internal/dataframe/execution,inventory complete; semantic disposition pending
internal/dataframe/expression,github.com/calypr/loom/internal/dataframe/expression,expression,domain/library,Define and validate the typed backend-neutral expression AST used by recipes.,expression_checking.go; expression_types.go; recipe_adapter.go,expression_test.go; recipe_adapter_test.go,—,—,850,234,26,AllowsMany; Call; Cardinality; Check; CheckedExpression; Constant; Document; DocumentRef; Expression; FromRecipe; FromRecipeInContexts; Function; Literal; NodeKind; NullBehavior; NullType; Optional; Select; SelectorRef; SelectorResolver; String; Type; TypeContext; Valid; Validate; ValueKind,internal/dataframe/recipe,internal/dataframe/recipe,internal/dataframe/compiler/capability; internal/dataframe/compiler/lower; internal/dataframe/semantic,internal/dataframe/compiler,—,—,compatibility=3,no automatic consolidation signal; perform semantic review,go test ./internal/dataframe/expression,inventory complete; semantic disposition pending
internal/dataframe/publication,github.com/calypr/loom/internal/dataframe/publication,publication,domain/library,"Own backend-neutral dataframe publication contracts, bundles, and publication orchestration.",bundle.go; flat_columns.go; runner.go; types.go,flat_columns_test.go; runner_test.go,—,—,776,311,34,BundleCatalog; BundleExecution; BundleIdentity; BundleOutputRecord; BundlePointer; BundleState; Canonical; CanonicalizeLegacy; ColumnProvenance; DataframeSelector; Error; ExactExecutionCatalog; FinalSchemaDigest; FlatColumnName; Key; Limits; LogicalColumn; OutputSchema; OutputStream; PhaseError; PhysicalColumn; PointerName; PublicationIdentity; Publish; PublishedOutput; QualifyFlatRow; Queryable; Result; Selector; Successful; Target; Transaction; Unwrap; WithPhase,internal/dataframe/errors; internal/dataset,internal/dataframe/errors,internal/acceptance; internal/api/bulk/load; internal/api/graphql/graph/dataframe; internal/api/graphql/graph/resolver; internal/dataframe/publication/arango; internal/dataframe/publication/clickhouse; internal/dataframe/published; internal/explorer; internal/explorer/lifecycle; internal/server,internal/api/graphql/graph,—,4 exported interface(s),legacy=1; compatibility=1,runtime/build signals present; static importer counts are insufficient for deletion,go test ./internal/dataframe/publication,inventory complete; semantic disposition pending
internal/dataframe/publication/arango,github.com/calypr/loom/internal/dataframe/publication/arango,arango,storage adapter,Persist dataframe publication registry and bundle metadata in ArangoDB.,bundle_registry.go; registry.go,bundle_registry_test.go,—,—,286,60,15,AcquireBundleLease; BootstrapSpec; Client; CompareAndSwapPointer; FindExecutionByKey; FindExecutionBySelector; GetExecution; GetPointer; ListExecutions; New; PublishExecution; Registry; ReleaseBundleLease; RenewBundleLease; SaveExecution,internal/dataframe/publication; internal/store/arango,internal/dataframe/publication; internal/store/arango,internal/acceptance; internal/explorer/arango; internal/server,—,—,—,—,storage adapter; preserve interface and persisted-data contracts,go test ./internal/dataframe/publication/arango,inventory complete; semantic disposition pending
internal/dataframe/publication/clickhouse,github.com/calypr/loom/internal/dataframe/publication/clickhouse,clickhouse,storage adapter,Materialize and inspect published dataframe bundles in ClickHouse.,bundle_store.go,clickhouse_bundle_test.go,—,—,828,548,16,Abort; Begin; BundleClickHouseStore; ClickHouseBundleStore; Commit; CreateOutput; ExistingPublishedOutputs; FinalizeSchema; Idempotent; InsertRows; NewBundleStore; Reconcile; SetFinalSchemaDigest; SetOutputMetadata; SupportsObjectValues; WriteBatch,internal/dataframe/errors; internal/dataframe/publication; internal/store/clickhouse,internal/dataframe/publication; internal/dataframe/published; internal/store/clickhouse,internal/server,—,github.com/google/uuid,1 exported interface(s),—,one production importer (internal/server); inspect ownership/inline potential; storage adapter; preserve interface and persisted-data contracts; runtime/build signals present; static importer counts are insufficient for deletion,go test ./internal/dataframe/publication/clickhouse,inventory complete; semantic disposition pending
internal/dataframe/published,github.com/calypr/loom/internal/dataframe/published,published,domain/library,"Read, page, aggregate, and export authorized published ClickHouse dataframes.",aggregate_execute.go; aggregate_plan.go; aggregate_sql.go; aggregate_types.go; current.go; errors.go; export.go; page.go; query_helpers.go; read.go; schema.go; types.go,aggregate_clickhouse_integration_test.go; aggregate_execute_test.go; aggregate_plan_test.go; current_test.go; errors_test.go; page_test.go; read_test.go,—,—,2102,555,30,AggregateBatchRequest; AggregateBatchResult; AggregateJob; AggregateJobResult; AggregateResponseMode; AggregateResult; AggregationResult; AggregationSpec; AggregationsRequest; AggregationsResult; ClickHouseQueryer; Column; CurrentProjectDataset; CurrentProjectDatasets; DataframeSelector; ExcludeSelfFilters; ExecuteAggregateBatch; ExportFormat; ExportRequest; Filter; Materialization; Normalize; NormalizeAggregationResults; Page; PageRequest; Reader; Sort; State; Stream; StreamRequest,internal/dataframe/errors; internal/dataframe/publication; internal/dataset,internal/dataframe/errors; internal/dataframe/publication; internal/dataset; internal/store/clickhouse,internal/api/graphql/graph/dataframe; internal/api/graphql/graph/resolver; internal/server,internal/api/graphql/graph; internal/dataframe/publication/clickhouse,—,1 exported interface(s),legacy=3; compatibility=2,broad surface (12 production files); inspect cohesion; runtime/build signals present; static importer counts are insufficient for deletion,go test ./internal/dataframe/published,inventory complete; semantic disposition pending
internal/dataframe/recipe,github.com/calypr/loom/internal/dataframe/recipe,recipe,domain/library,"Define, canonicalize, expand, encode, and validate persistence-neutral recipe documents.",canonical.go; document_types.go; document_validation.go; dynamic_validation.go; fragments.go; json_encoding.go; revisions.go; strict_json.go; validation_rich.go,documentation_test.go; fragments_test.go; types_test.go,—,—,2072,497,51,Aggregate; AggregateOperation; ArrayQuantifier; Bundle; CanonicalJSON; CatalogProjection; Clone; CodeValue; ColumnNaming; Digest; DocumentRef; DynamicColumn; Error; ExpandBundle; ExpandExpression; ExpandFragments; Expansion; Explain; Explanation; Expression; ExtensionColumn; ExtensionColumnMapping; Field; Filter; FilterOperator; FilterValue; FilterValueKind; Fragment; FragmentLibrary; Identity; MarshalJSON; Normalized; Output; OutputExplanation; Parse; Pivot; PivotDiscovery; RecipeRevision; RepresentativeSlice; RevisionStore; RootColumnNaming; RuntimeBindings; SortedNames; Traversal; TraversalColumnNaming; TraversalMatchMode; UnmarshalJSON; Valid; Validate; ValidationError; ValueMode,generated/fhir; internal/authscope,—,cmd/dataframe-profile; cmd/explorer-config-v2-convert; conformance/compiler; internal/api/graphql/graph/query; internal/api/graphql/graph/resolver; internal/dataframe/compiler; internal/dataframe/compiler/capability; internal/dataframe/compiler/lower; internal/dataframe/execution; internal/dataframe/expression; internal/dataframe/recipe/exec; internal/dataframe/recipe/exec/arango; internal/dataframe/recipe/schema; internal/dataframe/semantic; internal/explorer; internal/explorer/compilation; internal/explorer/lifecycle; internal/server,internal/explorer/arango,—,1 exported interface(s),legacy=3; compatibility=5,runtime/build signals present; static importer counts are insufficient for deletion,go test ./internal/dataframe/recipe,inventory complete; semantic disposition pending
internal/dataframe/recipe/exec,github.com/calypr/loom/internal/dataframe/recipe/exec,exec,domain/library,Define durable recipe-version storage contracts and immutable registration behavior.,persistent.go,persistent_test.go,—,—,99,102,5,Entry; PersistentRegistry; Reader; RegisterVersion; Store,internal/dataframe/recipe,internal/dataframe/recipe,internal/api/graphql/graph/resolver; internal/dataframe/execution; internal/dataframe/recipe/exec/arango; internal/server,—,—,2 exported interface(s),—,runtime/build signals present; static importer counts are insufficient for deletion,go test ./internal/dataframe/recipe/exec,inventory complete; semantic disposition pending
internal/dataframe/recipe/exec/arango,github.com/calypr/loom/internal/dataframe/recipe/exec/arango,arango,storage adapter,Persist recipe versions and execution-use records in ArangoDB.,registry.go; revisions.go,registry_test.go; revisions_test.go,—,—,291,350,15,BootstrapSpec; Client; Get; List; LoadRecipe; LoadRecipeVersion; New; NewRevisionRegistry; RecipeVersionUsed; Register; Registry; ReplaceRecipeVersion; RevisionBootstrapSpec; RevisionRegistry; SaveRecipe,internal/dataframe/recipe; internal/dataframe/recipe/exec; internal/store/arango,internal/dataframe/recipe; internal/dataframe/recipe/exec; internal/store/arango,internal/server,—,—,—,legacy=1,one production importer (internal/server); inspect ownership/inline potential; storage adapter; preserve interface and persisted-data contracts,go test ./internal/dataframe/recipe/exec/arango,inventory complete; semantic disposition pending
internal/dataframe/recipe/schema,github.com/calypr/loom/internal/dataframe/recipe/schema,schema,domain/library,Resolve catalog-backed recipe declarations into concrete validated schemas.,discovery.go; extension_columns.go; resolve.go,resolve_test.go,—,—,875,270,8,Discovery; ExtensionValueObservation; FieldCandidate; Fields; Resolve; Resolved; Scope; SourceSnapshot,internal/dataframe/recipe; internal/fhir/schema,internal/dataframe/recipe; internal/dataframe/semantic,internal/api/graphql/graph/query; internal/server,—,—,1 exported interface(s),legacy=2,runtime/build signals present; static importer counts are insufficient for deletion,go test ./internal/dataframe/recipe/schema,inventory complete; semantic disposition pending
internal/dataframe/semantic,github.com/calypr/loom/internal/dataframe/semantic,semantic,domain/library,Convert validated dataframe requests and recipes into backend-neutral logical FHIR plans.,doc.go; dynamic_schema.go; execution_context.go; recipe_filter.go; recipe_plan_build.go; recipe_plan_output.go; recipe_plan_types.go; recipe_projection.go; recipe_rich_shaping.go; recipe_traversal.go; resolved_plan.go; selection_semantics.go; selector_spec.go; semantic_nodes.go; semantic_validation.go,dynamic_schema_test.go; recipe_plan_test.go; recipe_rich_shaping_test.go; resolved_plan_test.go,—,—,2385,402,36,BuildRecipePlan; Candidate; Column; DynamicSpec; ExecutionContext; ExpansionExplanation; Explain; ExpressionExplanation; FallbackSelectors; Freeze; FrozenSchema; LowerRecipeFilters; LowerRecipeFiltersForAlias; NormalizeRecipeMatchMode; OutputPlan; OutputPlanExplanation; PrimarySelector; RecipePlan; RecipePlanExplanation; ResolveRecipePlan; ResolveSemanticField; ResolvedColumn; ResolvedRecipePlan; SelectionSemanticSpec; SemanticAggregate; SemanticDynamicMap; SemanticExpression; SemanticField; SemanticNode; SemanticPivot; SemanticSlice; SemanticUnnest; UnnestExplanation; UnnestJoinMode; Validate; ValidateSemanticGraph,internal/authscope; internal/dataframe/expression; internal/dataframe/recipe; internal/dataframe/spec; internal/fhir/schema,internal/dataframe/expression; internal/dataframe/recipe; internal/dataframe/spec,cmd/dataframe-profile; internal/api/graphql/graph/query; internal/api/graphql/graph/resolver; internal/dataframe/compiler; internal/dataframe/compiler/capability; internal/dataframe/compiler/lower; internal/dataframe/execution,conformance/compiler; internal/dataframe/compiler/render/aql; internal/dataframe/recipe/schema,—,—,legacy=2; compatibility=1,broad surface (15 production files); inspect cohesion,go test ./internal/dataframe/semantic,inventory complete; semantic disposition pending
internal/dataframe/spec,github.com/calypr/loom/internal/dataframe/spec,spec,domain/library,"Define the backend-independent dataframe request, filter, grain, relationship, and selector language.",doc.go; filter.go; filter_semantics.go; grain.go; relationship_match.go; selector_validation.go; selectors.go,—,—,—,665,0,30,AllowsMany; ArrayQuantifier; Cardinality; Clone; CodeValue; ContainsFilter; DefaultRowIdentity; ExpandsRows; FilterOperator; FilterValue; FilterValueKind; InferRowGrain; IsRequired; OperatorSupportsKind; ParseSelector; ProjectionMode; Required; RootResourceForGrain; RowGrain; RowIdentity; Selector; SelectorCardinality; SelectorStep; TraversalMatchMode; TypedFilter; Valid; Validate; ValidateProjection; ValidateRootGrain; ValidateTypedFilterForResource,generated/fhir; internal/fhir/schema,—,internal/api/graphql/graph/query; internal/dataframe/compiler; internal/dataframe/compiler/capability; internal/dataframe/compiler/ir; internal/dataframe/compiler/lower; internal/dataframe/compiler/render/aql; internal/dataframe/execution; internal/dataframe/semantic; internal/explorer/compilation; internal/server,conformance/compiler; internal/api/graphql/graph/resolver,—,—,legacy=1; compatibility=2,no automatic consolidation signal; perform semantic review,go test ./internal/dataframe/spec,inventory complete; semantic disposition pending
internal/dataset,github.com/calypr/loom/internal/dataset,dataset,domain/library,"Define immutable dataset generation manifests, releases, active pointers, and lifecycle validation.",active_resolver.go; dataframe_selector.go; doc.go; manifest.go; ref.go; release.go; schema.go; validation.go,active_resolver_test.go; manifest_test.go; memory_store_test.go; ref_test.go; release_test.go; schema_test.go,README.md,—,562,451,32,Activate; ActivationRequest; Active; ActiveRelease; ActiveResolver; ContractVerification; Create; DataframeSelector; Error; IsStaged; Key; Manifest; ManifestReader; NewManifest; NewRef; NewSchemaSnapshot; ProjectRelease; PublicationVerification; PublicationVerifier; Ref; ReleasePublication; ReleaseRepository; ReleaseRequirementsError; ReleaseService; ResolveActive; SchemaSnapshot; State; Transition; Unwrap; Valid; Validate; ValidateGeneration,—,—,cmd/arango-fhir-proto; internal/api/bulk/load; internal/api/graphql/graph/query; internal/api/graphql/graph/resolver; internal/dataframe/publication; internal/dataframe/published; internal/dataset/arango; internal/explorer; internal/explorer/arango; internal/explorer/lifecycle; internal/ingest; internal/server,internal/api/graphql/graph,—,4 exported interface(s),legacy=1; compatibility=1,runtime/build signals present; static importer counts are insufficient for deletion,go test ./internal/dataset,inventory complete; semantic disposition pending
internal/dataset/arango,github.com/calypr/loom/internal/dataset/arango,arango,storage adapter,Persist immutable dataset generation lifecycle state in ArangoDB.,collections.go; doc.go; document_codec.go; manifest_lifecycle.go; release_store.go,store_test.go,—,—,731,311,14,Activate; ActiveDocumentKey; BootstrapSpec; CollectionSpecs; CompareAndSwapActivateRelease; CreateManifest; ManifestDocumentKey; New; ReadActiveRelease; ReadManifest; ResolveActiveManifest; SaveRelease; Store; TransitionManifest,internal/dataset; internal/store/arango,internal/dataset; internal/store/arango,cmd/arango-fhir-proto; internal/explorer/arango; internal/ingest; internal/server,—,—,—,compatibility=2,storage adapter; preserve interface and persisted-data contracts,go test ./internal/dataset/arango,inventory complete; semantic disposition pending
internal/explorer,github.com/calypr/loom/internal/explorer,explorer,domain/library,"Define Explorer aggregate identities, configs, revisions, receipts, output contracts, stores, and core service operations.",authoring_errors.go; canonical_json.go; compilation.go; compilation_receipt.go; config_v2.go; identity.go; output_contract.go; service.go; state_v1.go; store.go; types.go; viewer_projection.go,compilation_receipt_test.go; output_contract_test.go; repository_revision_id_test.go; types_test.go,—,—,1727,337,69,ActivateRepositoryGeneration; ActiveRevision; ApplyWorkspaceCommands; AuthoringDiagnostic; AuthoringError; BuildViewerProjection; CompilationArtifactDigest; CompilationKey; CompilationReceipt; CompilationReceiptForExplorer; CompilationWarning; ConfigAction; ConfigChart; ConfigColumn; ConfigExplorer; ConfigFilter; ConfigManagementForID; ConfigTable; ConfigV2; ConfigView; CreateInteractiveFrom; DatasetMetadata; DatasetOutput; DecodePublicOutputContracts; Diagnostic; EmittedColumn; Error; Explorer; ExplorerRuntimeBindingV1; ExplorerRuntimeColumnV1; ExplorerRuntimeOutputV1; ExplorerRuntimeSchemaV1; ExplorerRuntimeTableColumnV1; ExplorerRuntimeTableV1; ExplorerRuntimeV1; ExplorerStateV1; ExplorerStateV1Active; ExplorerStateV1Draft; ExplorerStateV1Generated; ExplorerSummaryV1; FailRevision; FileActions; Get; IdentityMapping; List; LoadExplorerState; ManagementMode; Materialization; NewService; Output; PublicOutputColumn; PublicOutputContract; PublicOutputContracts; PublicationMetadata; PublishAuthoring; ReceiptID; RepositoryRevisionID; Revision; RevisionStatus; Service; SharedFilter; StableExplorerID; Store; StoreCompilationReceipt; Unwrap; UpsertRepositoryV2; Validate; ValidateAgainst; ValidateID,internal/dataframe/publication; internal/dataframe/recipe; internal/dataset; internal/explorer/authoringv2; internal/projectid,internal/dataframe/recipe,cmd/explorer-config-v2-convert; internal/explorer/arango; internal/explorer/compilation; internal/explorer/lifecycle; internal/server,—,—,1 exported interface(s),legacy=11; migration=1; compatibility=2,broad surface (12 production files); inspect cohesion; runtime/build signals present; static importer counts are insufficient for deletion,go test ./internal/explorer,inventory complete; semantic disposition pending
internal/explorer/arango,github.com/calypr/loom/internal/explorer/arango,arango,storage adapter,"Persist Explorer drafts, revisions, receipts, publications, capabilities, and repository state in ArangoDB.",activation.go; capability_snapshot_store.go; codec.go; collections.go; drafts.go; explorers.go; publication.go; receipts.go; repository.go; revisions.go; store.go,capability_snapshot_store_test.go; collections_test.go; receipt_store_test.go; repository_test.go; store_test.go,—,—,917,419,22,ActivateRepositoryGeneration; BootstrapSpec; CapabilitySnapshotCollectionSpec; CapabilitySnapshotStore; CollectionSpecs; Create; FailRevision; Get; GetByIdentity; GetByToken; GetCompilationReceiptForExplorer; GetRevision; InsertCompilationReceipt; InsertRevision; List; MigrateLegacyRepositoryConfigs; New; NewCapabilitySnapshotStore; PublishAuthoring; Put; SaveDraft; Store,internal/dataframe/publication/arango; internal/dataset; internal/dataset/arango; internal/explorer; internal/explorer/authoringv2; internal/explorer/capability; internal/projectid; internal/store/arango,internal/dataframe/recipe; internal/explorer; internal/explorer/capability; internal/store/arango,internal/server,—,—,—,legacy=11; migration=4; compatibility=1,one production importer (internal/server); inspect ownership/inline potential; storage adapter; preserve interface and persisted-data contracts,go test ./internal/explorer/arango,inventory complete; semantic disposition pending
internal/explorer/authoringv2,github.com/calypr/loom/internal/explorer/authoringv2,authoringv2,domain/library,"Define, validate, canonicalize, and mutate the V2 Explorer Builder authoring workspace.",canonical.go; commands.go; semantic_types.go; types.go; validation.go,commands_test.go; types_test.go; workspace_test.go,—,—,1567,341,34,Action; ActionColumn; ApplyCommands; ApplyCommandsRequest; ApplyCommandsResponse; BuilderState; CanonicalJSON; CatalogCandidate; CatalogDiagnostic; CatalogEdge; CatalogNode; CatalogSnapshot; ChartPresentation; Column; ColumnSource; Command; CommandResult; DecodeWorkspace; Digest; Document; ExplorerMetadata; FileActions; FilterPresentation; FixedFilter; NormalizePresentationOrders; Output; RouteNode; RoutePolicy; SharedFilterBinding; Tab; TablePresentation; Validate; ValidateForPublication; Workspace,—,—,cmd/explorer-config-v2-convert; generated/loomapi; internal/explorer; internal/explorer/arango; internal/explorer/compilation; internal/explorer/lifecycle; internal/server,internal/acceptance,—,—,—,no automatic consolidation signal; perform semantic review,go test ./internal/explorer/authoringv2,inventory complete; semantic disposition pending
internal/explorer/capability,github.com/calypr/loom/internal/explorer/capability,capability,domain/library,Build the immutable compiler-backed capability contract exposed to Explorer Builder.,builder.go; domain.go; repository.go,builder_test.go,—,—,801,173,34,Allows; Build; Builder; Candidate; CandidateProof; CanonicalPayload; ChartAggregation; Clone; CompilerCallbacks; Diagnostic; Edge; EdgeProof; Evidence; FieldObservation; FilterOperator; IsUsable; NewBuilder; NewSnapshot; Node; NodeProof; Operation; Policy; ProjectionMode; ProjectionPolicy; RelationshipObservation; Repository; ResourceObservation; RoutePolicy; Snapshot; SnapshotIdentity; Status; Usable; ValidateSnapshot; ValidateToken,—,—,internal/explorer/arango; internal/explorer/compilation; internal/explorer/lifecycle; internal/server,—,—,1 exported interface(s),—,runtime/build signals present; static importer counts are insufficient for deletion,go test ./internal/explorer/capability,inventory complete; semantic disposition pending
internal/explorer/compilation,github.com/calypr/loom/internal/explorer/compilation,compilation,domain/library,Translate validated Explorer authoring intent into native recipe and compilation artifacts.,compile.go; semantic_compile.go,translate_test.go; workspace_test.go,—,—,716,192,8,Compile; CompileWorkspace; Error; PresentationColumn; PresentationConfig; Result; Unwrap; WorkspaceResult,internal/dataframe/recipe; internal/dataframe/spec; internal/explorer; internal/explorer/authoringv2; internal/explorer/capability; internal/fhir/schema,internal/dataframe/recipe; internal/explorer/authoringv2; internal/explorer/capability,internal/explorer/lifecycle; internal/server,—,—,—,—,no automatic consolidation signal; perform semantic review,go test ./internal/explorer/compilation,inventory complete; semantic disposition pending
internal/explorer/lifecycle,github.com/calypr/loom/internal/explorer/lifecycle,lifecycle,domain/library,"Coordinate transport-neutral Explorer authoring, preview, publication, query, and policy operations.",authoring.go; errors.go; policy.go; preview.go; publish.go; query.go; repository_publish.go; service.go; types.go,service_test.go,—,—,1019,298,42,ApplyCommands; AuthorizedCapability; Builder; BuilderRequest; Capability; CapabilityResolver; Clone; CompileReceiptRequest; Config; Create; CreateRequest; Error; ErrorClass; Execution; ExecutionOutput; GenerationValidator; Get; List; ListResult; New; Preview; PreviewRequest; PreviewResult; Publish; PublishRepository; PublishRequest; PublishResult; ReceiptCompiler; ReceiptMaterializer; ReceiptPreviewer; ReceiptReader; Reconcile; ReconcileRequest; ReleaseActivator; ReleasePreparer; RepositoryPublishRequest; RepositoryPublishResult; Service; Suggestions; SuggestionsRequest; SuggestionsResult; Unwrap,internal/authscope; internal/dataframe/execution; internal/dataframe/publication; internal/dataframe/recipe; internal/dataset; internal/explorer; internal/explorer/authoringv2; internal/explorer/capability; internal/explorer/compilation; internal/projectid,internal/authscope; internal/dataframe/execution; internal/dataframe/recipe; internal/dataset; internal/explorer; internal/explorer/authoringv2; internal/explorer/capability,internal/server,—,—,—,legacy=6,one production importer (internal/server); inspect ownership/inline potential,go test ./internal/explorer/lifecycle,inventory complete; semantic disposition pending
internal/fhir/schema,github.com/calypr/loom/internal/fhir/schema,schema,domain/library,"Add handwritten selector, traversal, pivot, and compiler semantics to generated FHIR metadata.",compiler_semantics.go; fields.go; generated_metadata.go; pivots.go; selectors.go; terminal_metadata.go; traversals.go,compiler_semantics_test.go; fields_test.go; pivots_test.go; root_resources_test.go; selectors_test.go; terminal_metadata_test.go; traversals_test.go,—,—,974,374,39,CanonicalPath; CanonicalResourceType; CanonicalizePath; ChoiceValueSelectorOptions; CompilerTraversal; ConcreteResourceType; ContainsFilter; DefaultPivotSpec; DefinitionExists; FieldKind; FieldPredicateSpec; FieldSelectorSpec; FieldSelectorSpecFromPath; FieldSemantics; FieldSpec; FieldsForResource; HasResource; LookupField; LookupTraversal; ParseSelector; PivotSpec; PrimitiveKind; ResolveCompilerTraversal; ResolveFieldSemantics; ResolvePath; ResolveTerminalScalarMetadata; ResolvedPath; ResolvesToCodeableConcept; ResourceSpec; ResourceTypes; Selector; SelectorExpression; SelectorFromField; SelectorStep; TerminalScalarMetadata; TraversalDirection; TraversalMultiplicity; TraversalSpec; ValidatePivotSelectors,generated/fhirschema,—,generated/fhir; internal/api/graphql/graph/query; internal/api/graphql/graph/resolver; internal/catalog; internal/catalog/arango; internal/dataframe/compiler/capability; internal/dataframe/compiler/ir; internal/dataframe/compiler/lower; internal/dataframe/recipe/schema; internal/dataframe/semantic; internal/dataframe/spec; internal/explorer/compilation; internal/ingest,conformance/compiler,—,—,compatibility=1,no automatic consolidation signal; perform semantic review,go test ./internal/fhir/schema,inventory complete; semantic disposition pending
internal/ingest,github.com/calypr/loom/internal/ingest,ingest,domain/library,"Preflight and load FHIR NDJSON into generation-scoped Arango vertices, edges, and catalog facts.",backend.go; doc.go; documents.go; files.go; generated_load.go; generation_identity.go; generation_orchestration.go; generation_workers.go; load_options.go; preflight.go; progress.go; resource_load.go; row_builder.go; source_schema.go,backend_test.go; bench_test.go; documents_test.go; file_pipeline_test.go; files_test.go; generated_load_test.go; generation_identity_test.go; generation_load_test.go; integration_test.go; load_options_test.go; preflight_test.go; row_builder_test.go; source_schema_test.go,—,—,2302,1614,31,ActivationOutcomeError; Build; DiscoverNDJSON; EdgeDocument; EdgeFromGrip; Error; EventSink; GeneratedRowBuilder; GenerationLoadIncompleteError; GenericRowBuilder; IngestionMode; Load; LoadOptions; LoadSummary; NewGeneratedRowBuilder; NewGenericRowBuilder; OpenLineScanner; PreflightError; PreflightFiles; PreflightIssue; PreflightReport; PreflightResource; ResourceTypeFromPath; RowBuilder; RowErrorSample; SanitizeKey; SecondsSince; Unwrap; Valid; VertexDocument; VertexFromFHIRWithExtra,generated/fhir; internal/catalog; internal/catalog/arango; internal/dataset; internal/dataset/arango; internal/fhir/schema; internal/store/arango,generated/fhir; internal/catalog; internal/catalog/arango; internal/dataset; internal/fhir/schema; internal/store/arango,cmd/arango-fhir-proto; internal/api/bulk/load; internal/server,—,github.com/bmeg/jsonschema/v6; github.com/bmeg/jsonschemagraph/graph; github.com/bmeg/jsonschemagraph/model; github.com/bmeg/jsonschemagraph/util; github.com/bytedance/sonic,1 exported interface(s),legacy=1; migration=1; compatibility=1,broad surface (14 production files); inspect cohesion; runtime/build signals present; static importer counts are insufficient for deletion,go test ./internal/ingest,inventory complete; semantic disposition pending
internal/projectid,github.com/calypr/loom/internal/projectid,projectid,domain/library,Define canonical and legacy-compatible public project identity normalization.,projectid.go,projectid_test.go,—,—,51,18,2,Canonical; Legacy,—,—,internal/authscope; internal/explorer; internal/explorer/arango; internal/explorer/lifecycle; internal/server,—,—,—,legacy=5; compatibility=1,small shared semantic contract; compare direct callers before inlining,go test ./internal/projectid,inventory complete; semantic disposition pending
internal/server,github.com/calypr/loom/internal/server,server,domain/library,"Compose storage, domain services, generated OpenAPI handlers, GraphQL adapters, and HTTP routes.",auth_wiring.go; explain_wiring.go; explorer_authoring_http.go; explorer_capability.go; explorer_config_route.go; explorer_lifecycle_helpers.go; explorer_lifecycle_wire.go; explorer_preview_response.go; explorer_preview_security.go; explorer_publication.go; explorer_receipt_contract.go; openapi_data_routes.go; openapi_explorer_authoring_direct.go; openapi_explorer_conversion.go; openapi_explorer_direct.go; openapi_explorer_routes.go; openapi_graphql_routes.go; openapi_recipe_execution.go; openapi_routes.go; options.go; recipe_authorization.go; recipe_discovery.go; recipe_publication.go; release_verifier.go; routes.go; server.go,config_test.go; explorer_capability_test.go; explorer_config_route_test.go; explorer_preview_response_test.go; explorer_preview_security_test.go; explorer_receipt_contract_test.go; explorer_state_route_test.go; http_test_helpers_test.go; openapi_explorer_direct_test.go; openapi_recipe_execution_test.go; openapi_route_inventory_test.go; openapi_test_helpers_test.go; recipe_discovery_test.go; release_verifier_test.go; routes_test.go; wiring_test.go,—,—,3673,1977,49,ActivateDatasetGeneration; ApplyExplorerBuilderCommands; AuthConfig; AuthorizeRead; AuthorizeWrite; BasicAuthConfig; CalyprAuthConfig; ClickHouseConfig; Config; CreateDatasetGeneration; CreateExplorer; DataframerConfig; DefaultConfig; Error; ExecuteDataframeGraphQL; ExecuteGraphQL; Fields; Finish; GetApolloSandbox; GetExplorer; GetExplorerAuthoringCapability; GetExplorerBuilder; GetGraphQLPlayground; GetHealth; GetLiveness; GetReadiness; GetRecipeExecution; HTTPRoutes; ListExplorers; LoadConfig; PreviewExplorer; ProbeCandidate; ProbeEdge; ProbeNode; PublishExplorer; PublishRepositoryExplorerConfig; ReconcileExplorerBuilder; Resolve; ResolveForCompilation; ResolveForExecution; ResolveToken; Run; SearchExplorerCandidates; ServerConfig; Unwrap; Validate; VerifyPublication; Visit; Write,generated/loomapi; internal/api/bulk/load; internal/api/graphql/graph; internal/api/graphql/graph/query; internal/api/graphql/graph/resolver; internal/api/http; internal/authscope; internal/catalog; internal/catalog/arango; internal/dataframe/compiler/capability; internal/dataframe/compiler/ir; internal/dataframe/compiler/lower; internal/dataframe/errors; internal/dataframe/execution; internal/dataframe/publication; internal/dataframe/publication/arango; internal/dataframe/publication/clickhouse; internal/dataframe/published; internal/dataframe/recipe; internal/dataframe/recipe/exec; internal/dataframe/recipe/exec/arango; internal/dataframe/recipe/schema; internal/dataframe/spec; internal/dataset; internal/dataset/arango; internal/explorer; internal/explorer/arango; internal/explorer/authoringv2; internal/explorer/capability; internal/explorer/compilation; internal/explorer/lifecycle; internal/ingest; internal/projectid; internal/store/arango; internal/store/clickhouse,generated/loomapi; internal/api/bulk/load; internal/api/graphql/graph/resolver; internal/api/http; internal/authscope; internal/catalog; internal/dataframe/compiler/ir; internal/dataframe/compiler/lower; internal/dataframe/errors; internal/dataframe/execution; internal/dataframe/publication; internal/dataframe/recipe; internal/dataframe/recipe/exec; internal/dataframe/recipe/schema; internal/dataset; internal/explorer; internal/explorer/authoringv2; internal/explorer/capability; internal/explorer/compilation; internal/explorer/lifecycle; internal/ingest,.; cmd/arango-fhir-server,—,github.com/gofiber/fiber/v3; go.yaml.in/yaml/v3; golang.org/x/sync/singleflight,—,legacy=35; migration=1,broad surface (26 production files); inspect cohesion,go test ./internal/server,inventory complete; semantic disposition pending
internal/store/arango,github.com/calypr/loom/internal/store/arango,arango,storage adapter,"Provide the low-level typed ArangoDB client, query streaming, profiling, and Explain assessment boundary.",client.go; explain.go; explain_assessment.go; explain_client.go; options.go; profile.go; profile_client.go; types.go,client_queryrows_test.go; explain_assessment_test.go; explain_client_test.go; explain_test.go; profile_client_test.go; profile_integration_test.go; profile_test.go,—,—,1118,860,53,AQLExecutor; AssessExplainResult; BatchInserter; Bootstrap; BootstrapSpec; Client; Close; CollectionExists; CollectionSpec; ConnectionOptions; ExecuteAQL; Explain; ExplainAssessment; ExplainCollection; ExplainCollectionScan; ExplainIndex; ExplainIndexLocation; ExplainIndexSummary; ExplainIndexUse; ExplainIndexes; ExplainNode; ExplainOptions; ExplainPlan; ExplainPlanEstimate; ExplainRequest; ExplainResult; ExplainStats; ExplainWarning; InsertBatchRaw; Open; OptimizerOptions; ParseExplainResult; ParseProfileResult; Profile; ProfileExtra; ProfileNode; ProfileNodeGroup; ProfileNodeSummary; ProfileOptions; ProfilePhases; ProfileRequest; ProfileResult; ProfileStats; ProfileSummary; QueryRows; RowBatchClient; RowQueryer; RowVisitor; SummarizeProfile; TransactionCollections; TransactionFunc; UnmarshalJSON; WithTransaction,—,—,cmd/arango-fhir-proto; cmd/dataframe-profile; internal/acceptance; internal/catalog/arango; internal/dataframe/execution; internal/dataframe/publication/arango; internal/dataframe/recipe/exec/arango; internal/dataset/arango; internal/explorer/arango; internal/ingest; internal/server,conformance/compiler,github.com/arangodb/go-driver/v2/arangodb; github.com/arangodb/go-driver/v2/arangodb/shared; github.com/arangodb/go-driver/v2/connection; github.com/arangodb/go-driver/v2/utils,4 exported interface(s),—,storage adapter; preserve interface and persisted-data contracts; runtime/build signals present; static importer counts are insufficient for deletion,go test ./internal/store/arango,inventory complete; semantic disposition pending
internal/store/clickhouse,github.com/calypr/loom/internal/store/clickhouse,clickhouse,storage adapter,Provide the low-level typed ClickHouse connection and database-management boundary.,client.go,client_test.go; integration_test.go,—,—,557,256,15,AddColumn; Client; Close; Column; CreateTable; DropColumns; DropTable; EnsureDatabase; InsertRows; New; Options; Ping; QueryRowsArgs; QueryRowsArgsVisit; VerifyOutput,—,—,internal/acceptance; internal/dataframe/publication/clickhouse; internal/server,internal/dataframe/published,github.com/ClickHouse/clickhouse-go/v2; github.com/ClickHouse/clickhouse-go/v2/lib/driver,—,—,storage adapter; preserve interface and persisted-data contracts,go test ./internal/store/clickhouse,inventory complete; semantic disposition pending
